mandal_name,district_name,sensor_count,latest_sensor_date,median_groundwater_mbgl,avg_groundwater_mbgl,groundwater_percentile,rootzone_percentile,surface_percentile,sensor_satellite_agreement,confidence_score,confidence_label,status,recommended_action,data_quality_notes,boundary_source,boundary_official_flag
DHARMAVARAM,ANANTAPUR,1,2026-05-11,21.3,21.3,98.82,94.29,92.46,strong_disagreement,40,Verify,verify,Prioritize field verification because sensor readings and satellite/model signal disagree.,mock groundwater input; no official boundary claim; public prototype boundary; prototype-only output; no official APWRIMS claim,public_prototype,False
TADPATRI,ANANTAPUR,1,2026-05-14,18.6,18.6,100.0,98.09,95.82,strong_disagreement,40,Verify,verify,Prioritize field verification because sensor readings and satellite/model signal disagree.,mock groundwater input; no official boundary claim; public prototype boundary; prototype-only output; no official APWRIMS claim,public_prototype,False
MADANAPALLE,CHITTOOR,1,2026-05-13,16.2,16.2,91.59,75.45,84.92,strong_disagreement,40,Verify,verify,Prioritize field verification because sensor readings and satellite/model signal disagree.,mock groundwater input; no official boundary claim; public prototype boundary; prototype-only output; no official APWRIMS claim,public_prototype,False
PALAMANER,CHITTOOR,1,2026-04-20,14.8,14.8,93.85,72.25,63.26,partial_or_neutral,35,Low,insufficient_or_stale_data,Collect additional recent station readings before operational interpretation. Do not treat as official until APWRIMS/APSAC/RTGS boundaries are supplied.,mock groundwater input; no official boundary claim; public prototype boundary; prototype-only output; no official APWRIMS claim,public_prototype,False
MANGALAGIRI,GUNTUR,1,2026-05-18,9.4,9.4,100.0,94.47,83.09,partial_or_neutral,35,Low,insufficient_or_stale_data,Collect additional recent station readings before operational interpretation. Do not treat as official until APWRIMS/APSAC/RTGS boundaries are supplied.,mock groundwater input; no official boundary claim; public prototype boundary; prototype-only output; no official APWRIMS claim,public_prototype,False
TENALI,GUNTUR,1,2026-05-15,7.8,7.8,98.9,86.46,72.3,partial_or_neutral,35,Low,insufficient_or_stale_data,Collect additional recent station readings before operational interpretation. Do not treat as official until APWRIMS/APSAC/RTGS boundaries are supplied.,mock groundwater input; no official boundary claim; public prototype boundary; prototype-only output; no official APWRIMS claim,public_prototype,False
AVANIGADDA,KRISHNA,1,2026-04-28,4.7,4.7,100.0,96.7,82.75,agree_normal_or_wet,35,Low,insufficient_or_stale_data,Collect additional recent station readings before operational interpretation. Do not treat as official until APWRIMS/APSAC/RTGS boundaries are supplied.,mock groundwater input; no official boundary claim; public prototype boundary; prototype-only output; no official APWRIMS claim,public_prototype,False
GUDIVADA,KRISHNA,1,2026-05-16,5.9,5.9,100.0,94.73,85.61,agree_normal_or_wet,35,Low,insufficient_or_stale_data,Collect additional recent station readings before operational interpretation. Do not treat as official until APWRIMS/APSAC/RTGS boundaries are supplied.,mock groundwater input; no official boundary claim; public prototype boundary; prototype-only output; no official APWRIMS claim,public_prototype,False
ANAKAPALLE,VISAKHAPATNAM,1,2026-05-17,6.5,6.5,96.92,96.52,98.9,partial_or_neutral,35,Low,insufficient_or_stale_data,Collect additional recent station readings before operational interpretation. Do not treat as official until APWRIMS/APSAC/RTGS boundaries are supplied.,mock groundwater input; no official boundary claim; public prototype boundary; prototype-only output; no official APWRIMS claim,public_prototype,False
BHEEMUNIPATNAM,VISAKHAPATNAM,1,2026-05-10,8.1,8.1,100.0,97.8,100.0,partial_or_neutral,35,Low,insufficient_or_stale_data,Collect additional recent station readings before operational interpretation. Do not treat as official until APWRIMS/APSAC/RTGS boundaries are supplied.,mock groundwater input; no official boundary claim; public prototype boundary; prototype-only output; no official APWRIMS claim,public_prototype,False
