mandal_name,district_name,sensor_count,latest_sensor_date,median_groundwater_mbgl,avg_groundwater_mbgl,groundwater_percentile,rootzone_percentile,surface_percentile,rainfall_mm,annual_et_mm,water_balance_mm,water_balance_status,sensor_satellite_agreement,confidence_score,confidence_label,status,recommended_action,data_quality_notes,boundary_source,boundary_official_flag
DHARMAVARAM,ANANTAPUR,1,2026-05-11,21.3,21.3,98.82,94.29,92.46,15.8,788.2,42.3,Deficit,strong_disagreement,40,Verify,verify,Prioritize field verification because sensor readings and satellite/model signal disagree.,mock groundwater input; no official boundary claim; public prototype boundary; prototype-only output; no official APWRIMS claim,public_prototype,False
TADPATRI,ANANTAPUR,1,2026-05-14,18.6,18.6,100.0,98.09,95.82,11.0,712.9,45.5,Deficit,strong_disagreement,40,Verify,verify,Prioritize field verification because sensor readings and satellite/model signal disagree.,mock groundwater input; no official boundary claim; public prototype boundary; prototype-only output; no official APWRIMS claim,public_prototype,False
MADANAPALLE,CHITTOOR,1,2026-05-13,16.2,16.2,91.59,75.45,84.92,22.3,674.4,-11.6,Deficit,strong_disagreement,40,Verify,verify,Prioritize field verification because sensor readings and satellite/model signal disagree.,mock groundwater input; no official boundary claim; public prototype boundary; prototype-only output; no official APWRIMS claim,public_prototype,False
PALAMANER,CHITTOOR,1,2026-04-20,14.8,14.8,93.85,72.25,63.26,17.4,782.9,-2.6,Deficit,partial_or_neutral,35,Low,insufficient_or_stale_data,Collect additional recent station readings before operational interpretation. Do not treat as official until APWRIMS/APSAC/RTGS boundaries are supplied.,mock groundwater input; no official boundary claim; public prototype boundary; prototype-only output; no official APWRIMS claim,public_prototype,False
MANGALAGIRI,GUNTUR,2,2026-05-21,9.2,9.2,100.0,94.47,83.09,21.4,944.8,279.0,Surplus,partial_or_neutral,65,Medium,monitor,Review recent station readings and nearby field reports. Do not treat as official until APWRIMS/APSAC/RTGS boundaries are supplied.,mock groundwater input; no official boundary claim; public prototype boundary; prototype-only output; no official APWRIMS claim,public_prototype,False
TENALI,GUNTUR,2,2026-05-22,5.6,5.6,98.9,86.46,72.3,16.7,920.6,414.3,Surplus,agree_normal_or_wet,85,High,normal_watch,Escalate for APWRIMS/AWARE review if official inputs confirm the same pattern. Do not treat as official until APWRIMS/APSAC/RTGS boundaries are supplied.,mock groundwater input; no official boundary claim; public prototype boundary; prototype-only output; no official APWRIMS claim,public_prototype,False
AVANIGADDA,KRISHNA,2,2026-05-19,4.9,4.9,100.0,96.7,82.75,12.3,1027.3,466.9,Surplus,agree_normal_or_wet,85,High,normal_watch,Escalate for APWRIMS/AWARE review if official inputs confirm the same pattern. Do not treat as official until APWRIMS/APSAC/RTGS boundaries are supplied.,mock groundwater input; no official boundary claim; public prototype boundary; prototype-only output; no official APWRIMS claim,public_prototype,False
GUDIVADA,KRISHNA,2,2026-05-23,5.55,5.55,100.0,94.73,85.61,15.7,986.2,364.4,Surplus,agree_normal_or_wet,85,High,normal_watch,Escalate for APWRIMS/AWARE review if official inputs confirm the same pattern. Do not treat as official until APWRIMS/APSAC/RTGS boundaries are supplied.,mock groundwater input; no official boundary claim; public prototype boundary; prototype-only output; no official APWRIMS claim,public_prototype,False
ANAKAPALLE,VISAKHAPATNAM,2,2026-05-20,5.9,5.9,98.46,96.75,99.22,22.5,1068.0,429.9,Surplus,agree_normal_or_wet,85,High,normal_watch,Escalate for APWRIMS/AWARE review if official inputs confirm the same pattern. Do not treat as official until APWRIMS/APSAC/RTGS boundaries are supplied.,mock groundwater input; no official boundary claim; public prototype boundary; prototype-only output; no official APWRIMS claim,public_prototype,False
BHEEMUNIPATNAM,VISAKHAPATNAM,2,2026-05-18,7.85,7.85,100.0,97.8,100.0,18.5,1021.2,445.0,Surplus,partial_or_neutral,65,Medium,monitor,Review recent station readings and nearby field reports. Do not treat as official until APWRIMS/APSAC/RTGS boundaries are supplied.,mock groundwater input; no official boundary claim; public prototype boundary; prototype-only output; no official APWRIMS claim,public_prototype,False
