former_district,jjm_block,boundary_index,our_name,basis
Ananthapuramu,Atmakur,559,ATMAKUR,same name in three districts; placed by location (14.62N 77.42E)
Ananthapuramu,Kalyandrug,558,KALYANDURG,spelling
Ananthapuramu,Nambulapulikunta,578,NAMBULIPULIKUNTA,spelling
Ananthapuramu,Obuladevarecheruvu,595,OBULADEVARACHERUVU,spelling
Ananthapuramu,Tadipatri,550,TADPATRI,spelling
Chittoor,Buchinadidu Khandriga,617,BUCHINAIDU KANDRIGA,spelling
Chittoor,Gangavaram,654,GANGAVARAM,same name in two districts; placed by location (13.23N 78.74E)
Chittoor,Piler,623,PILERU,spelling
Chittoor,Pitchatur,638,PICHATUR,spelling
Chittoor,Pulicherla H/o Reddivaripalle,632,PULICHERLA,spelling
Chittoor,Ramachandrapuram,635,RAMACHANDRAPURAM,same name in two districts; placed by location (13.54N 79.40E)
Chittoor,Rompicherla,610,ROMPICHERLA,same name in two districts; placed by location (13.69N 79.03E)
Chittoor,Santhipuram Ho Arimuthanapalle,662,SANTHIPURAM,spelling
Chittoor,Yadamari,667,YADAMARRI,spelling
East Godavari,Chintoor,117,CHINTUR,spelling
East Godavari,Gangavaram,129,GANGAVARAM,same name in two districts; placed by location (17.41N 81.93E)
East Godavari,Pamarru,164,PAMARRU,same name in two districts; placed by location (16.73N 82.06E)
East Godavari,Prathipadu,135,PRATHIPADU,same name in two districts; placed by location (17.30N 82.25E)
East Godavari,Ramachandrapuram,159,RAMACHANDRAPURAM,same name in two districts; placed by location (16.82N 82.05E)
East Godavari,Routhulapudi,126,ROWTHULAPUDI,spelling
East Godavari,Seethanagaram,131,SEETHANAGARAM,same name in two districts; placed by location (17.17N 81.71E)
East Godavari,U.kothapalle,147,KOTHAPALLE,same name in two districts; placed by location (17.10N 82.32E)
Guntur,Atchempet,287,ATCHAMPET,spelling
Guntur,Chebrole,316,CHEBROLU,spelling
Guntur,Cherukupalle,327,CHERUKUPALLE H/O ARUMBAKA,spelling
Guntur,Chilakaluripet,307,CHILAKALURIPET H/O.PURUSHOTH*,spelling
Guntur,Narasaraopeta,304,NARASARAOPET,spelling
Guntur,Prathipadu,318,PRATHIPADU,same name in two districts; placed by location (16.18N 80.34E)
Guntur,Rajupalem,296,RAJUPALEM,same name in two districts; placed by location (16.42N 79.99E)
Guntur,Rompicherla,303,ROMPICHERLA,same name in two districts; placed by location (16.23N 79.92E)
Guntur,Savalyapuram,301,SAVALYAPURAM H/O KANAMARLAPUDI,spelling
Guntur,Veldurthy,278,VELDURTHI,same name in two districts; placed by location (16.32N 79.30E)
Krishna,Agiripalli,242,AGIRIPALLE,spelling
Krishna,Challapalli,272,CHALLAPALLE,spelling
Krishna,Kruttivennu,255,KRUTHIVENNU,spelling
Krishna,Mylavaram,232,MYLAVARAM,same name in two districts; placed by location (16.80N 80.64E)
Krishna,Pamarru,265,PAMARRU,same name in two districts; placed by location (16.32N 80.97E)
Krishna,Unguturu,250,UNGUTURU,same name in two districts; placed by location (16.52N 80.88E)
Kurnool,Atmakur,502,ATMAKUR,same name in three districts; placed by location (15.92N 78.72E)
Kurnool,Dhone Alias Dronachalam,526,DHONE,spelling
Kurnool,Gudur,494,GUDUR,same name in two districts; placed by location (15.79N 77.81E)
Kurnool,Koilakuntla,533,KOILKUNTLA,spelling
Kurnool,Kothapalle,500,KOTHAPALLE,same name in two districts; placed by location (15.98N 78.48E)
Kurnool,Peapully,531,PEAPALLY,spelling
Kurnool,Peddakadabur,490,PEDDA KADUBUR,spelling
Kurnool,Sirivel,523,SIRVEL,spelling
Kurnool,Veldurthi,515,VELDURTHI,same name in two districts; placed by location (15.53N 77.96E)
Kurnool,Velugodu,519,VELGODE,spelling
Prakasam,Bestavaripeta,368,BESTAWARIPETA,spelling
Prakasam,Giddaluru,370,GIDDALUR,spelling
Prakasam,Janakavaram Ponguluru,348,JANAKAVARAMPANGULURU,spelling
Prakasam,Konakanamittla,356,KONAKANAMITLA,spelling
Prakasam,Tallur,358,THALLUR,spelling
Prakasam,Yddana Pudi,344,YEDDANA PUDI,spelling
Sri Potti Sriramulu Nellore,Atmakur,401,ATMAKUR,same name in three districts; placed by location (14.67N 79.57E)
Sri Potti Sriramulu Nellore,Butchireddipalem,407,BUCHIREDDIPALEM,spelling
Sri Potti Sriramulu Nellore,Gudur,421,GUDUR,same name in two districts; placed by location (14.14N 79.81E)
Sri Potti Sriramulu Nellore,Kondapuram,393,KONDAPURAM,same name in two districts; placed by location (14.97N 79.67E)
Sri Potti Sriramulu Nellore,Naidupeta,431,NAIDUPET,spelling
Sri Potti Sriramulu Nellore,Nellore Rural,414,NELLORE,the map draws Nellore as one mandal
Sri Potti Sriramulu Nellore,Ozili,426,OJILI,spelling
Srikakulam,Ichapuram,9,ICHCHAPURAM,spelling
Srikakulam,Kotabommili,22,KOTABOMMALI,spelling
Srikakulam,Kotturu,3,KOTHURU,spelling
Srikakulam,L.n Peta,18,LAKSHMINARSUPETA,abbreviation (Lakshminarasupeta)
Srikakulam,Santhakavati,26,SANTHAKAVITI,spelling
Srikakulam,Vajrapukotturu,12,VAJRAPUKOTHURU,spelling
Visakhapatnam,Achutapuram,109,ATCHUTAPURAM,spelling
Visakhapatnam,Devarapalle,90,DEVARAPALLE,same name in two districts; placed by location (17.98N 82.94E)
Visakhapatnam,Yelamanchili,110,YELAMANCHILI,same name in two districts; placed by location (17.54N 82.82E)
Vizianagaram,Bhoghapuram,71,BHOGAPURAM,spelling
Vizianagaram,Seethanagaram,45,SEETHANAGARAM,same name in two districts; placed by location (18.65N 83.40E)
West Godavari,Devarapalle,194,DEVARAPALLE,same name in two districts; placed by location (17.02N 81.53E)
West Godavari,Elamanchili,226,YELAMANCHILI,same name in two districts; placed by location (16.46N 81.77E)
West Godavari,Kukkunur,180,KUKUNOOR,spelling
West Godavari,Narsapur,224,NARASAPURAM,spelling
West Godavari,Palakoderu,214,PALACODERU,spelling
West Godavari,Thallapudi,187,TALLAPUDI,spelling
West Godavari,Unguturu,199,UNGUTURU,same name in two districts; placed by location (16.84N 81.41E)
West Godavari,Velairpad,179,VELAIRPADU,spelling
Y.s.r.,Brahmamgarimatham.,442,BRAHMAMGARIMATTAM,spelling
Y.s.r.,Chapadu,450,CHAPAD,spelling
Y.s.r.,Chintakomma Dinne,468,CHINTHAKOMMADINNE,spelling
Y.s.r.,Kondapuram,436,KONDAPURAM,same name in two districts; placed by location (14.81N 78.16E)
Y.s.r.,Mydukur,441,S.MYDUKUR,spelling
Y.s.r.,Mylavaram,437,MYLAVARAM,same name in two districts; placed by location (14.92N 78.28E)
Y.s.r.,Rajupalem,439,RAJUPALEM,same name in two districts; placed by location (14.87N 78.55E)
Y.s.r.,Rayachoty,476,RAYACHOTI,spelling
Y.s.r.,Sri Avadutha Kasinayana,443,SRI AVADHUTHA KASINAYANA,spelling
Y.s.r.,Veeraballi,479,VEERABALLE,spelling
Y.s.r.,Veerapanayani Palle,459,VEERAPUNAYUNIPALLE,spelling
