mandal_uuid,district,mandal,boundary_index,boundary_district,boundary_mandal,official_name,official_outline_iou
7ec14913-ffee-49c8-9e65-e9731d297dd0,Annamayya,MANDAPALLE,629,ANNAMAYYA,MADANAPALLE,Madanapalle,0.89
5d8ceb6f-4d12-4ec5-bbb2-61cd17e68c01,Krishna,Pamarru,265,KRISHNA,PAMARRU,Pamarru,0.81
c4e64dc6-79b6-48c7-b273-7d0b2cb7d17f,Y.S.R Kadapa,THANDUR,458,Y.S.R KADAPA,THONDUR,Thondur,0.81
1c291902-8518-4eac-9b21-b268e5b91fac,West Godavari,AKIVEEDU,212,WEST GODAVARI,AKIVIDU,Akividu,0.76
04479a49-6e02-44a2-b5ba-d7dcf1c96957,Polavaram,Yetpaka,115,ELURU,NELLIPAKA,Yetapaka,0.84
cce9074b-d78b-470e-b26b-aff8f480efeb,Y.S.R Kadapa,Y.S.R.Kadapa,467,Y.S.R KADAPA,KADAPA,Y.S.R.Kadapa,0.77
c91349a1-9a74-4fa8-97f9-5abd3ea58940,Palnadu,Chilakaluripet,307,BAPATLA,CHILAKALURIPET H/O.PURUSHOTH*,Chilakaluripet,0.83
c575a7e5-202c-488d-9d65-8bc1477d5470,Bapatla,Cherukupalle,327,BAPATLA,CHERUKUPALLE H/O ARUMBAKA,Cherukupalle,0.71
e1a0e8ec-fffd-4969-b92e-2089f8d37c88,Palnadu,Savalyapuram,301,PRAKASAM,SAVALYAPURAM H/O KANAMARLAPUDI,Savalyapuram,0.84
64a84a16-fd85-4ab5-a9ea-3a95f6935564,Konaseema,Kotipalli Gangavaram,164,KRISHNA,PAMARRU,Kotipalli Gangavaram,0.71
