district,mandal,extractable_ham,irrigation_ham,total_extraction_ham,stage_pct,category
Parvathipuram Manyam,MAKKUVA,6527.27,1733.02,1785.11,27.35,safe
Parvathipuram Manyam,VEERAGHATTAM,3559.01,829.23,1060.53,29.8,safe
Parvathipuram Manyam,BHAMINI,3795.51,581.23,803.64,21.17,safe
Parvathipuram Manyam,PARVATHIPURAM,7046.67,1529.01,1618.73,22.97,safe
Parvathipuram Manyam,GARUGUBILLI,4019.78,1489.77,1529.85,38.06,safe
Parvathipuram Manyam,JIYYAMMA VALASA,4005.24,1443.9,1489.63,37.19,safe
Parvathipuram Manyam,SALUR,5720.05,2776.6,2858.47,49.97,safe
Parvathipuram Manyam,BALIJIPETA,13050.23,1906.22,1940.01,14.87,safe
Parvathipuram Manyam,KURUPAM,5609.98,610.77,691.24,12.32,safe
Parvathipuram Manyam,KOMARADA,5692.33,3061.49,3159.3,55.5,safe
Parvathipuram Manyam,GUMMALAKSHMIPURAM,2930.21,74.65,169.74,5.79,safe
Parvathipuram Manyam,PACHIPENTA,3334.17,1725.06,1797.86,53.92,safe
Parvathipuram Manyam,SEETHANAGARAM (MANYAM),13907.41,1600.99,1645.52,11.83,safe
Parvathipuram Manyam,PALAKONDA,3815.63,533.26,741.59,19.44,safe
Parvathipuram Manyam,SEETHAMPETA,3858.47,120.48,504.11,13.07,safe
Alluri Sitharama Raju,MAREDUMILLI,3535.33,9.58,34.72,0.98,safe
Alluri Sitharama Raju,CHINTUR,10831.89,49.18,113.19,1.04,safe
Alluri Sitharama Raju,PEDABAYALU,9226.41,112.45,173.2,1.88,safe
Alluri Sitharama Raju,RAMPACHODAVARAM,6327.6,34.56,79.57,1.26,safe
Alluri Sitharama Raju,Y RAMAVARAM,6157.57,2.52,41.02,0.67,safe
Alluri Sitharama Raju,ADDATEEGALA,5447.72,26.56,74.5,1.37,safe
Alluri Sitharama Raju,DEVIPATNAM,5863.69,43.68,71.04,1.21,safe
Alluri Sitharama Raju,GANGAVARAM (EAST GODAVARI),5992.99,11.09,48.03,0.8,safe
Alluri Sitharama Raju,KUNAVARAM,2121.38,8.57,38.19,1.8,safe
Alluri Sitharama Raju,NELLIPAKA,4142.08,71.53,113.98,2.75,safe
Alluri Sitharama Raju,RAJAVOMMANGI,6237.94,16.63,63.56,1.02,safe
Alluri Sitharama Raju,VARARAMACHANDRAPU R,4374.54,12.6,60.35,1.38,safe
Alluri Sitharama Raju,ANANTHAGIRI,7235.13,13.61,91.38,1.26,safe
Alluri Sitharama Raju,ARAKU VALLEY,8249.07,13.1,80.88,0.98,safe
Alluri Sitharama Raju,CHINTAPALLE,7412.2,16.6,116.9,1.58,safe
Alluri Sitharama Raju,DUMBRIGUDA,7977.6,52.42,130.11,1.63,safe
Alluri Sitharama Raju,GANGARAJU MADUGULA,7259.19,15.12,73.64,1.01,safe
Alluri Sitharama Raju,GUDEM KOTHAVEEDHI,7033.95,3.02,135.39,1.92,safe
Alluri Sitharama Raju,HUKUMPETA,11522.74,7.06,69.14,0.6,safe
Alluri Sitharama Raju,KOYYURU,7323.71,28.22,127.1,1.74,safe
Alluri Sitharama Raju,MUNCHINGIPUTTU,7712.54,0.0,90.14,1.17,safe
Alluri Sitharama Raju,PADERU,8327.12,29.23,412.99,4.96,safe
Ananthapuramu,YADIKI,3221.62,1173.59,1313.62,40.78,safe
Ananthapuramu,ANANTAPUR RURAL,2936.98,408.89,568.34,19.35,safe
Ananthapuramu,RAYADURG,3492.0,1223.35,1331.92,38.14,safe
Ananthapuramu,VAJRAKARUR,4353.62,603.33,735.37,16.89,safe
Ananthapuramu,BRAHMASAMUDRAM,3940.39,1075.29,1157.51,29.38,safe
Ananthapuramu,SINGANAMALA,4644.96,1283.06,1483.57,31.94,safe
Ananthapuramu,D HIRCHAL,3906.04,1293.77,1476.37,37.8,safe
Ananthapuramu,GUNTAKAL,3291.85,844.4,1326.92,40.31,safe
Ananthapuramu,GOOTY,3442.99,620.43,786.9,22.86,safe
Ananthapuramu,PEDDAVADUGUR,2760.65,626.85,753.39,27.29,safe
Ananthapuramu,KUDAIR,3113.73,1566.47,1617.41,51.94,safe
Ananthapuramu,YELLANUR,3170.26,1950.82,2072.65,65.38,safe
Ananthapuramu,SETTUR,2651.24,770.68,824.3,31.09,safe
Ananthapuramu,TADPATRI,4596.74,1849.69,2574.29,56.0,safe
Ananthapuramu,GARLADINNE,3907.76,2473.57,2579.26,66.0,safe
Ananthapuramu,ANANTAPUR URBAN,526.68,108.75,141.21,26.81,safe
Ananthapuramu,URAVAKONDA,4816.94,602.81,776.63,16.12,safe
Ananthapuramu,PEDDAPAPPUR,3091.29,1517.31,1651.75,53.43,safe
Ananthapuramu,ATMAKUR,2698.45,1008.28,1051.56,38.97,safe
Ananthapuramu,BELUGUPPA,3652.03,980.57,1064.45,29.15,safe
Ananthapuramu,BOMMANAHAL,6784.37,972.4,1080.66,15.93,safe
Ananthapuramu,BUKKARAYASAMUDRAM,2977.53,1402.2,1578.3,53.01,safe
Ananthapuramu,GUMMAGATTA,2499.35,1335.21,1399.7,56.0,safe
Ananthapuramu,KALYANDURG,4932.87,1304.44,1450.71,29.41,safe
Ananthapuramu,KAMBADUR,3362.01,981.6,1110.49,33.03,safe
Ananthapuramu,KANEKAL,7317.47,746.17,876.83,11.98,safe
Ananthapuramu,KUNDURPI,2632.35,1057.54,1157.79,43.98,safe
Ananthapuramu,NARPALA,2917.75,2047.96,2138.14,73.28,semi_critical
Ananthapuramu,PAMIDI,2661.11,784.35,887.46,33.35,safe
Ananthapuramu,PUTLUR,3247.78,2058.78,2126.09,65.46,safe
Ananthapuramu,RAPTADU,3081.69,1063.71,1182.14,38.36,safe
Ananthapuramu,VIDAPANAKAL,5243.79,576.49,650.7,12.41,safe
Visakhapatnam,GOPALAPATNAM,437.23,0.0,185.96,42.53,safe
Visakhapatnam,BHEEMUNIPATNAM,2509.81,670.03,1428.62,56.92,safe
Visakhapatnam,MULAGADA,701.76,0.0,104.48,14.89,safe
Visakhapatnam,PEDDAGANTYADA,96.57,0.0,83.54,86.51,semi_critical
Visakhapatnam,VISAKHAPATNAM RURAL,254.62,34.93,208.65,81.95,semi_critical
Visakhapatnam,GAJUWAKA,556.6,0.0,359.22,64.54,safe
Visakhapatnam,ANANDAPURAM,2893.31,881.61,921.3,31.84,safe
Visakhapatnam,MAHARANIPETA,978.0,24.8,700.94,71.67,semi_critical
Visakhapatnam,PENDURTHI,505.26,243.93,252.08,49.89,safe
Visakhapatnam,PADMANABHAM,2942.69,1025.27,1038.3,35.28,safe
Visakhapatnam,SEETHAMMADHARA,114.76,0.0,99.11,86.36,semi_critical
Prakasam,PEDACHERLOPALLE,2444.22,962.6,1066.28,43.62,safe
Prakasam,BESTAVARIPETA,2591.32,746.9,841.69,32.48,safe
Prakasam,KONAKANAMITLA,3529.96,1086.7,1224.8,34.7,safe
Prakasam,PULLALACHERUVU,1904.46,3514.3,3657.06,192.03,over_exploited
Prakasam,CHADRASEKARAPURAM,3158.55,675.18,789.6,25.0,safe
Prakasam,MARKAPUR,2201.62,1828.05,1973.53,89.64,semi_critical
Prakasam,KURICHEDU,1461.99,489.4,587.43,40.18,safe
Prakasam,NAGULUPPALAPADU,2721.65,151.76,311.19,11.43,safe
Prakasam,VELIGANDLA,3685.65,408.83,484.53,13.15,safe
Prakasam,KANIGIRI,4765.97,1261.95,1521.16,31.92,safe
Prakasam,SINGARAYAKONDA,1949.33,66.39,269.82,13.84,safe
Prakasam,ZARUGUMILLI,1971.27,348.16,470.17,23.85,safe
Prakasam,SANTHANUTHLAPADU,2165.53,986.05,1208.43,55.8,safe
Prakasam,GIDDALURU,2419.99,1937.14,2069.03,85.5,semi_critical
Prakasam,MUNDLAMURU,2334.25,1315.94,1438.04,61.61,safe
Prakasam,TRIPURANTHAKAM,1788.83,1328.51,1465.13,81.9,semi_critical
Prakasam,PONNALURU,2736.88,318.84,439.47,16.06,safe
Prakasam,DORNALA,2451.18,1513.1,1621.4,66.15,safe
Prakasam,PODILI,3226.51,1493.67,1662.65,51.53,safe
Prakasam,HANUMANTHUNIPADU,2234.03,568.85,655.64,29.35,safe
Prakasam,PEDAARAVEEDU,1436.9,2583.77,2702.24,188.06,over_exploited
Prakasam,CHIMAKURTHI,2944.89,1505.03,1901.2,64.56,safe
Prakasam,KOTHAPATNAM,2565.7,770.81,879.46,34.28,safe
Prakasam,YERRAGONDAPALEM,3883.85,3201.19,3378.92,87.0,semi_critical
Prakasam,THALLUR,2503.53,1327.0,1428.75,57.07,safe
Prakasam,CUMBUM,1205.85,872.52,1009.01,83.68,semi_critical
Prakasam,TANGUTUR,1604.87,217.49,377.62,23.53,safe
Prakasam,DONAKONDA,2397.22,1287.1,1409.27,58.79,safe
Prakasam,KONDAPI,2061.46,343.65,464.22,22.52,safe
Prakasam,RACHERLA,1416.79,1365.39,1439.16,101.58,over_exploited
Prakasam,ARDHAVEEDU,2209.53,1219.14,1320.27,59.75,safe
Prakasam,TARLAPADU,1578.29,855.83,954.11,60.45,safe
Prakasam,MARRIPUDI,4461.54,1368.27,1488.18,33.36,safe
Prakasam,DARSI,3332.05,1078.18,1267.46,38.04,safe
Prakasam,KOMAROLU,1552.96,721.88,835.44,53.8,safe
Prakasam,MADDIPADU,1954.02,559.27,730.51,37.38,safe
Prakasam,ONGOLE,1235.68,133.91,137.39,11.12,safe
Prakasam,PAMUR,3330.78,1057.12,1233.76,37.04,safe
West Godavari,ACHANTA,7139.66,1800.7,1811.79,25.4,safe
West Godavari,ATTILI,8150.82,192.51,207.83,2.5,safe
West Godavari,IRAGAVARAM,8329.31,468.45,536.21,6.4,safe
West Godavari,PENUGONDA,6931.42,42.48,57.99,0.8,safe
West Godavari,PENUMANTRA,8010.28,10.08,27.78,0.3,safe
West Godavari,TADEPALLIGUDEM,6935.9,1067.08,1329.93,19.2,safe
West Godavari,TANUKU,7635.06,279.72,464.69,6.1,safe
Krishna,GANNAVARAM,7287.32,1632.52,1824.53,25.0,safe
Krishna,UNGUTURU,10471.55,2937.32,3284.83,31.4,safe
Krishna,MOVVA,11686.01,3111.59,3267.32,28.0,safe
Krishna,MOPIDEVI,8523.79,2204.63,2296.61,26.9,safe
Krishna,KANKIPADU,17610.39,5591.53,5731.97,32.5,safe
Krishna,GHANTASALA,9190.31,3036.03,3098.9,33.7,safe
Krishna,VUYYURU,10963.4,3654.96,3946.72,36.0,safe
Krishna,BAPULAPAD,8067.97,2867.1,3299.2,40.9,safe
Krishna,PEDAPARUPUDI,12608.18,3285.87,3365.81,26.7,safe
Krishna,THOTLAVALLURU,5480.27,2009.27,2198.16,40.1,safe
Krishna,PENAMALURU,6003.25,2203.16,2733.97,45.5,safe
Krishna,CHALLAPALLE,9001.8,2087.13,2132.07,23.7,safe
Krishna,PAMIDIMUKKALA,11864.58,5656.6,5813.66,49.0,safe
Krishna,AVANIGADA,5511.86,979.34,1060.29,19.2,safe
Krishna,GUDIVADA,8843.11,845.13,978.45,11.1,safe
Krishna,PAMARRU,15293.46,1808.64,1927.59,12.6,safe
Bapatla,VETAPALEM,1323.14,315.67,479.75,36.3,safe
Bapatla,KORISAPADU,1520.05,294.08,403.9,26.6,safe
Bapatla,YEDDANAPUDI,419.8,52.88,72.5,17.3,safe
Bapatla,CHINAGANJAM,2268.04,159.2,265.87,11.7,safe
Bapatla,VEMURU,5667.61,786.51,892.37,15.7,safe
Bapatla,AMRUTHALUR,1918.25,403.08,438.74,22.9,safe
Bapatla,BALLIKURUVA,2783.8,638.59,760.56,27.3,safe
Bapatla,JANAKAVARAMPANGULU,1251.18,198.02,291.23,23.3,safe
Bapatla,BAPATLA,4213.33,1747.77,1863.47,44.2,safe
Bapatla,BHATTIPROLU,6390.85,1904.71,2026.04,31.7,safe
Bapatla,CHERUKUPALLE,4819.12,1577.5,1715.8,35.6,safe
Bapatla,KARLAPALEM,2700.47,719.76,799.86,29.6,safe
Bapatla,KOLLUR,6495.93,3075.66,3209.07,49.4,safe
Bapatla,NAGARAM,4075.86,96.36,153.89,3.8,safe
Bapatla,NIZAMPATNAM,945.39,114.84,156.74,16.6,safe
Bapatla,PITTALAVANIPALEM,2959.39,444.86,526.86,17.8,safe
Bapatla,REPALLE,2086.02,130.5,272.91,13.1,safe
Bapatla,TSUNDUR,6080.36,907.09,1020.78,16.8,safe
Bapatla,ADDANKI,2842.08,605.73,813.45,28.6,safe
Bapatla,CHIRALA,2026.15,413.81,830.2,41.0,safe
Bapatla,INKOLLU,663.74,23.63,59.35,8.9,safe
Bapatla,MARTUR,1993.84,576.1,741.94,37.2,safe
Bapatla,PARCHUR,197.03,0.0,19.34,9.8,safe
Bapatla,SANTHAMAGULURU,1123.23,305.14,441.47,39.3,safe
Guntur,PEDAKAKANI,1563.77,68.13,225.07,14.4,safe
Guntur,TADIKONDA,1179.76,87.61,147.34,12.5,safe
Guntur,THADEPALLE,2975.86,889.61,1026.05,34.5,safe
Guntur,KAKUMANU,140.8,0.0,5.56,3.9,safe
Guntur,PRATHIPADU,518.07,32.51,81.02,15.6,safe
Guntur,MANGALAGIRI,7346.41,980.82,1292.76,17.6,safe
Guntur,PONNUR,4272.33,1184.99,1412.86,33.1,safe
Guntur,THULLUR,1204.27,32.88,177.7,14.8,safe
Guntur,TENALI,10269.5,964.64,1345.21,13.1,safe
Guntur,CHEBROLE,3838.22,391.2,684.5,17.8,safe
Guntur,MEDIKONDURU,817.28,18.63,81.38,10.0,safe
Guntur,DUGGIRALA,8240.71,1131.93,1393.98,16.9,safe
Guntur,KOLLIPARA,6698.21,1776.14,2004.03,29.9,safe
Guntur,PHIRANGIPURAM,992.6,218.33,311.05,31.3,safe
Guntur,GUNTUR EAST,806.44,9.69,88.68,11.0,safe
Guntur,GUNTUR WEST,912.34,40.09,329.94,36.2,safe
Nandyal,DHONE,2721.18,780.72,803.97,29.5,safe
Nandyal,NANDYAL,3259.19,148.38,206.29,6.3,safe
Nandyal,ALLAGADDA,4045.52,596.61,635.92,15.7,safe
Nandyal,ATMAKUR (KURNOOL),1210.36,276.48,290.94,24.0,safe
Nandyal,BANAGANAPALLE,3828.45,681.17,725.42,18.9,safe
Nandyal,BANDI ATMAKUR,6050.77,417.74,429.42,7.1,safe
Nandyal,BETHAMCHERLA,1600.08,818.44,849.57,53.1,safe
Nandyal,CHAGALAMARRI,4334.96,717.16,732.23,16.9,safe
Nandyal,DORNIPADU,1244.22,30.28,38.2,3.1,safe
Nandyal,GADIVEMULA,2068.32,554.29,570.78,27.6,safe
Nandyal,GOSPADU,3774.69,91.18,117.83,3.1,safe
Nandyal,JUPADU BUNGALOW,1783.22,454.01,464.23,26.0,safe
Nandyal,KOILKUNTLA,2038.77,126.59,152.08,7.5,safe
Nandyal,KOLIMIGUNDLA,1437.8,313.23,330.09,23.0,safe
Nandyal,KOTHAPALLE,1766.96,423.35,440.11,24.9,safe
Nandyal,MAHANANDI,2369.09,942.92,957.64,40.4,safe
Nandyal,MIDTHUR,1082.74,251.89,273.04,25.2,safe
Nandyal,NANDI KOTKUR,891.43,333.88,351.19,39.4,safe
Nandyal,OWK,3288.78,398.32,454.13,13.8,safe
Nandyal,PAGIDYALA,910.0,152.53,164.92,18.1,safe
Nandyal,PAMULAPADU,1301.05,366.16,378.23,29.1,safe
Nandyal,PANYAM,3775.98,526.88,546.39,14.5,safe
Nandyal,PEAPALLY,2688.26,1006.73,1017.86,37.9,safe
Nandyal,RUDRAVARAM,8409.26,769.23,800.29,9.5,safe
Nandyal,SANJAMALA,2443.42,399.9,428.64,17.5,safe
Nandyal,SIRVEL,2328.31,490.09,510.02,21.9,safe
Nandyal,SRISAILAM,105.92,0.0,0.0,0.0,safe
Nandyal,UYYALAWADA,4312.52,67.39,88.47,2.1,safe
Nandyal,VELGODE,3038.06,85.34,96.25,3.2,safe
Palnadu,MACHAVARAM,4486.8,1461.27,1614.57,36.0,safe
Palnadu,KAREMPUDI,5352.43,1759.26,1930.18,36.1,safe
Palnadu,ROMPICHERLA (GUNTUR),1244.66,147.25,343.36,27.6,safe
Palnadu,RENTACHINTALA,6240.51,1361.56,1518.9,24.3,safe
Palnadu,AMARAVATHI,2370.85,396.28,516.04,21.8,safe
Palnadu,ACHAMPETA,2183.56,875.96,1038.72,47.6,safe
Palnadu,BELLAMKONDA,2342.66,622.3,750.64,32.0,safe
Palnadu,BOLLAPALLE,3127.62,2552.7,2743.95,87.7,semi_critical
Palnadu,CHILAKALURIPET,339.67,123.84,175.03,51.5,safe
Palnadu,DACHEPALLE,5170.39,989.76,1222.01,23.6,safe
Palnadu,DURGI,2179.81,1151.67,1332.94,61.1,safe
Palnadu,EDLAPADU,960.97,99.68,262.28,27.3,safe
Palnadu,GURAZALA,4049.02,1323.06,1511.85,37.3,safe
Palnadu,IPURU,5269.45,1317.35,1458.28,27.7,safe
Palnadu,KROSURU,2063.39,828.33,1000.57,48.5,safe
Palnadu,MACHERLA,7922.46,1782.72,1950.27,24.6,safe
Palnadu,MUPPALLA,1210.68,132.41,279.07,23.1,safe
Palnadu,NADENDLA,964.27,124.06,289.18,30.0,safe
Palnadu,NAKARIKALLU,2797.55,630.72,743.13,26.6,safe
Palnadu,NARASARAOPETA,3989.78,294.28,442.11,11.1,safe
Palnadu,NUZENDLA,6462.73,785.63,950.27,14.7,safe
Palnadu,PEDAKURAPADU,4471.31,249.31,403.2,9.0,safe
Palnadu,PIDUGURALLA,2227.22,1134.25,1285.5,57.7,safe
Palnadu,RAJUPALEM,3420.92,993.92,1101.45,32.2,safe
Palnadu,SATTENAPALLE,2781.36,379.2,568.6,20.4,safe
Palnadu,SAVALYAPURAM,994.0,277.7,383.91,38.6,safe
Palnadu,VELDURTHI,1826.66,2246.34,2442.11,133.7,over_exploited
Palnadu,VINUKONDA,9951.73,824.55,978.3,9.8,safe
Konaseema,KAPILESWARAPURAM,10954.29,454.21,523.48,4.8,safe
Konaseema,AINAVILLI,6599.41,749.92,822.94,12.5,safe
Konaseema,ALAMURU,6647.7,1071.69,1149.44,17.3,safe
Konaseema,AMALAPURAM,4850.55,271.74,414.69,8.5,safe
Konaseema,AMBAJIPETA,2655.93,582.77,659.97,24.8,safe
Konaseema,ATREYAPURAM,9018.3,1483.6,1541.69,17.1,safe
Konaseema,KOTHAPETA,5831.71,891.98,972.47,16.7,safe
Konaseema,MANDAPETA,11637.7,975.43,1124.9,9.7,safe
Konaseema,MUMMIDIVARAM,5782.03,134.4,204.21,3.5,safe
Konaseema,P GANNAVARAM,5321.32,265.83,344.31,6.5,safe
Konaseema,PAMARRU (EAST GODAVARI),8698.42,255.43,326.12,3.7,safe
Konaseema,RAMACHANDRAPURAM,10258.37,538.16,665.84,6.5,safe
Konaseema,RAVULAPALEM,5660.41,977.2,1065.44,18.8,safe
Konaseema,RAYAVARAM,8857.39,578.75,656.01,7.4,safe
Konaseema,RAZOLE,3863.34,26.7,115.12,3.0,safe
Y.S.R Kadapa,KHAJIPET,2538.18,990.8,1503.25,59.2,safe
Y.S.R Kadapa,PRODDUTUR,2274.51,866.17,1147.29,50.4,safe
Y.S.R Kadapa,LINGALA,2341.27,1352.51,1535.72,65.6,safe
Y.S.R Kadapa,CHINTHA KOMMADINNE,2960.39,584.19,860.42,29.1,safe
Y.S.R Kadapa,MUDDANUR,2402.15,689.12,864.96,36.0,safe
Y.S.R Kadapa,CHENNUR,1139.71,489.86,644.76,56.6,safe
Y.S.R Kadapa,CUDDAPAH MANDAL,680.48,20.86,323.76,47.6,safe
Y.S.R Kadapa,RAJU PALEM,3197.7,311.66,436.44,13.6,safe
Y.S.R Kadapa,KALASAPADU,5343.81,1366.1,1650.55,30.9,safe
Y.S.R Kadapa,S MYDUKUR,3189.44,1572.75,2150.11,67.4,safe
Y.S.R Kadapa,VONTIMITTA,2576.6,678.71,920.27,35.7,safe
Y.S.R Kadapa,MYLAVARAM,3144.14,742.24,974.37,31.0,safe
Y.S.R Kadapa,VALLUR,1881.65,786.85,913.91,48.6,safe
Y.S.R Kadapa,CHAKNAYAPET,2328.74,1127.57,1522.96,65.4,safe
Y.S.R Kadapa,VEMULA,1649.87,1237.77,1359.55,82.4,semi_critical
Y.S.R Kadapa,VEMPALLE,1671.39,789.67,977.5,58.5,safe
Y.S.R Kadapa,BRAHMAMGARIMATTAM,4673.65,1072.74,1657.44,35.5,safe
Y.S.R Kadapa,ATLUR,1680.87,473.76,664.58,39.5,safe
Y.S.R Kadapa,B KODUR,2338.86,653.54,1136.78,48.6,safe
Y.S.R Kadapa,BADVEL,2802.58,591.31,995.86,35.5,safe
Y.S.R Kadapa,CHAPAD,1252.84,661.59,999.12,79.7,semi_critical
Y.S.R Kadapa,DUVVUR,1977.63,1040.92,1464.79,74.1,semi_critical
Y.S.R Kadapa,GOPAVARAM,1517.82,327.98,372.8,24.6,safe
Y.S.R Kadapa,JAMMALAMADUGU,2509.6,593.77,693.29,27.6,safe
Y.S.R Kadapa,KAMALAPURAM,2874.83,1267.42,1502.62,52.3,safe
Y.S.R Kadapa,KONDAPURAM,2987.65,1303.11,1646.07,55.1,safe
Y.S.R Kadapa,PEDDAMUDIUM,3797.87,383.2,506.3,13.3,safe
Y.S.R Kadapa,PENDLIMARRI,5326.48,1121.43,1442.15,27.1,safe
Y.S.R Kadapa,PORUMAMILLA,3612.19,1188.98,1839.48,50.9,safe
Y.S.R Kadapa,PULIVENDLA,1453.47,982.41,1189.03,81.8,semi_critical
Y.S.R Kadapa,SIDHOUT,2653.18,1160.36,1377.1,51.9,safe
Y.S.R Kadapa,SIMHADRIPURAM,6768.31,1795.95,1970.78,29.1,safe
Y.S.R Kadapa,SRI AVADHUTHA KASINAYANA,3126.97,1165.45,1509.7,48.3,safe
Y.S.R Kadapa,THANDUR,5979.43,1068.18,1167.27,19.5,safe
Y.S.R Kadapa,VEERAPUNAYUNIPALLE,2654.13,781.2,818.27,30.8,safe
Y.S.R Kadapa,YERRAGUNTLA,2574.56,476.38,703.01,27.3,safe
Sri Potti Sriramulu Nellore,ALLUR,10670.82,392.93,469.9,4.4,safe
Sri Potti Sriramulu Nellore,ANANTHASAGARAM,5619.19,1412.32,1510.87,26.9,safe
Sri Potti Sriramulu Nellore,ANUMASAMUDRAMPETA,3269.61,1081.53,1170.97,35.8,safe
Sri Potti Sriramulu Nellore,ATMAKUR (NELLORE),5323.67,779.55,867.88,16.3,safe
Sri Potti Sriramulu Nellore,BOGOLE,4868.66,573.02,646.23,13.3,safe
Sri Potti Sriramulu Nellore,BUCCHIREDDIPALEM,5884.44,1830.36,1886.93,32.1,safe
Sri Potti Sriramulu Nellore,CHEJERLA,4054.61,520.81,593.83,14.6,safe
Sri Potti Sriramulu Nellore,DAGADARTHI,6673.88,760.38,884.85,13.3,safe
Sri Potti Sriramulu Nellore,DUTTALUR,2793.56,754.58,823.82,29.5,safe
Sri Potti Sriramulu Nellore,INDUKURPET,5192.85,3596.3,3677.57,70.8,semi_critical
Sri Potti Sriramulu Nellore,JALADANKI,6093.63,798.11,869.1,14.3,safe
Sri Potti Sriramulu Nellore,KALIGIRI,4181.72,1190.77,1304.48,31.2,safe
Sri Potti Sriramulu Nellore,KALUVOYA,5420.8,668.14,769.46,14.2,safe
Sri Potti Sriramulu Nellore,KAVALI,5454.91,714.91,1207.44,22.1,safe
Sri Potti Sriramulu Nellore,KODAVALUR,7074.22,1480.85,1576.34,22.3,safe
Sri Potti Sriramulu Nellore,KONDAPURAM (NELLORE),4024.47,919.68,1030.26,25.6,safe
Sri Potti Sriramulu Nellore,KOVUR,4664.72,2213.63,2289.76,49.1,safe
Sri Potti Sriramulu Nellore,MANUBOLU,5968.45,359.09,457.04,7.7,safe
Sri Potti Sriramulu Nellore,MARRIPADU,4270.75,1249.47,1361.97,31.9,safe
Sri Potti Sriramulu Nellore,MUTHUKUR,5547.81,1771.87,2023.23,36.5,safe
Sri Potti Sriramulu Nellore,NELLORE URBAN,8231.52,281.47,2830.69,34.4,safe
Sri Potti Sriramulu Nellore,PODLAKUR,7604.25,1278.67,1459.75,19.2,safe
Sri Potti Sriramulu Nellore,RAPUR,5566.02,523.49,695.25,12.5,safe
Sri Potti Sriramulu Nellore,SANGAM,4682.3,846.3,966.76,20.6,safe
Sri Potti Sriramulu Nellore,SEETHARAMAPURAM,1511.4,401.4,485.59,32.1,safe
Sri Potti Sriramulu Nellore,SYDAPURAM,3765.09,903.08,1073.93,28.5,safe
Sri Potti Sriramulu Nellore,THOTAPALLIGUDUR,5796.08,1744.78,1830.49,31.6,safe
Sri Potti Sriramulu Nellore,UDAYAGIRI,4585.79,1162.25,1246.67,27.2,safe
Sri Potti Sriramulu Nellore,VARIKUNTAPADU,2854.16,851.14,967.8,33.9,safe
Sri Potti Sriramulu Nellore,VENKATACHALAM,8035.34,489.0,632.82,7.9,safe
Sri Potti Sriramulu Nellore,VIDAVALUR,8673.15,1954.98,2012.35,23.2,safe
Sri Potti Sriramulu Nellore,VINJAMUR,2818.73,1058.91,1152.04,40.9,safe
Sri Potti Sriramulu Nellore,GUDLURU,3818.83,553.63,613.95,16.1,safe
Sri Potti Sriramulu Nellore,KANDUKUR,2881.21,501.78,826.98,28.7,safe
Sri Potti Sriramulu Nellore,LINGASAMUDRAM,2265.37,260.63,295.56,13.0,safe
Sri Potti Sriramulu Nellore,ULAVAPADU,4131.49,843.48,944.16,22.9,safe
Sri Potti Sriramulu Nellore,VOLETIVARIPALEM,2851.99,387.65,432.05,15.1,safe
Vizianagaram,GAJAPATHINAGARAM,5084.51,1269.53,1347.95,26.5,safe
Vizianagaram,PUSAPATIREGA,6892.59,3697.77,3771.53,54.7,safe
Vizianagaram,GARIVIDI,4544.44,1856.53,1904.32,41.9,safe
Vizianagaram,VIZIANAGARAM MANDAL,4033.17,429.27,492.67,12.2,safe
Vizianagaram,MENTADA,8266.81,788.26,854.61,10.3,safe
Vizianagaram,BOBBILI,8681.21,1263.57,1361.83,15.7,safe
Vizianagaram,RAJAM,3557.01,939.38,1005.19,28.3,safe
Vizianagaram,REGIDIAMADALAVALASA,4600.0,923.64,1001.48,21.8,safe
Vizianagaram,SANTHAKAVITI,2880.61,720.6,786.59,27.3,safe
Vizianagaram,VANGARA,1962.05,504.56,561.35,28.6,safe
Vizianagaram,BADANGI,5482.17,1227.99,1273.78,23.2,safe
Vizianagaram,BHOGHAPURAM,1939.39,703.8,763.39,39.4,safe
Vizianagaram,BONDAPALLE,5530.27,701.94,781.34,14.1,safe
Vizianagaram,CHEEPURUPALLE,4360.28,2841.69,2884.18,66.1,safe
Vizianagaram,DATTIRAJERU,5099.74,1796.63,1847.12,36.2,safe
Vizianagaram,DENKADA,3940.04,1316.23,1393.4,35.4,safe
Vizianagaram,GANTYADA,5438.61,1102.58,1214.18,22.3,safe
Vizianagaram,GURLA,3922.01,1677.79,1722.39,43.9,safe
Vizianagaram,JAMI,2984.46,1187.91,1266.31,42.4,safe
Vizianagaram,KOTHAVALASA,4886.85,892.8,980.1,20.1,safe
Vizianagaram,LAKKAVARAPUKOTA,5407.44,667.95,771.55,14.3,safe
Vizianagaram,MERAKAMUDIDAM,7460.59,1361.83,1447.25,19.4,safe
Vizianagaram,NELLIMARLA,5458.38,1866.25,1900.65,34.8,safe
Vizianagaram,RAMABHADRAPURAM,4671.22,1240.1,1263.7,27.1,safe
Vizianagaram,SRUNGAVARAPUKOTA,5712.25,1158.67,1274.95,22.3,safe
Vizianagaram,THERLAM,6352.22,1113.32,1193.92,18.8,safe
Vizianagaram,VEPADA,6457.75,638.7,742.58,11.5,safe
Kurnool,YEMMIGANUR,3247.73,939.2,1412.1,43.5,safe
Kurnool,VELDURTHI (KURNOOL),1796.53,422.92,624.27,34.7,safe
Kurnool,ORVAKAL,1443.1,795.2,1012.33,70.1,semi_critical
Kurnool,PEDDA KADUBUR,4262.35,816.21,1017.9,23.9,safe
Kurnool,KURNOOL RURAL,1844.54,427.1,642.71,34.8,safe
Kurnool,MANTRALAYAM,1882.1,377.17,551.71,29.3,safe
Kurnool,ADONI,5062.72,752.2,1336.76,26.4,safe
Kurnool,DEVANAKONDA,2868.15,750.06,1003.66,35.0,safe
Kurnool,ALUR,2388.2,292.9,492.45,20.6,safe
Kurnool,HALAHARVI,2217.37,242.78,389.19,17.6,safe
Kurnool,HOLAGUNDA,3976.0,404.73,558.56,14.0,safe
Kurnool,C BELAGAL,2918.69,531.02,696.39,23.9,safe
Kurnool,KOSIGI,2564.96,989.35,1229.62,47.9,safe
Kurnool,MADDIKERA EAST,1444.68,218.08,349.25,24.2,safe
Kurnool,GUDUR (KURNOOL),892.44,281.19,416.28,46.6,safe
Kurnool,TUGGALI,2029.65,338.51,556.63,27.4,safe
Kurnool,ASPARI,2219.2,497.26,729.33,32.9,safe
Kurnool,PATTIKANDA,1624.44,366.76,559.64,34.5,safe
Kurnool,KRISHNAGIRI,2602.52,784.74,950.47,36.5,safe
Kurnool,CHIPPAGIRI,1889.12,187.91,304.62,16.1,safe
Kurnool,KOWTHALAM,4972.23,727.95,991.35,19.9,safe
Kurnool,KURNOOL URBAN,70.81,14.31,15.36,21.7,safe
Kurnool,KALLUR,2152.02,617.26,806.54,37.5,safe
Kurnool,KODUMUR,2062.91,589.37,857.74,41.6,safe
Kurnool,NANDAVARAM,2917.08,457.83,675.17,23.1,safe
Kurnool,GONEGANDLA,2732.47,1171.36,1417.25,51.9,safe
Kakinada,YELESWARAM,3501.47,1308.34,1425.41,40.7,safe
Kakinada,GOLLAPROLU,5341.31,425.63,625.6,11.7,safe
Kakinada,ROUTHULAPUDI,4846.31,907.66,1035.69,21.4,safe
Kakinada,KAKINADA (RURAL),4100.04,85.3,307.95,7.5,safe
Kakinada,KIRLAMPUDI,6899.12,936.45,1126.49,16.3,safe
Kakinada,KOTANANDURU,4240.92,450.8,595.79,14.0,safe
Kakinada,GANDEPALLE,3583.27,1827.06,1945.69,54.3,safe
Kakinada,JAGGAMPETA,5528.8,808.12,969.79,17.5,safe
Kakinada,KAJULURU,300.55,0.0,0.0,0.0,safe
Kakinada,KAKINADA (URBAN),431.52,0.0,264.51,61.3,safe
Kakinada,KOTHAPALLEE,6491.16,229.85,484.41,7.5,safe
Kakinada,PEDAPUDI,12694.12,566.88,1026.84,8.1,safe
Kakinada,PEDDAPURAM,6369.22,1116.55,1323.5,20.8,safe
Kakinada,PITHAPURAM,7312.64,713.46,907.09,12.4,safe
Kakinada,PRATHIPADU (EAST GODAVARI),5546.88,869.4,989.01,17.8,safe
Kakinada,SAMALKOTA,11787.26,461.04,862.09,7.3,safe
Kakinada,SANKHAVARAM,3041.0,603.01,714.22,23.5,safe
Kakinada,THONDANGI,6429.26,1029.32,1284.54,20.0,safe
Kakinada,TUNI,8720.11,1001.56,1207.4,13.8,safe
Chittoor,YADAMARI,1811.41,854.18,952.5,52.6,safe
Chittoor,NINDRA,2462.88,2072.82,2174.64,88.3,semi_critical
Chittoor,PENUMURU,1878.1,1132.98,1352.95,72.0,semi_critical
Chittoor,SODAM,2870.54,1319.45,1400.03,48.8,safe
Chittoor,KUPPAM,3654.79,1883.3,2233.43,61.1,safe
Chittoor,SRIRANGARAJAPURAM,2524.95,1540.21,1667.44,66.0,safe
Chittoor,PALAMANER,1879.65,608.19,766.02,40.8,safe
Chittoor,BAIREDDI PALLE,2809.91,1608.94,1742.15,62.0,safe
Chittoor,PEDDA PANJANI,3617.43,2546.49,2716.2,75.1,semi_critical
Chittoor,VENKATAGIRI KOTA,3511.92,2401.41,2719.96,77.4,semi_critical
Chittoor,GUDI PALLE,3014.27,2222.22,2341.64,77.7,semi_critical
Chittoor,GANGAVARAM,2878.06,1459.17,1577.98,54.8,safe
Chittoor,BANGARUPALEM,4855.58,1503.54,1713.28,35.3,safe
Chittoor,VEDURU KUPPAM,3527.47,1576.12,1694.14,48.0,safe
Chittoor,CHITTOOR MANDAL,2421.69,1167.42,1756.2,72.5,semi_critical
Chittoor,PALASAMUDRAM,1403.13,701.71,764.82,54.5,safe
Chittoor,VIJAYA PURAM,2856.62,983.28,1047.03,36.7,safe
Chittoor,CHOWDEPALLE,3107.5,2312.27,2497.94,80.4,semi_critical
Chittoor,PUTHALAPATTU,2612.46,2051.74,2233.82,85.5,semi_critical
Chittoor,NAGARI,2395.43,1006.19,1569.5,65.5,safe
Chittoor,GANGADHARA NELLORE,2755.93,1327.1,1546.44,56.1,safe
Chittoor,RAMA KUPPAM,2597.34,1724.58,1859.05,71.6,semi_critical
Chittoor,SOMALA,4109.3,1168.63,1269.35,30.9,safe
Chittoor,SANTHI PURAM,2400.89,1461.29,1621.56,67.5,safe
Chittoor,IRALA,2291.87,637.52,804.38,35.1,safe
Chittoor,PUNGANUR,3236.49,1639.16,1908.83,59.0,safe
Chittoor,THAVANAMPALLE,2292.47,1578.36,1706.58,74.4,semi_critical
Chittoor,GUDIPALA,2019.49,833.94,974.25,48.2,safe
Chittoor,KARVETINAGAR,3653.63,1534.83,1704.0,46.6,safe
Chittoor,PULICHERLA,2435.48,1548.92,1680.72,69.0,safe
Chittoor,ROMPICHERLA,2017.2,848.01,907.02,45.0,safe
Annamayya,OBULAVARIPALLE,1770.79,869.66,1025.53,57.9,safe
Annamayya,RAJAMPET,1931.2,1055.98,1261.15,65.3,safe
Annamayya,GALIVEEDU,3309.54,511.24,744.69,22.5,safe
Annamayya,PEDDAMANDYAM,2486.74,793.23,827.4,33.3,safe
Annamayya,RAMASAMUDRAM,3172.26,1749.03,1817.12,57.3,safe
Annamayya,GURRAMKONDA,3024.91,934.07,1018.87,33.7,safe
Annamayya,THAMBALLAPALLE,3215.13,1161.27,1387.55,43.2,safe
Annamayya,PULLAMPETA,1266.05,606.33,822.72,65.0,safe
Annamayya,PEDDATHIPPASAMUDRA,3889.32,2091.64,2112.55,54.3,safe
Annamayya,CHITVEL,1527.59,977.37,1137.86,74.5,semi_critical
Annamayya,LAKKIREDDIPALLE,2434.54,987.32,1119.14,46.0,safe
Annamayya,KALIKIRI,2413.81,1234.03,1292.53,53.5,safe
Annamayya,KURABALAKOTA,2369.11,1179.14,1237.67,52.2,safe
Annamayya,MULAKALACHERUVU,2357.35,1106.56,1200.8,50.9,safe
Annamayya,B KOTHAKOTA,2410.31,1072.0,1103.81,45.8,safe
Annamayya,KALAKADA,2507.19,1253.98,1297.81,51.8,safe
Annamayya,KAMBHAMVARIPALLE,3226.88,1722.74,1798.61,55.7,safe
Annamayya,MANDAPALLE,4654.36,1526.68,1738.88,37.4,safe
Annamayya,NIMMANAPALLE,3037.27,1384.86,1425.01,46.9,safe
Annamayya,PILERU,3799.87,268.27,304.01,8.0,safe
Annamayya,VALMIKIPURAM,4605.54,1450.73,1558.71,33.8,safe
Annamayya,CHINNAMANDEM,1329.64,989.26,1082.57,81.4,semi_critical
Annamayya,KODUR,1274.58,454.81,568.01,44.6,safe
Annamayya,NANDALUR,1226.52,410.14,503.86,41.1,safe
Annamayya,PENAGALURU,2052.05,733.35,997.83,48.6,safe
Annamayya,RAMAPURAM,2512.32,778.58,915.72,36.4,safe
Annamayya,ROYACHOTI,3142.52,712.1,875.95,27.9,safe
Annamayya,SAMBEPALLE,3474.65,1238.21,1370.68,39.4,safe
Annamayya,T SUNDUPALLE,4501.96,1772.12,1983.41,44.1,safe
Annamayya,VEERABALLE,3317.76,795.56,932.96,28.1,safe
Eluru,KUKUNOOR,11473.99,865.04,1112.93,9.7,safe
Eluru,NUZVID,3619.55,897.43,1128.37,31.2,safe
Eluru,BHIMADOLE,6952.54,1634.23,1849.09,26.6,safe
Eluru,AGIRIPALLE,4328.53,1703.22,1793.71,41.4,safe
Eluru,POLAVARAM,7551.85,845.47,1201.25,15.9,safe
Eluru,DENDULURU,5947.83,1150.26,1908.62,32.1,safe
Eluru,CHATRAI,2910.32,796.56,844.86,29.0,safe
Eluru,MUSUNURU,3728.88,1096.64,1476.14,39.6,safe
Eluru,BUTTAYAGUDEM,8401.18,963.09,1889.23,22.5,safe
Eluru,CHINTALAPUDI,6478.0,2209.4,2939.71,45.4,safe
Eluru,DWARAKA TIRUMALA,10953.41,2592.24,3509.71,32.0,safe
Eluru,ELURU,5615.27,116.62,370.98,6.6,safe
Eluru,JANGAREDDIGUDEM,8960.87,2527.4,3241.36,36.2,safe
Eluru,JEELUGUMILLI,9686.38,1731.7,2642.44,27.3,safe
Eluru,KAMAVARAPUKOTA,5059.88,1767.24,2365.16,46.7,safe
Eluru,KOYYALAGUDEM,4888.73,1822.07,2305.69,47.2,safe
Eluru,LINGAPALEM,7031.52,2876.19,3150.19,44.8,safe
Eluru,PADAVEGI,13229.97,2805.24,3662.64,27.7,safe
Eluru,PEDAPADU,7567.22,1049.02,1429.03,18.9,safe
Eluru,T NARASAPURAM,13990.16,3964.37,4651.88,33.3,safe
Eluru,UNGUTURU (WEST GODAVARI),8511.66,3319.67,3766.54,44.3,safe
Eluru,VELAIRPAD,3779.56,270.59,464.16,12.3,safe
Tirupati,CHANDRAGIRI,4917.4,1426.81,1531.34,31.1,safe
Tirupati,PICHATUR,2901.73,1323.68,1372.49,47.3,safe
Tirupati,KOTA,5134.34,1998.04,2049.21,39.9,safe
Tirupati,BUCHINAIDU KHANDRI,5348.52,925.44,1007.07,18.8,safe
Tirupati,OJILI,4282.34,1207.0,1385.76,32.4,safe
Tirupati,SULLURPETA,10804.93,1168.96,1515.7,14.0,safe
Tirupati,VARADAIAHPALEM,4989.47,939.15,1072.29,21.5,safe
Tirupati,SRIKALAHASTI,7131.65,2721.73,2974.09,41.7,safe
Tirupati,PUTTUR,2605.17,1237.83,1492.59,57.3,safe
Tirupati,CHINNAGOTTIGALLU,2855.42,1397.97,1440.31,50.4,safe
Tirupati,TIRUPATI,1580.58,871.23,1018.47,64.4,safe
Tirupati,RAMACHANDRAPURAM- 17,2104.32,1070.36,1126.28,53.5,safe
Tirupati,PELLAKUR,4476.58,1654.93,1767.52,39.5,safe
Tirupati,TIRUPATI URBAN,1002.34,115.55,428.64,42.8,safe
Tirupati,RENIGUNTA,2261.77,871.61,1212.0,53.6,safe
Tirupati,VENKATAGIRI,4303.98,1382.53,1499.99,34.9,safe
Tirupati,GUDUR,4137.39,1574.33,2146.27,51.9,safe
Tirupati,K V B PURAM,5189.2,2234.31,2335.25,45.0,safe
Tirupati,SATYAVEDU,3581.22,883.05,1038.48,29.0,safe
Tirupati,PAKALA,2783.88,1791.55,1858.91,66.8,safe
Tirupati,TADA,6446.4,582.39,734.9,11.4,safe
Tirupati,NAGALAPURAM,2668.86,1371.9,1435.06,53.8,safe
Tirupati,DORAVARISATRAM,6334.36,1227.22,1347.51,21.3,safe
Tirupati,NARAYANAVANAM,1960.24,1008.56,1102.27,56.2,safe
Tirupati,VAKADU,5985.0,1461.64,1525.53,25.5,safe
Tirupati,YARRAVARIPALEM,4247.07,1348.18,1385.32,32.6,safe
Tirupati,YERPEDU,5090.0,2824.34,2959.91,58.2,safe
Tirupati,THOTTAMBEDU,4766.57,1931.77,2061.33,43.2,safe
Tirupati,VADAMALAPETA,2797.64,1358.5,1416.68,50.6,safe
Tirupati,BALAYAPALLE,6242.79,1431.56,1596.06,25.6,safe
Tirupati,CHILLAKUR,6558.87,1306.74,1569.7,23.9,safe
Tirupati,CHITTAMUR,8608.97,1847.78,1949.44,22.6,safe
Tirupati,DAKKILI,5347.93,2148.21,2263.7,42.3,safe
Tirupati,NAIDUPETA,4012.01,1654.76,1982.46,49.4,safe
Srikakulam,HIRAMANDALAM,3111.78,691.35,864.63,27.8,safe
Srikakulam,LAXMINARASAMPET,2779.09,310.4,426.37,15.3,safe
Srikakulam,KAVITI,2718.64,583.12,752.72,27.7,safe
Srikakulam,AMADALAVALASA,3372.32,561.38,931.4,27.6,safe
Srikakulam,BURJA,4109.77,545.3,703.62,17.1,safe
Srikakulam,ETCHERLA,4446.69,1835.73,2205.69,49.6,safe
Srikakulam,GANGUVARI SINGADAM,4688.92,2327.97,2598.91,55.4,safe
Srikakulam,GARA,6469.06,3373.88,3597.49,55.6,safe
Srikakulam,ICHCHAPURAM,1929.63,434.79,834.7,43.3,safe
Srikakulam,JALUMURU,4934.54,852.6,1032.55,20.9,safe
Srikakulam,KANCHILI,2583.97,321.67,597.82,23.1,safe
Srikakulam,KOTABOMMAL,4648.69,1558.06,1850.16,39.8,safe
Srikakulam,KOTHURU,4427.91,740.3,967.14,21.8,safe
Srikakulam,LAVERU,4430.69,3867.65,4096.3,92.5,critical
Srikakulam,MANDASA,4144.39,318.31,475.93,11.5,safe
Srikakulam,MELIAPUTTI,3574.18,595.16,829.47,23.2,safe
Srikakulam,NANDIGAM,3979.03,740.14,1124.89,28.3,safe
Srikakulam,NARASANNAPETA,4013.84,791.49,1064.48,26.5,safe
Srikakulam,PALASA,2724.04,567.32,805.13,29.6,safe
Srikakulam,PATHAPATNAM,2806.49,801.44,978.57,34.9,safe
Srikakulam,POLAKI,5004.23,1281.0,1500.04,30.0,safe
Srikakulam,PONDURU,3776.55,2074.88,2332.76,61.8,safe
Srikakulam,RANASTALAM,5445.15,7468.23,8195.69,150.5,over_exploited
Srikakulam,SANTHABOMMALI,6167.33,296.66,399.56,6.5,safe
Srikakulam,SARAVAKOTA,5447.48,435.04,597.74,11.0,safe
Srikakulam,SARUBUJJILI,2691.12,295.6,434.49,16.1,safe
Srikakulam,SOMPETA,3229.84,1207.42,1414.15,43.8,safe
Srikakulam,SRIKAKULAM MANDAL,3426.02,880.34,1280.57,37.4,safe
Srikakulam,TEKKALI,11611.41,421.84,639.98,5.5,safe
Srikakulam,VAJRAPUKOTHURU,2890.06,523.59,826.49,28.6,safe
NTR,REDDIGUDEM,3728.53,1942.72,2004.82,53.8,safe
NTR,NANDIGAMA,3054.31,1184.41,1329.61,43.5,safe
NTR,MYLAVARAM (KRISHNA),3549.04,1667.7,1853.79,52.2,safe
NTR,VATSAVAI,2468.12,894.2,1002.13,40.6,safe
NTR,VISSANNAPET,4001.47,1755.89,1896.7,47.4,safe
NTR,KANCHIKA CHERLA,1652.33,444.72,556.65,33.7,safe
NTR,VIJAYAWADA NORTH,1530.82,0.0,277.16,18.1,safe
NTR,CHANDARLAPADU,2724.21,697.5,830.24,30.5,safe
NTR,IBRAHIMPATNAM,3548.66,689.17,860.64,24.3,safe
NTR,VIJAYAWADA WEST,197.6,0.0,130.37,66.0,safe
NTR,VIJAYAWADA RURAL,7202.37,680.93,936.33,13.0,safe
NTR,VIJAYAWADA EAST,901.19,0.0,353.18,39.2,safe
NTR,TIRUVURU,4796.45,2358.6,2526.19,52.7,safe
NTR,G KONDURU,3726.19,1137.52,1307.86,35.1,safe
NTR,VEERULLAPADU,2506.74,939.02,1000.19,39.9,safe
NTR,PENUGANCHIPROLU,3039.77,1529.12,1627.64,53.5,safe
NTR,A KONDURU,3099.72,1898.51,1943.99,62.7,safe
NTR,GAMPALAGUDEM,3517.31,1471.44,1614.44,45.9,safe
NTR,JAGGAYYAPETA,3021.41,1038.01,1228.66,40.7,safe
NTR,VIJAYAWADA CENTRAL,2779.89,0.0,615.25,22.1,safe
Anakapalli,NATHAVARAM,5977.69,346.28,477.45,8.0,safe
Anakapalli,DEVARAPALLE (ANAKAPALLI),3752.14,527.67,690.98,18.4,safe
Anakapalli,CHODAVARAM,3694.67,1337.22,1650.91,44.7,safe
Anakapalli,YELAMANCHILI (ANAKAPALLI),2477.99,494.53,746.03,30.1,safe
Anakapalli,PARAVADA,1615.39,246.19,465.85,28.8,safe
Anakapalli,GOLUGONDA,2164.75,311.5,468.0,21.6,safe
Anakapalli,NARSIPATNAM,2693.55,170.89,434.59,16.1,safe
Anakapalli,MAKAVARAPALEM,2750.19,579.14,756.8,27.5,safe
Anakapalli,ROLUGUNTA,2615.09,390.93,541.8,20.7,safe
Anakapalli,RAMBILLI,2607.87,262.31,433.76,16.6,safe
Anakapalli,RAVIKAMATHAM,3904.29,446.5,616.24,15.8,safe
Anakapalli,K KOTAPADU,3681.35,520.22,698.21,19.0,safe
Anakapalli,ANAKAPALLE,3761.17,762.02,1106.14,29.4,safe
Anakapalli,ATCHUTAPURAM,2022.93,646.94,854.95,42.3,safe
Anakapalli,BUTCHAYYAPETA,3404.52,789.08,990.63,29.1,safe
Anakapalli,CHEEDIKADA,3282.1,592.48,974.49,29.7,safe
Anakapalli,KASIMKOTA,3086.7,1283.76,1499.77,48.6,safe
Anakapalli,KOTAURATLA,2966.09,856.28,1019.33,34.4,safe
Anakapalli,MADUGULA,5179.23,1509.37,1728.51,33.4,safe
Anakapalli,MUNAGAPAKA,1649.41,811.98,964.0,58.4,safe
Anakapalli,NAKKAPALLE,4187.71,485.28,754.32,18.0,safe
Anakapalli,PAYAKARAOPETA,3084.31,761.89,1045.81,33.9,safe
Anakapalli,S RAYAVARAM,4150.7,953.56,1196.67,28.8,safe
Anakapalli,SABBAVARAM,3144.97,633.33,851.82,27.1,safe
East Godavari,CHAGALLU,3169.57,2092.81,2277.98,71.9,semi_critical
East Godavari,RANGAMPETA,3016.76,2168.66,2236.85,74.1,semi_critical
East Godavari,THALLAPUDI,2856.01,1015.09,1159.7,40.6,safe
East Godavari,RAJANAGARAM,3442.48,2053.76,2238.66,65.0,safe
East Godavari,RAJAHMUNDRY (URBAN),160.23,0.0,13.21,8.2,safe
East Godavari,GOKAVARAM,6031.01,566.37,781.19,13.0,safe
East Godavari,SEETHANAGARAM,6878.9,1075.39,1290.93,18.8,safe
East Godavari,ANAPARTHI,7917.5,468.91,644.34,8.1,safe
East Godavari,BICCAVOLU,10085.51,681.15,940.53,9.3,safe
East Godavari,KADIAM,8506.93,2697.72,2959.95,34.8,safe
East Godavari,KORUKONDA,12970.31,1426.3,1633.18,12.6,safe
East Godavari,RAJAHMUNDRY RURAL,1267.93,572.59,682.68,53.8,safe
East Godavari,DEVARAPALLE,3656.18,2378.73,2588.36,70.8,semi_critical
East Godavari,GOPALAPURAM,4558.19,2839.49,3013.85,66.1,safe
East Godavari,KOVVUR,4770.53,2465.55,2755.2,57.8,safe
East Godavari,NALLAJERLA,4853.97,3250.59,3467.42,71.4,semi_critical
East Godavari,NIDADAVOLE,4921.71,2315.74,2442.78,49.6,safe
East Godavari,PERAVALI,5109.94,1486.76,1594.54,31.2,safe
East Godavari,UNDRAJAVARAM,7751.72,1333.17,1445.7,18.7,safe
Sri Sathya Sai,CHILAMATHUR,2659.88,1294.23,1528.18,57.5,safe
Sri Sathya Sai,HINDUPUR,4142.52,5569.57,5843.32,141.1,over_exploited
Sri Sathya Sai,OBULADEVARACHERUVU,2085.79,751.86,1060.3,50.8,safe
Sri Sathya Sai,AGALI,2181.78,1079.98,2179.06,99.9,critical
Sri Sathya Sai,SOMANDEPALLE,3247.88,1973.36,2216.46,68.2,safe
Sri Sathya Sai,TANAKAL,4966.55,6259.82,6662.87,134.2,over_exploited
Sri Sathya Sai,AMADAGUR,2200.79,1394.66,1608.5,73.1,semi_critical
Sri Sathya Sai,AMARAPURAM,2641.22,1567.92,1749.35,66.2,safe
Sri Sathya Sai,BATHALAPALLE,3468.81,1275.82,1431.32,41.3,safe
Sri Sathya Sai,BUKKAPATNAM,4498.23,857.06,959.45,21.3,safe
Sri Sathya Sai,CHENNE KOTHAPALLE,3821.57,1383.05,1502.28,39.3,safe
Sri Sathya Sai,DHARMAVARAM,5269.14,1799.2,1920.71,36.5,safe
Sri Sathya Sai,GANDLAPENTA,1641.33,1448.22,2737.75,166.8,over_exploited
Sri Sathya Sai,GORANTLA,4494.55,1436.49,1639.3,36.5,safe
Sri Sathya Sai,GUDIBANDA,2866.67,1994.39,2302.87,80.3,semi_critical
Sri Sathya Sai,KADIRI,2817.09,609.94,785.48,27.9,safe
Sri Sathya Sai,KANAGANAPALLE,5856.62,1819.83,1952.01,33.3,safe
Sri Sathya Sai,KOTHACHERUVU,4363.75,2441.89,2557.24,58.6,safe
Sri Sathya Sai,LEPAKSHI,2410.08,1676.15,1850.83,76.8,semi_critical
Sri Sathya Sai,MADAKASIRA,3834.28,1793.98,2096.45,54.7,safe
Sri Sathya Sai,MUDIGUBBA,6003.61,2111.63,2387.69,39.8,safe
Sri Sathya Sai,NALLACHERUVU,2009.68,1344.7,1506.71,75.0,semi_critical
Sri Sathya Sai,NALLAMADA,2549.01,892.0,1152.49,45.2,safe
Sri Sathya Sai,NAMBULIPULIKUNTA,3221.21,2255.93,2498.27,77.6,semi_critical
Sri Sathya Sai,PARIGI,3617.57,770.45,999.1,27.6,safe
Sri Sathya Sai,PENU KONDA,4151.35,1321.6,1719.92,41.4,safe
Sri Sathya Sai,PUTTAPARTHI,4024.12,1604.96,1735.85,43.1,safe
Sri Sathya Sai,RAMAGIRI,4920.74,1652.19,1799.92,36.6,safe
Sri Sathya Sai,RODDAM,3993.37,2252.59,2641.42,66.1,safe
Sri Sathya Sai,ROLLA,3408.3,3758.31,4077.15,119.6,over_exploited
Sri Sathya Sai,TADIMARRI,3371.35,1864.6,1999.41,59.3,safe
Sri Sathya Sai,TALUPULA,3160.69,1798.36,1990.16,63.0,safe
