mandal_id,elevation_m,slope_deg,twi
SRIKAKULAM|VEERAGHATTAM,91.0,2.5,9.0
SRIKAKULAM|SEETHAMPETA,411.0,2.5,9.0
SRIKAKULAM|BHAMINI,252.0,2.5,9.0
SRIKAKULAM|KOTHURU,60.0,2.5,9.0
SRIKAKULAM|PATHAPATNAM,54.0,2.5,9.0
SRIKAKULAM|MELIAPUTTI,173.0,2.5,9.0
SRIKAKULAM|PALASA,40.0,2.5,9.0
SRIKAKULAM|MANDASA,93.0,2.5,9.0
SRIKAKULAM|KANCHILI,44.0,2.5,9.0
SRIKAKULAM|ICHCHAPURAM,20.0,2.5,9.0
SRIKAKULAM|KAVITI,77.0,2.5,9.0
SRIKAKULAM|SOMPETA,25.0,2.5,9.0
SRIKAKULAM|VAJRAPUKOTHURU,8.0,2.5,9.0
SRIKAKULAM|NANDIGAM,30.0,2.5,9.0
SRIKAKULAM|HIRAMANDALAM,37.0,2.5,9.0
SRIKAKULAM|PALAKONDA,65.0,2.5,9.0
SRIKAKULAM|VANGARA,64.0,2.5,9.0
SRIKAKULAM|REGIDI AMADALAVALASA,60.0,2.5,9.0
SRIKAKULAM|LAKSHMINARSUPETA,36.0,2.5,9.0
SRIKAKULAM|SARAVAKOTA,57.0,2.5,9.0
SRIKAKULAM|TEKKALI,83.0,2.5,9.0
SRIKAKULAM|SANTHABOMMALI,7.0,2.5,9.0
SRIKAKULAM|KOTABOMMALI,29.0,2.5,9.0
SRIKAKULAM|JALUMURU,28.0,2.5,9.0
SRIKAKULAM|SARUBUJJILI,23.0,2.5,9.0
SRIKAKULAM|BURJA,47.0,2.5,9.0
SRIKAKULAM|SANTHAKAVITI,37.0,2.5,9.0
SRIKAKULAM|RAJAM,83.0,2.5,9.0
SRIKAKULAM|GANGUVARISIGADAM,63.0,2.5,9.0
SRIKAKULAM|AMADALAVALASA,33.0,2.5,9.0
SRIKAKULAM|NARASANNAPETA,16.0,2.5,9.0
SRIKAKULAM|POLAKI,5.0,2.5,9.0
SRIKAKULAM|GARA,20.0,2.5,9.0
SRIKAKULAM|SRIKAKULAM,17.0,2.5,9.0
SRIKAKULAM|PONDURU,23.0,2.5,9.0
SRIKAKULAM|LAVERU,30.0,2.5,9.0
SRIKAKULAM|RANASTALAM,62.0,2.5,9.0
SRIKAKULAM|ETCHERLA,37.0,2.5,9.0
VIZIANAGARAM|KOMARADA,474.0,2.5,9.0
VIZIANAGARAM|GUMMALAKSHMIPURAM,366.0,2.5,9.0
VIZIANAGARAM|KURUPAM,503.0,2.5,9.0
VIZIANAGARAM|JIYYAMMAVALASA,111.0,2.5,9.0
VIZIANAGARAM|GARUGUBILLI,99.0,2.5,9.0
VIZIANAGARAM|PARVATHIPURAM,144.0,2.5,9.0
VIZIANAGARAM|MAKKUVA,148.0,2.5,9.0
VIZIANAGARAM|SEETHANAGARAM,105.0,2.5,9.0
VIZIANAGARAM|BALIJIPETA,63.0,2.5,9.0
VIZIANAGARAM|BOBBILI,124.0,2.5,9.0
VIZIANAGARAM|SALUR,185.0,2.5,9.0
VIZIANAGARAM|PACHIPENTA,247.0,2.5,9.0
VIZIANAGARAM|RAMABHADRAPURAM,157.0,2.5,9.0
VIZIANAGARAM|BADANGI,123.0,2.5,9.0
VIZIANAGARAM|THERLAM,87.0,2.5,9.0
VIZIANAGARAM|MERAKAMUDIDAM,124.0,2.5,9.0
VIZIANAGARAM|DATTIRAJERU,129.0,2.5,9.0
VIZIANAGARAM|MENTADA,114.0,2.5,9.0
VIZIANAGARAM|GAJAPATHINAGARAM,86.0,2.5,9.0
VIZIANAGARAM|GARIVIDI,98.0,2.5,9.0
VIZIANAGARAM|CHEEPURUPALLE,88.0,2.5,9.0
VIZIANAGARAM|GURLA,87.0,2.5,9.0
VIZIANAGARAM|BONDAPALLE,76.0,2.5,9.0
VIZIANAGARAM|GANTYADA,64.0,2.5,9.0
VIZIANAGARAM|SRUNGAVARAPUKOTA,86.0,2.5,9.0
VIZIANAGARAM|VEPADA,75.0,2.5,9.0
VIZIANAGARAM|LAKKAVARAPUKOTA,50.0,2.5,9.0
VIZIANAGARAM|KOTHAVALASA,174.0,2.5,9.0
VIZIANAGARAM|JAMI,40.0,2.5,9.0
VIZIANAGARAM|VIZIANAGARAM,77.0,2.5,9.0
VIZIANAGARAM|NELLIMARLA,42.0,2.5,9.0
VIZIANAGARAM|PUSAPATIREGA,61.0,2.5,9.0
VIZIANAGARAM|DENKADA,24.0,2.5,9.0
VIZIANAGARAM|BHOGAPURAM,20.0,2.5,9.0
VISAKHAPATNAM|MUNCHINGI PUTTU,768.0,2.5,9.0
VISAKHAPATNAM|PEDA BAYALU,1063.0,2.5,9.0
VISAKHAPATNAM|DUMBRIGUDA,1106.0,2.5,9.0
VISAKHAPATNAM|ARAKU VALLEY,999.0,2.5,9.0
VISAKHAPATNAM|ANANTHAGIRI,427.0,2.5,9.0
VISAKHAPATNAM|HUKUMPETA,1083.0,2.5,9.0
VISAKHAPATNAM|PADERU,1016.0,2.5,9.0
VISAKHAPATNAM|G.MADUGULA,1131.0,2.5,9.0
VISAKHAPATNAM|CHINTAPALLE,700.0,2.5,9.0
VISAKHAPATNAM|GUDEM KOTHA VEEDHI,957.0,2.5,9.0
VISAKHAPATNAM|KOYYURU,436.0,2.5,9.0
VISAKHAPATNAM|NATHAVARAM,82.0,2.5,9.0
VISAKHAPATNAM|GOLUGONDA,124.0,2.5,9.0
VISAKHAPATNAM|NARSIPATNAM,72.0,2.5,9.0
VISAKHAPATNAM|ROLUGUNTA,78.0,2.5,9.0
VISAKHAPATNAM|RAVIKAMATHAM,115.0,2.5,9.0
VISAKHAPATNAM|MADUGULA,100.0,2.5,9.0
VISAKHAPATNAM|CHEEDIKADA,94.0,2.5,9.0
VISAKHAPATNAM|DEVARAPALLE,105.0,2.5,9.0
VISAKHAPATNAM|K.KOTAPADU,79.0,2.5,9.0
VISAKHAPATNAM|SABBAVARAM,67.0,2.5,9.0
VISAKHAPATNAM|PENDURTHI,39.0,2.5,9.0
VISAKHAPATNAM|ANANDAPURAM,58.0,2.5,9.0
VISAKHAPATNAM|PADMANABHAM,31.0,2.5,9.0
VISAKHAPATNAM|BHEEMUNIPATNAM,8.0,2.5,9.0
VISAKHAPATNAM|VISAKHAPATNAM (RURAL),118.0,2.5,9.0
VISAKHAPATNAM|VISAKHAPATNAM (URBAN),92.0,2.5,9.0
VISAKHAPATNAM|PEDAGANTYADA,16.0,2.5,9.0
VISAKHAPATNAM|GAJUWAKA,19.0,2.5,9.0
VISAKHAPATNAM|PARAVADA,36.0,2.5,9.0
VISAKHAPATNAM|ANAKAPALLE,34.0,2.5,9.0
VISAKHAPATNAM|CHODAVARAM,52.0,2.5,9.0
VISAKHAPATNAM|BUTCHAYYAPETA,77.0,2.5,9.0
VISAKHAPATNAM|KOTAURATLA,85.0,2.5,9.0
VISAKHAPATNAM|MAKAVARAPALEM,86.0,2.5,9.0
VISAKHAPATNAM|KASIMKOTA,65.0,2.5,9.0
VISAKHAPATNAM|MUNAGAPAKA,22.0,2.5,9.0
VISAKHAPATNAM|ATCHUTAPURAM,37.0,2.5,9.0
VISAKHAPATNAM|YELAMANCHILI,223.0,2.5,9.0
VISAKHAPATNAM|NAKKAPALLE,28.0,2.5,9.0
VISAKHAPATNAM|PAYAKARAOPETA,17.0,2.5,9.0
VISAKHAPATNAM|S.RAYAVARAM,13.0,2.5,9.0
VISAKHAPATNAM|RAMBILLI,7.0,2.5,9.0
EAST GODAVARI|NELLIPAKA,79.0,1.5,11.0
EAST GODAVARI|KUNAVARAM,204.0,1.5,11.0
EAST GODAVARI|CHINTUR,72.0,1.5,11.0
EAST GODAVARI|VARARAMACHANDRAPURAM,95.0,1.5,11.0
EAST GODAVARI|MAREDUMILLI,536.0,1.5,11.0
EAST GODAVARI|DEVIPATNAM,168.0,1.5,11.0
EAST GODAVARI|Y. RAMAVARAM,663.0,1.5,11.0
EAST GODAVARI|ADDATEEGALA,468.0,1.5,11.0
EAST GODAVARI|RAJAVOMMANGI,174.0,1.5,11.0
EAST GODAVARI|KOTANANDURU,47.0,1.5,11.0
EAST GODAVARI|TUNI,228.0,1.5,11.0
EAST GODAVARI|ROWTHULAPUDI,89.0,1.5,11.0
EAST GODAVARI|SANKHAVARAM,172.0,1.5,11.0
EAST GODAVARI|YELESWARAM,277.0,1.5,11.0
EAST GODAVARI|GANGAVARAM,199.0,1.5,11.0
EAST GODAVARI|RAMPACHODAVARAM,253.0,1.5,11.0
EAST GODAVARI|SEETHANAGARAM,21.0,1.5,11.0
EAST GODAVARI|GOKAVARAM,65.0,1.5,11.0
EAST GODAVARI|JAGGAMPETA,61.0,1.5,11.0
EAST GODAVARI|KIRLAMPUDI,35.0,1.5,11.0
EAST GODAVARI|PRATHIPADU,76.0,1.5,11.0
EAST GODAVARI|THONDANGI,19.0,1.5,11.0
EAST GODAVARI|GOLLAPROLU,21.0,1.5,11.0
EAST GODAVARI|PEDDAPURAM,32.0,1.5,11.0
EAST GODAVARI|GANDEPALLE,50.0,1.5,11.0
EAST GODAVARI|KORUKONDA,32.0,1.5,11.0
EAST GODAVARI|RAJAHMUNDRY (URBAN),48.0,1.5,11.0
EAST GODAVARI|RAJAHMUNDRY RURAL,54.0,1.5,11.0
EAST GODAVARI|RAJANAGARAM,89.0,1.5,11.0
EAST GODAVARI|RANGAMPETA,48.0,1.5,11.0
EAST GODAVARI|SAMALKOTA,9.0,1.5,11.0
EAST GODAVARI|PITHAPURAM,16.0,1.5,11.0
EAST GODAVARI|KOTHAPALLE,6.0,1.5,11.0
EAST GODAVARI|KAKINADA (RURAL),6.0,1.5,11.0
EAST GODAVARI|KAKINADA (URBAN),8.0,1.5,11.0
EAST GODAVARI|PEDAPUDI,6.0,1.5,11.0
EAST GODAVARI|BICCAVOLU,17.0,1.5,11.0
EAST GODAVARI|ANAPARTHY,13.0,1.5,11.0
EAST GODAVARI|KADIAM,17.0,1.5,11.0
EAST GODAVARI|ATREYAPURAM,19.0,1.5,11.0
EAST GODAVARI|MANDAPETA,10.0,1.5,11.0
EAST GODAVARI|RAYAVARAM,12.0,1.5,11.0
EAST GODAVARI|KARAPA,4.0,1.5,11.0
EAST GODAVARI|KAJULURU,6.0,1.5,11.0
EAST GODAVARI|RAMACHANDRAPURAM,8.0,1.5,11.0
EAST GODAVARI|ALAMURU,12.0,1.5,11.0
EAST GODAVARI|RAVULAPALEM,13.0,1.5,11.0
EAST GODAVARI|KOTHAPETA,14.0,1.5,11.0
EAST GODAVARI|KAPILESWARAPURAM,8.0,1.5,11.0
EAST GODAVARI|PAMARRU,7.0,1.5,11.0
EAST GODAVARI|THALLAREVU,9.0,1.5,11.0
EAST GODAVARI|I. POLAVARAM,5.0,1.5,11.0
EAST GODAVARI|MUMMIDIVARAM,10.0,1.5,11.0
EAST GODAVARI|AINAVILLI,12.0,1.5,11.0
EAST GODAVARI|P.GANNAVARAM,12.0,1.5,11.0
EAST GODAVARI|AMBAJIPETA,7.0,1.5,11.0
EAST GODAVARI|MAMIDIKUDURU,14.0,1.5,11.0
EAST GODAVARI|RAZOLE,12.0,1.5,11.0
EAST GODAVARI|MALIKIPURAM,20.0,1.5,11.0
EAST GODAVARI|SAKHINETIPALLE,9.0,1.5,11.0
EAST GODAVARI|ALLAVARAM,8.0,1.5,11.0
EAST GODAVARI|AMALAPURAM,11.0,1.5,11.0
EAST GODAVARI|UPPALAGUPTAM,9.0,1.5,11.0
EAST GODAVARI|KATRENIKONA,6.0,1.5,11.0
WEST GODAVARI|VELAIRPADU,64.0,1.5,11.0
WEST GODAVARI|KUKUNOOR,68.0,1.5,11.0
WEST GODAVARI|CHINTALAPUDI,113.0,1.5,11.0
WEST GODAVARI|LINGAPALEM,90.0,1.5,11.0
WEST GODAVARI|T.NARASAPURAM,145.0,1.5,11.0
WEST GODAVARI|JEELUGU MILLI,147.0,1.5,11.0
WEST GODAVARI|BUTTAYAGUDEM,193.0,1.5,11.0
WEST GODAVARI|POLAVARAM,411.0,1.5,11.0
WEST GODAVARI|TALLAPUDI,21.0,1.5,11.0
WEST GODAVARI|GOPALAPURAM,41.0,1.5,11.0
WEST GODAVARI|KOYYALAGUDEM,77.0,1.5,11.0
WEST GODAVARI|JANGAREDDIGUDEM,126.0,1.5,11.0
WEST GODAVARI|KAMAVARAPUKOTA,138.0,1.5,11.0
WEST GODAVARI|DWARAKATIRUMALA,90.0,1.5,11.0
WEST GODAVARI|NALLAJERLA,48.0,1.5,11.0
WEST GODAVARI|DEVARAPALLE,88.0,1.5,11.0
WEST GODAVARI|KOVVUR,19.0,1.5,11.0
WEST GODAVARI|CHAGALLU,32.0,1.5,11.0
WEST GODAVARI|NIDADAVOLE,17.0,1.5,11.0
WEST GODAVARI|TADEPALLIGUDEM,31.0,1.5,11.0
WEST GODAVARI|UNGUTURU,23.0,1.5,11.0
WEST GODAVARI|BHIMADOLE,7.0,1.5,11.0
WEST GODAVARI|PEDAVEGI,50.0,1.5,11.0
WEST GODAVARI|PEDAPADU,15.0,1.5,11.0
WEST GODAVARI|ELURU,5.0,1.5,11.0
WEST GODAVARI|DENDULURU,16.0,1.5,11.0
WEST GODAVARI|NIDAMARRU,10.0,1.5,11.0
WEST GODAVARI|PENTAPADU,12.0,1.5,11.0
WEST GODAVARI|UNDRAJAVARAM,13.0,1.5,11.0
WEST GODAVARI|PERAVALI,17.0,1.5,11.0
WEST GODAVARI|TANUKU,12.0,1.5,11.0
WEST GODAVARI|ATTILI,14.0,1.5,11.0
WEST GODAVARI|GANAPAVARAM,8.0,1.5,11.0
WEST GODAVARI|AKIVIDU,8.0,1.5,11.0
WEST GODAVARI|UNDI,8.0,1.5,11.0
WEST GODAVARI|PALACODERU,14.0,1.5,11.0
WEST GODAVARI|PENUMANTRA,11.0,1.5,11.0
WEST GODAVARI|IRAGAVARAM,12.0,1.5,11.0
WEST GODAVARI|PENUGONDA,8.0,1.5,11.0
WEST GODAVARI|ACHANTA,8.0,1.5,11.0
WEST GODAVARI|PODURU,10.0,1.5,11.0
WEST GODAVARI|VEERAVASARAM,8.0,1.5,11.0
WEST GODAVARI|BHIMAVARAM,8.0,1.5,11.0
WEST GODAVARI|KALLA,6.0,1.5,11.0
WEST GODAVARI|MOGALTHUR,6.0,1.5,11.0
WEST GODAVARI|NARASAPURAM,11.0,1.5,11.0
WEST GODAVARI|PALACOLE,15.0,1.5,11.0
WEST GODAVARI|YELAMANCHILI,12.0,1.5,11.0
KRISHNA|VATSAVAI,64.0,1.5,11.0
KRISHNA|JAGGAYYAPETA,72.0,1.5,11.0
KRISHNA|PENUGANCHIPROLU,58.0,1.5,11.0
KRISHNA|NANDIGAMA,45.0,1.5,11.0
KRISHNA|VEERULLAPADU,52.0,1.5,11.0
KRISHNA|MYLAVARAM,79.0,1.5,11.0
KRISHNA|GAMPALAGUDEM,92.0,1.5,11.0
KRISHNA|TIRUVURU,94.0,1.5,11.0
KRISHNA|A.KONDURU,103.0,1.5,11.0
KRISHNA|REDDIGUDEM,95.0,1.5,11.0
KRISHNA|VISSANNAPET,124.0,1.5,11.0
KRISHNA|CHATRAI,119.0,1.5,11.0
KRISHNA|MUSUNURU,71.0,1.5,11.0
KRISHNA|NUZVID,98.0,1.5,11.0
KRISHNA|BAPULAPADU,34.0,1.5,11.0
KRISHNA|AGIRIPALLE,67.0,1.5,11.0
KRISHNA|G.KONDURU,60.0,1.5,11.0
KRISHNA|KANCHIKACHERLA,39.0,1.5,11.0
KRISHNA|CHANDARLAPADU,53.0,1.5,11.0
KRISHNA|IBRAHIMPATNAM,172.0,1.5,11.0
KRISHNA|VIJAYAWADA (URBAN),20.0,1.5,11.0
KRISHNA|VIJAYAWADA (RURAL),35.0,1.5,11.0
KRISHNA|GANNAVARAM,28.0,1.5,11.0
KRISHNA|UNGUTURU,13.0,1.5,11.0
KRISHNA|NANDIVADA,7.0,1.5,11.0
KRISHNA|MANDAVALLI,5.0,1.5,11.0
KRISHNA|KAIKALUR,6.0,1.5,11.0
KRISHNA|KALIDINDI,4.0,1.5,11.0
KRISHNA|KRUTHIVENNU,4.0,1.5,11.0
KRISHNA|BANTUMILLI,4.0,1.5,11.0
KRISHNA|MUDINEPALLE,6.0,1.5,11.0
KRISHNA|GUDIVADA,4.0,1.5,11.0
KRISHNA|PEDAPARUPUDI,8.0,1.5,11.0
KRISHNA|KANKIPADU,15.0,1.5,11.0
KRISHNA|PENAMALURU,17.0,1.5,11.0
KRISHNA|THOTLAVALLURU,13.0,1.5,11.0
KRISHNA|PAMIDIMUKKALA,9.0,1.5,11.0
KRISHNA|VUYYURU,10.0,1.5,11.0
KRISHNA|PAMARRU,9.0,1.5,11.0
KRISHNA|GUDLAVALLERU,8.0,1.5,11.0
KRISHNA|PEDANA,7.0,1.5,11.0
KRISHNA|GUDURU,6.0,1.5,11.0
KRISHNA|MOVVA,8.0,1.5,11.0
KRISHNA|GHANTASALA,7.0,1.5,11.0
KRISHNA|MACHILIPATNAM,5.0,1.5,11.0
KRISHNA|CHALLAPALLE,8.0,1.5,11.0
KRISHNA|MOPIDEVI,9.0,1.5,11.0
KRISHNA|AVANIGADDA,9.0,1.5,11.0
KRISHNA|NAGAYALANKA,3.0,1.5,11.0
KRISHNA|KODURU,5.0,1.5,11.0
GUNTUR|MACHERLA,151.0,1.5,11.0
GUNTUR|VELDURTHI,203.0,1.5,11.0
GUNTUR|DURGI,196.0,1.5,11.0
GUNTUR|RENTACHINTALA,102.0,1.5,11.0
GUNTUR|GURAZALA,108.0,1.5,11.0
GUNTUR|DACHEPALLE,85.0,1.5,11.0
GUNTUR|KAREMPUDI,130.0,1.5,11.0
GUNTUR|PIDUGURALLA,115.0,1.5,11.0
GUNTUR|MACHAVARAM,87.0,1.5,11.0
GUNTUR|BELLAMKONDA,115.0,1.5,11.0
GUNTUR|ATCHAMPET,43.0,1.5,11.0
GUNTUR|KROSURU,52.0,1.5,11.0
GUNTUR|AMARAVATHI,42.0,1.5,11.0
GUNTUR|THULLUR,27.0,1.5,11.0
GUNTUR|TADEPALLE,25.0,1.5,11.0
GUNTUR|MANGALAGIRI,65.0,1.5,11.0
GUNTUR|TADIKONDA,66.0,1.5,11.0
GUNTUR|PEDAKURAPADU,51.0,1.5,11.0
GUNTUR|SATTENAPALLE,60.0,1.5,11.0
GUNTUR|RAJUPALEM,136.0,1.5,11.0
GUNTUR|NEKARIKALLU,119.0,1.5,11.0
GUNTUR|BOLLAPALLE,474.0,1.5,11.0
GUNTUR|VINUKONDA,73.0,1.5,11.0
GUNTUR|NUZENDLA,96.0,1.5,11.0
GUNTUR|SAVALYAPURAM H/O KANAMARLAPUDI,100.0,1.5,11.0
GUNTUR|IPUR,115.0,1.5,11.0
GUNTUR|ROMPICHERLA,94.0,1.5,11.0
GUNTUR|NARASARAOPET,74.0,1.5,11.0
GUNTUR|MUPPALLA,84.0,1.5,11.0
GUNTUR|NADENDLA,50.0,1.5,11.0
GUNTUR|CHILAKALURIPET H/O.PURUSHOTH*,35.0,1.5,11.0
GUNTUR|EDLAPADU,60.0,1.5,11.0
GUNTUR|PHIRANGIPURAM,63.0,1.5,11.0
GUNTUR|MEDIKONDURU,48.0,1.5,11.0
GUNTUR|GUNTUR,32.0,1.5,11.0
GUNTUR|PEDAKAKANI,15.0,1.5,11.0
GUNTUR|DUGGIRALA,14.0,1.5,11.0
GUNTUR|KOLLIPARA,11.0,1.5,11.0
GUNTUR|TENALI,17.0,1.5,11.0
GUNTUR|CHEBROLU,15.0,1.5,11.0
GUNTUR|VATTICHERUKURU,12.0,1.5,11.0
GUNTUR|PRATHIPADU,26.0,1.5,11.0
GUNTUR|PEDANANDIPADU,14.0,1.5,11.0
GUNTUR|KAKUMANU,11.0,1.5,11.0
GUNTUR|PONNUR,6.0,1.5,11.0
GUNTUR|TSUNDUR,7.0,1.5,11.0
GUNTUR|AMRUTHALUR,8.0,1.5,11.0
GUNTUR|VEMURU,8.0,1.5,11.0
GUNTUR|KOLLUR,10.0,1.5,11.0
GUNTUR|BHATTIPROLU,7.0,1.5,11.0
GUNTUR|CHERUKUPALLE H/O ARUMBAKA,4.0,1.5,11.0
GUNTUR|PITTALAVANIPALEM,9.0,1.5,11.0
GUNTUR|KARLAPALEM,3.0,1.5,11.0
GUNTUR|BAPATLA,7.0,1.5,11.0
GUNTUR|NIZAMPATNAM,5.0,1.5,11.0
GUNTUR|NAGARAM,3.0,1.5,11.0
GUNTUR|REPALLE,5.0,1.5,11.0
PRAKASAM|YERRAGONDAPALEM,196.0,2.5,9.0
PRAKASAM|PULLALACHERUVU,192.0,2.5,9.0
PRAKASAM|TRIPURANTHAKAM,130.0,2.5,9.0
PRAKASAM|DORNALA,221.0,2.5,9.0
PRAKASAM|PEDA ARAVEEDU,182.0,2.5,9.0
PRAKASAM|DONAKONDA,144.0,2.5,9.0
PRAKASAM|KURICHEDU,125.0,2.5,9.0
PRAKASAM|SANTHAMAGULURU,69.0,2.5,9.0
PRAKASAM|BALLIKURAVA,50.0,2.5,9.0
PRAKASAM|MARTUR,48.0,2.5,9.0
PRAKASAM|YEDDANA PUDI,27.0,2.5,9.0
PRAKASAM|PARCHUR,9.0,2.5,9.0
PRAKASAM|KARAMCHEDU,4.0,2.5,9.0
PRAKASAM|INKOLLU,18.0,2.5,9.0
PRAKASAM|JANAKAVARAMPANGULURU,38.0,2.5,9.0
PRAKASAM|ADDANKI,26.0,2.5,9.0
PRAKASAM|MUNDLAMURU,61.0,2.5,9.0
PRAKASAM|DARSI,115.0,2.5,9.0
PRAKASAM|MARKAPUR,142.0,2.5,9.0
PRAKASAM|ARDHAVEEDU,224.0,2.5,9.0
PRAKASAM|CUMBUM,187.0,2.5,9.0
PRAKASAM|TARLUPADU,180.0,2.5,9.0
PRAKASAM|KONAKANAMITLA,140.0,2.5,9.0
PRAKASAM|PODILI,88.0,2.5,9.0
PRAKASAM|THALLUR,60.0,2.5,9.0
PRAKASAM|KORISAPADU,30.0,2.5,9.0
PRAKASAM|CHIRALA,9.0,2.5,9.0
PRAKASAM|VETAPALEM,9.0,2.5,9.0
PRAKASAM|CHINAGANJAM,2.0,2.5,9.0
PRAKASAM|NAGULUPPALA PADU,8.0,2.5,9.0
PRAKASAM|MADDIPADU,17.0,2.5,9.0
PRAKASAM|CHIMAKURTHI,56.0,2.5,9.0
PRAKASAM|MARRIPUDI,64.0,2.5,9.0
PRAKASAM|HANUMANTHUNI PADU,137.0,2.5,9.0
PRAKASAM|BESTAWARIPETA,620.0,2.5,9.0
PRAKASAM|RACHERLA,241.0,2.5,9.0
PRAKASAM|GIDDALUR,317.0,2.5,9.0
PRAKASAM|KOMAROLU,260.0,2.5,9.0
PRAKASAM|VELIGANDLA,138.0,2.5,9.0
PRAKASAM|KANIGIRI,101.0,2.5,9.0
PRAKASAM|KONDAPI,30.0,2.5,9.0
PRAKASAM|SANTHANUTHALA PADU,40.0,2.5,9.0
PRAKASAM|ONGOLE,8.0,2.5,9.0
PRAKASAM|KOTHA PATNAM,6.0,2.5,9.0
PRAKASAM|TANGUTUR,11.0,2.5,9.0
PRAKASAM|ZARUGUMILLI,23.0,2.5,9.0
PRAKASAM|PONNALURU,45.0,2.5,9.0
PRAKASAM|PEDACHERLO PALLE,77.0,2.5,9.0
PRAKASAM|CHANDRA SEKHARA PURAM,231.0,2.5,9.0
PRAKASAM|PAMUR,111.0,2.5,9.0
PRAKASAM|VOLETIVARIPALEM,52.0,2.5,9.0
PRAKASAM|KANDUKUR,26.0,2.5,9.0
PRAKASAM|SINGARAYAKONDA,14.0,2.5,9.0
PRAKASAM|LINGASAMUDRAM,39.0,2.5,9.0
PRAKASAM|GUDLURU,24.0,2.5,9.0
PRAKASAM|ULAVAPADU,15.0,2.5,9.0
SRI POTTI SRIRAMULU NELLORE|SEETHARAMAPURAM,215.0,2.5,9.0
SRI POTTI SRIRAMULU NELLORE|UDAYAGIRI,150.0,2.5,9.0
SRI POTTI SRIRAMULU NELLORE|VARIKUNTAPADU,117.0,2.5,9.0
SRI POTTI SRIRAMULU NELLORE|KONDAPURAM,49.0,2.5,9.0
SRI POTTI SRIRAMULU NELLORE|JALADANKI,24.0,2.5,9.0
SRI POTTI SRIRAMULU NELLORE|KAVALI,34.0,2.5,9.0
SRI POTTI SRIRAMULU NELLORE|BOGOLE,11.0,2.5,9.0
SRI POTTI SRIRAMULU NELLORE|KALIGIRI,70.0,2.5,9.0
SRI POTTI SRIRAMULU NELLORE|VINJAMUR,114.0,2.5,9.0
SRI POTTI SRIRAMULU NELLORE|DUTTALUR,131.0,2.5,9.0
SRI POTTI SRIRAMULU NELLORE|MARRIPADU,127.0,2.5,9.0
SRI POTTI SRIRAMULU NELLORE|ATMAKUR,62.0,2.5,9.0
SRI POTTI SRIRAMULU NELLORE|ANUMASAMUDRAMPETA,49.0,2.5,9.0
SRI POTTI SRIRAMULU NELLORE|DAGADARTHI,26.0,2.5,9.0
SRI POTTI SRIRAMULU NELLORE|ALLUR,4.0,2.5,9.0
SRI POTTI SRIRAMULU NELLORE|VIDAVALUR,5.0,2.5,9.0
SRI POTTI SRIRAMULU NELLORE|KODAVALUR,14.0,2.5,9.0
SRI POTTI SRIRAMULU NELLORE|BUCHIREDDIPALEM,26.0,2.5,9.0
SRI POTTI SRIRAMULU NELLORE|SANGAM,36.0,2.5,9.0
SRI POTTI SRIRAMULU NELLORE|CHEJERLA,70.0,2.5,9.0
SRI POTTI SRIRAMULU NELLORE|ANANTHASAGARAM,179.0,2.5,9.0
SRI POTTI SRIRAMULU NELLORE|KALUVOYA,97.0,2.5,9.0
SRI POTTI SRIRAMULU NELLORE|RAPUR,78.0,2.5,9.0
SRI POTTI SRIRAMULU NELLORE|PODALAKUR,60.0,2.5,9.0
SRI POTTI SRIRAMULU NELLORE|NELLORE,34.0,2.5,9.0
SRI POTTI SRIRAMULU NELLORE|KOVUR,16.0,2.5,9.0
SRI POTTI SRIRAMULU NELLORE|INDUKURPET,6.0,2.5,9.0
SRI POTTI SRIRAMULU NELLORE|THOTAPALLIGUDUR,7.0,2.5,9.0
SRI POTTI SRIRAMULU NELLORE|MUTHUKUR,9.0,2.5,9.0
SRI POTTI SRIRAMULU NELLORE|VENKATACHALAM,39.0,2.5,9.0
SRI POTTI SRIRAMULU NELLORE|MANUBOLU,11.0,2.5,9.0
SRI POTTI SRIRAMULU NELLORE|GUDUR,16.0,2.5,9.0
SRI POTTI SRIRAMULU NELLORE|SYDAPURAM,65.0,2.5,9.0
SRI POTTI SRIRAMULU NELLORE|DAKKILI,47.0,2.5,9.0
SRI POTTI SRIRAMULU NELLORE|VENKATAGIRI,68.0,2.5,9.0
SRI POTTI SRIRAMULU NELLORE|BALAYAPALLE,47.0,2.5,9.0
SRI POTTI SRIRAMULU NELLORE|OJILI,42.0,2.5,9.0
SRI POTTI SRIRAMULU NELLORE|CHILLAKUR,7.0,2.5,9.0
SRI POTTI SRIRAMULU NELLORE|KOTA,2.0,2.5,9.0
SRI POTTI SRIRAMULU NELLORE|VAKADU,7.0,2.5,9.0
SRI POTTI SRIRAMULU NELLORE|CHITTAMUR,17.0,2.5,9.0
SRI POTTI SRIRAMULU NELLORE|NAIDUPET,24.0,2.5,9.0
SRI POTTI SRIRAMULU NELLORE|PELLAKUR,36.0,2.5,9.0
SRI POTTI SRIRAMULU NELLORE|DORAVARISATRAM,17.0,2.5,9.0
SRI POTTI SRIRAMULU NELLORE|SULLURPETA,0.0,2.5,9.0
SRI POTTI SRIRAMULU NELLORE|TADA,0.0,2.5,9.0
Y.S.R.|KONDAPURAM,223.0,5.0,7.0
Y.S.R.|MYLAVARAM,200.0,5.0,7.0
Y.S.R.|PEDDAMUDIUM,166.0,5.0,7.0
Y.S.R.|RAJUPALEM,156.0,5.0,7.0
Y.S.R.|DUVVUR,155.0,5.0,7.0
Y.S.R.|S.MYDUKUR,274.0,5.0,7.0
Y.S.R.|BRAHMAMGARIMATTAM,161.0,5.0,7.0
Y.S.R.|SRI AVADHUTHA KASINAYANA,220.0,5.0,7.0
Y.S.R.|KALASAPADU,204.0,5.0,7.0
Y.S.R.|PORUMAMILLA,192.0,5.0,7.0
Y.S.R.|B.KODUR,145.0,5.0,7.0
Y.S.R.|BADVEL,120.0,5.0,7.0
Y.S.R.|GOPAVARAM,120.0,5.0,7.0
Y.S.R.|KHAJIPET,134.0,5.0,7.0
Y.S.R.|CHAPAD,145.0,5.0,7.0
Y.S.R.|PRODDATUR,156.0,5.0,7.0
Y.S.R.|JAMMALAMADUGU,185.0,5.0,7.0
Y.S.R.|MUDDANUR,242.0,5.0,7.0
Y.S.R.|SIMHADRIPURAM,231.0,5.0,7.0
Y.S.R.|LINGALA,332.0,5.0,7.0
Y.S.R.|PULIVENDLA,291.0,5.0,7.0
Y.S.R.|VEMULA,224.0,5.0,7.0
Y.S.R.|THONDUR,212.0,5.0,7.0
Y.S.R.|VEERAPUNAYUNIPALLE,193.0,5.0,7.0
Y.S.R.|YERRAGUNTLA,173.0,5.0,7.0
Y.S.R.|KAMALAPURAM,154.0,5.0,7.0
Y.S.R.|VALLUR,141.0,5.0,7.0
Y.S.R.|CHENNUR,157.0,5.0,7.0
Y.S.R.|ATLUR,100.0,5.0,7.0
Y.S.R.|VONTIMITTA,121.0,5.0,7.0
Y.S.R.|SIDHOUT,685.0,5.0,7.0
Y.S.R.|KADAPA,123.0,5.0,7.0
Y.S.R.|CHINTHAKOMMADINNE,155.0,5.0,7.0
Y.S.R.|PENDLIMARRI,497.0,5.0,7.0
Y.S.R.|VEMPALLE,239.0,5.0,7.0
Y.S.R.|CHAKRAYAPET,269.0,5.0,7.0
Y.S.R.|GALIVEEDU,397.0,5.0,7.0
Y.S.R.|CHINNAMANDEM,480.0,5.0,7.0
Y.S.R.|SAMBEPALLE,440.0,5.0,7.0
Y.S.R.|T SUNDUPALLE,271.0,5.0,7.0
Y.S.R.|RAYACHOTI,374.0,5.0,7.0
Y.S.R.|LAKKIREDDIPALLE,408.0,5.0,7.0
Y.S.R.|RAMAPURAM,323.0,5.0,7.0
Y.S.R.|VEERABALLE,265.0,5.0,7.0
Y.S.R.|NANDALUR,245.0,5.0,7.0
Y.S.R.|PENAGALUR,133.0,5.0,7.0
Y.S.R.|CHITVEL,212.0,5.0,7.0
Y.S.R.|RAJAMPET,175.0,5.0,7.0
Y.S.R.|PULLAMPETA,246.0,5.0,7.0
Y.S.R.|OBULAVARIPALLE,189.0,5.0,7.0
Y.S.R.|KODUR,196.0,5.0,7.0
KURNOOL|MANTRALAYAM,345.0,5.0,7.0
KURNOOL|KOSIGI,346.0,5.0,7.0
KURNOOL|KOWTHALAM,366.0,5.0,7.0
KURNOOL|PEDDA KADUBUR,384.0,5.0,7.0
KURNOOL|YEMMIGANUR,382.0,5.0,7.0
KURNOOL|NANDAVARAM,337.0,5.0,7.0
KURNOOL|C.BELAGAL,310.0,5.0,7.0
KURNOOL|GUDUR,339.0,5.0,7.0
KURNOOL|KALLUR,307.0,5.0,7.0
KURNOOL|KURNOOL,299.0,5.0,7.0
KURNOOL|NANDIKOTKUR,281.0,5.0,7.0
KURNOOL|PAGIDYALA,290.0,5.0,7.0
KURNOOL|JUPADU BUNGALOW,282.0,5.0,7.0
KURNOOL|KOTHAPALLE,334.0,5.0,7.0
KURNOOL|SRISAILAM,468.0,5.0,7.0
KURNOOL|ATMAKUR,578.0,5.0,7.0
KURNOOL|PAMULAPADU,292.0,5.0,7.0
KURNOOL|MIDTHUR,305.0,5.0,7.0
KURNOOL|ORVAKAL,348.0,5.0,7.0
KURNOOL|KODUMUR,353.0,5.0,7.0
KURNOOL|GONEGANDLA,376.0,5.0,7.0
KURNOOL|ADONI,407.0,5.0,7.0
KURNOOL|HOLAGUNDA,413.0,5.0,7.0
KURNOOL|HALAHARVI,417.0,5.0,7.0
KURNOOL|ALUR,462.0,5.0,7.0
KURNOOL|ASPARI,437.0,5.0,7.0
KURNOOL|DEVANAKONDA,465.0,5.0,7.0
KURNOOL|KRISHNAGIRI,392.0,5.0,7.0
KURNOOL|VELDURTHI,397.0,5.0,7.0
KURNOOL|BETHAMCHERLA,439.0,5.0,7.0
KURNOOL|PANYAM,276.0,5.0,7.0
KURNOOL|GADIVEMULA,327.0,5.0,7.0
KURNOOL|VELGODE,254.0,5.0,7.0
KURNOOL|BANDI ATMAKUR,232.0,5.0,7.0
KURNOOL|NANDYAL,209.0,5.0,7.0
KURNOOL|MAHANANDI,238.0,5.0,7.0
KURNOOL|SIRVEL,207.0,5.0,7.0
KURNOOL|GOSPADU,205.0,5.0,7.0
KURNOOL|BANAGANAPALLE,243.0,5.0,7.0
KURNOOL|DHONE,446.0,5.0,7.0
KURNOOL|PATTIKONDA,456.0,5.0,7.0
KURNOOL|CHIPPAGIRI,436.0,5.0,7.0
KURNOOL|MADDIKERA (EAST),462.0,5.0,7.0
KURNOOL|TUGGALI,541.0,5.0,7.0
KURNOOL|PEAPALLY,500.0,5.0,7.0
KURNOOL|OWK,271.0,5.0,7.0
KURNOOL|KOILKUNTLA,196.0,5.0,7.0
KURNOOL|RUDRAVARAM,221.0,5.0,7.0
KURNOOL|ALLAGADDA,181.0,5.0,7.0
KURNOOL|DORNIPADU,183.0,5.0,7.0
KURNOOL|SANJAMALA,200.0,5.0,7.0
KURNOOL|KOLIMIGUNDLA,301.0,5.0,7.0
KURNOOL|UYYALAWADA,175.0,5.0,7.0
KURNOOL|CHAGALAMARRI,178.0,5.0,7.0
ANANTAPUR|D.HIREHAL,484.0,5.0,7.0
ANANTAPUR|RAYADURG,531.0,5.0,7.0
ANANTAPUR|KANEKAL,453.0,5.0,7.0
ANANTAPUR|BOMMANAHAL,443.0,5.0,7.0
ANANTAPUR|VIDAPANAKAL,455.0,5.0,7.0
ANANTAPUR|GUNTAKAL,417.0,5.0,7.0
ANANTAPUR|GOOTY,357.0,5.0,7.0
ANANTAPUR|PEDDAVADUGUR,317.0,5.0,7.0
ANANTAPUR|YADIKI,294.0,5.0,7.0
ANANTAPUR|TADPATRI,244.0,5.0,7.0
ANANTAPUR|PEDDAPAPPUR,256.0,5.0,7.0
ANANTAPUR|PAMIDI,327.0,5.0,7.0
ANANTAPUR|VAJRAKARUR,468.0,5.0,7.0
ANANTAPUR|URAVAKONDA,471.0,5.0,7.0
ANANTAPUR|BELUGUPPA,496.0,5.0,7.0
ANANTAPUR|GUMMAGATTA,517.0,5.0,7.0
ANANTAPUR|BRAHMASAMUDRAM,508.0,5.0,7.0
ANANTAPUR|KALYANDURG,507.0,5.0,7.0
ANANTAPUR|ATMAKUR,442.0,5.0,7.0
ANANTAPUR|KUDAIR,438.0,5.0,7.0
ANANTAPUR|GARLADINNE,336.0,5.0,7.0
ANANTAPUR|SINGANAMALA,392.0,5.0,7.0
ANANTAPUR|PUTLUR,309.0,5.0,7.0
ANANTAPUR|YELLANUR,266.0,5.0,7.0
ANANTAPUR|NARPALA,319.0,5.0,7.0
ANANTAPUR|BUKKARAYA SAMUDRAM,324.0,5.0,7.0
ANANTAPUR|ANANTAPUR,364.0,5.0,7.0
ANANTAPUR|RAPTADU,389.0,5.0,7.0
ANANTAPUR|SETTUR,552.0,5.0,7.0
ANANTAPUR|KUNDURPI,601.0,5.0,7.0
ANANTAPUR|KAMBADUR,543.0,5.0,7.0
ANANTAPUR|KANAGANAPALLE,435.0,5.0,7.0
ANANTAPUR|DHARMAVARAM,345.0,5.0,7.0
ANANTAPUR|BATHALAPALLE,347.0,5.0,7.0
ANANTAPUR|TADIMARRI,323.0,5.0,7.0
ANANTAPUR|MUDIGUBBA,396.0,5.0,7.0
ANANTAPUR|TALUPULA,433.0,5.0,7.0
ANANTAPUR|NAMBULIPULIKUNTA,468.0,5.0,7.0
ANANTAPUR|GANDLAPENTA,532.0,5.0,7.0
ANANTAPUR|KADIRI,506.0,5.0,7.0
ANANTAPUR|NALLAMADA,573.0,5.0,7.0
ANANTAPUR|BUKKAPATNAM,438.0,5.0,7.0
ANANTAPUR|KOTHACHERUVU,429.0,5.0,7.0
ANANTAPUR|CHENNEKOTHAPALLE,426.0,5.0,7.0
ANANTAPUR|RAMAGIRI,533.0,5.0,7.0
ANANTAPUR|RODDAM,573.0,5.0,7.0
ANANTAPUR|MADAKASIRA,668.0,5.0,7.0
ANANTAPUR|AMARAPURAM,614.0,5.0,7.0
ANANTAPUR|GUDIBANDA,716.0,5.0,7.0
ANANTAPUR|ROLLA,716.0,5.0,7.0
ANANTAPUR|AGALI,676.0,5.0,7.0
ANANTAPUR|PARIGI,621.0,5.0,7.0
ANANTAPUR|PENUKONDA,544.0,5.0,7.0
ANANTAPUR|PUTTAPARTHI,535.0,5.0,7.0
ANANTAPUR|OBULADEVARACHERUVU,591.0,5.0,7.0
ANANTAPUR|NALLACHERUVU,574.0,5.0,7.0
ANANTAPUR|TANAKAL,582.0,5.0,7.0
ANANTAPUR|AMADAGUR,735.0,5.0,7.0
ANANTAPUR|GORANTLA,626.0,5.0,7.0
ANANTAPUR|SOMANDEPALLE,629.0,5.0,7.0
ANANTAPUR|HINDUPUR,625.0,5.0,7.0
ANANTAPUR|LEPAKSHI,642.0,5.0,7.0
ANANTAPUR|CHILAMATHUR,706.0,5.0,7.0
CHITTOOR|MULAKALACHERUVU,587.0,5.0,7.0
CHITTOOR|THAMBALLAPALLE,560.0,5.0,7.0
CHITTOOR|PEDDAMANDYAM,501.0,5.0,7.0
CHITTOOR|GURRAMKONDA,552.0,5.0,7.0
CHITTOOR|KALAKADA,467.0,5.0,7.0
CHITTOOR|KAMBHAMVARIPALLE,490.0,5.0,7.0
CHITTOOR|ROMPICHERLA,512.0,5.0,7.0
CHITTOOR|YERRAVARIPALEM,531.0,5.0,7.0
CHITTOOR|TIRUPATI (RURAL),149.0,5.0,7.0
CHITTOOR|RENIGUNTA,140.0,5.0,7.0
CHITTOOR|YERPEDU,366.0,5.0,7.0
CHITTOOR|SRIKALAHASTI,78.0,5.0,7.0
CHITTOOR|THOTTAMBEDU,57.0,5.0,7.0
CHITTOOR|BUCHINAIDU KANDRIGA,43.0,5.0,7.0
CHITTOOR|VARADAIAHPALEM,32.0,5.0,7.0
CHITTOOR|K.V.B.PURAM,94.0,5.0,7.0
CHITTOOR|TIRUPATI (URBAN),1033.0,5.0,7.0
CHITTOOR|CHANDRAGIRI,430.0,5.0,7.0
CHITTOOR|CHINNAGOTTIGALLU,582.0,5.0,7.0
CHITTOOR|PILERU,455.0,5.0,7.0
CHITTOOR|KALIKIRI,519.0,5.0,7.0
CHITTOOR|VALMIKIPURAM,587.0,5.0,7.0
CHITTOOR|KURABALAKOTA,701.0,5.0,7.0
CHITTOOR|PEDDA THIPPASAMUDRAM,697.0,5.0,7.0
CHITTOOR|B.KOTHAKOTA,706.0,5.0,7.0
CHITTOOR|MADANAPALLE,694.0,5.0,7.0
CHITTOOR|NIMMANAPALLE,610.0,5.0,7.0
CHITTOOR|SODAM,549.0,5.0,7.0
CHITTOOR|PULICHERLA,540.0,5.0,7.0
CHITTOOR|PAKALA,418.0,5.0,7.0
CHITTOOR|VEDURUKUPPAM,353.0,5.0,7.0
CHITTOOR|RAMACHANDRAPURAM,299.0,5.0,7.0
CHITTOOR|VADAMALAPETA,141.0,5.0,7.0
CHITTOOR|NARAYANAVANAM,262.0,5.0,7.0
CHITTOOR|PICHATUR,68.0,5.0,7.0
CHITTOOR|SATYAVEDU,101.0,5.0,7.0
CHITTOOR|NAGALAPURAM,94.0,5.0,7.0
CHITTOOR|NINDRA,89.0,5.0,7.0
CHITTOOR|VIJAYAPURAM,95.0,5.0,7.0
CHITTOOR|NAGARI,115.0,5.0,7.0
CHITTOOR|PUTTUR,182.0,5.0,7.0
CHITTOOR|KARVETINAGAR,217.0,5.0,7.0
CHITTOOR|PENUMURU,362.0,5.0,7.0
CHITTOOR|PUTHALAPATTU,324.0,5.0,7.0
CHITTOOR|IRALA,393.0,5.0,7.0
CHITTOOR|SOMALA,640.0,5.0,7.0
CHITTOOR|CHOWDEPALLE,729.0,5.0,7.0
CHITTOOR|RAMASAMUDRAM,792.0,5.0,7.0
CHITTOOR|PUNGANUR,764.0,5.0,7.0
CHITTOOR|PEDDAPANJANI,690.0,5.0,7.0
CHITTOOR|GANGAVARAM,674.0,5.0,7.0
CHITTOOR|THAVANAMPALLE,385.0,5.0,7.0
CHITTOOR|SRIRANGARAJAPURAM,239.0,5.0,7.0
CHITTOOR|GANGADHARA NELLORE,281.0,5.0,7.0
CHITTOOR|CHITTOOR,356.0,5.0,7.0
CHITTOOR|PALAMANER,638.0,5.0,7.0
CHITTOOR|BAIREDDIPALLE,696.0,5.0,7.0
CHITTOOR|VENKATAGIRIKOTA,725.0,5.0,7.0
CHITTOOR|SANTHIPURAM,750.0,5.0,7.0
CHITTOOR|GUDUPALLE,733.0,5.0,7.0
CHITTOOR|KUPPAM,590.0,5.0,7.0
CHITTOOR|RAMAKUPPAM,770.0,5.0,7.0
CHITTOOR|BANGARUPALEM,426.0,5.0,7.0
CHITTOOR|YADAMARRI,430.0,5.0,7.0
CHITTOOR|GUDIPALA,338.0,5.0,7.0
CHITTOOR|PALASAMUDRAM,220.0,5.0,7.0
