mandal_uuid,district,mandal,reason
04479a49-6e02-44a2-b5ba-d7dcf1c96957,Polavaram,Yetpaka,"No unique normalized name match; spelling, district or duplicate-boundary reconciliation required"
0984fc95-8ed8-46dc-a486-e8b5f7cef465,Kurnool,VELDURTHI (KURNOOL),"No unique normalized name match; spelling, district or duplicate-boundary reconciliation required"
0c6a9b03-b77b-4601-9e8c-e996ef7ea47e,Visakhapatnam,Maharanipeta,"No unique normalized name match; spelling, district or duplicate-boundary reconciliation required"
11c6ca26-db81-499c-a8fc-dc17372ef4c8,Konaseema,Ramachandrapuram,"No unique normalized name match; spelling, district or duplicate-boundary reconciliation required"
1c291902-8518-4eac-9b21-b268e5b91fac,West Godavari,AKIVEEDU,"No unique normalized name match; spelling, district or duplicate-boundary reconciliation required"
22edffac-11c7-4867-b7ec-3fa25335c608,Kurnool,GUDUR (KURNOOL),"No unique normalized name match; spelling, district or duplicate-boundary reconciliation required"
27d41f9d-2526-4152-ab6e-39818b05a2bd,Y.S.R Kadapa,Mylavaram,"No unique normalized name match; spelling, district or duplicate-boundary reconciliation required"
2a30f939-edec-4481-a9c4-8ee8bfc634da,Krishna,BAPULAPAD,"No unique normalized name match; spelling, district or duplicate-boundary reconciliation required"
2da5e9a5-4d86-411a-b86d-d39c0a93589b,Polavaram,Gurthedu,"No unique normalized name match; spelling, district or duplicate-boundary reconciliation required"
32bf9848-0387-4a9c-96dc-5da32c5de5c2,NTR,MYLAVARAM (KRISHNA),"No unique normalized name match; spelling, district or duplicate-boundary reconciliation required"
34459a27-adbb-4885-b088-5aa76744cbbc,Parvathipuram Manyam,SEETHANAGARAM (VIZIANAGARAM),"No unique normalized name match; spelling, district or duplicate-boundary reconciliation required"
3910ae3c-7958-45a4-98b4-e272d1d8abdb,Kakinada,U.Kothapalle,"No unique normalized name match; spelling, district or duplicate-boundary reconciliation required"
453af372-387e-464e-910c-d050c506595c,Tirupati,YARRAVARIPALEM,"No unique normalized name match; spelling, district or duplicate-boundary reconciliation required"
458e29b0-1bbf-4076-a322-456c45cef0c5,Nandyal,Kothapalle,"No unique normalized name match; spelling, district or duplicate-boundary reconciliation required"
485a7081-4134-4344-91fd-1f808bd16fd6,Palnadu,Veldurthi,"No unique normalized name match; spelling, district or duplicate-boundary reconciliation required"
4d0d8890-c13e-420a-be8d-410916e21c3a,Chittoor,Rompicherla,"No unique normalized name match; spelling, district or duplicate-boundary reconciliation required"
5d8ceb6f-4d12-4ec5-bbb2-61cd17e68c01,Krishna,Pamarru,"No unique normalized name match; spelling, district or duplicate-boundary reconciliation required"
5e6b2ed8-4cef-49a3-84f4-156120714541,Eluru,MUDINAPALLE,"No unique normalized name match; spelling, district or duplicate-boundary reconciliation required"
64a84a16-fd85-4ab5-a9ea-3a95f6935564,Konaseema,Kotipalli Gangavaram,"No unique normalized name match; spelling, district or duplicate-boundary reconciliation required"
68f18a00-3104-4b6c-9054-868bc4ef057b,Visakhapatnam,Gopalapatnam (m),"No unique normalized name match; spelling, district or duplicate-boundary reconciliation required"
6e0f8620-9aee-479e-a7a1-b20ed22b6717,Tirupati,PENAGALURU,"No unique normalized name match; spelling, district or duplicate-boundary reconciliation required"
713c0673-375d-4af9-8be2-50e71d7e481e,Anakapalli,YELAMANCHILI (VISAKHAPATNAM),"No unique normalized name match; spelling, district or duplicate-boundary reconciliation required"
7ec14913-ffee-49c8-9e65-e9731d297dd0,Annamayya,MANDAPALLE,"No unique normalized name match; spelling, district or duplicate-boundary reconciliation required"
7fe5373d-8e9e-48e9-9c24-7caa36ae354f,Polavaram,GANGAVARAM (EAST GODAVARI),"No unique normalized name match; spelling, district or duplicate-boundary reconciliation required"
84196691-4762-480a-98f0-3a03a843d7ba,West Godavari,Yelamanchili,"No unique normalized name match; spelling, district or duplicate-boundary reconciliation required"
87def732-030e-40b5-a67e-c795ffa607e7,Nandyal,ATMAKUR (KURNOOL),"No unique normalized name match; spelling, district or duplicate-boundary reconciliation required"
898d2321-da3d-4730-8ac9-77e47ec076e6,Sri Potti Sriramulu Nellore,ATMAKUR (NELLORE),"No unique normalized name match; spelling, district or duplicate-boundary reconciliation required"
8ec07b4d-ae96-4094-9f6e-8020ef9e7898,Y.S.R Kadapa,CHAKNAYAPET,"No unique normalized name match; spelling, district or duplicate-boundary reconciliation required"
9313cf61-d194-4573-b17c-18b487e228e0,Parvathipuram Manyam,BALAJIPETA,"No unique normalized name match; spelling, district or duplicate-boundary reconciliation required"
93ff3954-7cf9-42c3-a43d-32503a9bc1d2,Y.S.R Kadapa,RAJU PALEM,"No unique normalized name match; spelling, district or duplicate-boundary reconciliation required"
96709996-c534-4c81-aa8c-0a790a632bd7,Eluru,PADAVEGI,"No unique normalized name match; spelling, district or duplicate-boundary reconciliation required"
9b51ace6-4426-47bf-ad6b-94a4da4afc8a,Tirupati,RAMACHANDRAPURAM-17,"No unique normalized name match; spelling, district or duplicate-boundary reconciliation required"
a3467a09-8a06-43cb-8864-cf33dbe1a388,Chittoor,Gangavaram,"No unique normalized name match; spelling, district or duplicate-boundary reconciliation required"
a787b206-5ac2-4266-8f50-9c922c74c313,Palnadu,ROMPICHERLA (GUNTUR),"No unique normalized name match; spelling, district or duplicate-boundary reconciliation required"
a8920649-0067-48c0-b39a-96613bf5e402,East Godavari,Devarapalle,"No unique normalized name match; spelling, district or duplicate-boundary reconciliation required"
a98c1a51-1dde-42d7-a3a6-f07464ea5d10,Guntur,CHEBROLE,"No unique normalized name match; spelling, district or duplicate-boundary reconciliation required"
b4a94b07-65d2-4bad-a6fa-c1af03e2bd7c,Sri Potti Sriramulu Nellore,KONDAPURAM (NELLORE),"No unique normalized name match; spelling, district or duplicate-boundary reconciliation required"
bb2620c3-5437-4c64-b412-54d1611d1a17,Y.S.R Kadapa,Kondapuram,"No unique normalized name match; spelling, district or duplicate-boundary reconciliation required"
bff9cb90-8c08-4510-bfde-fa69bdd3774e,Sri Potti Sriramulu Nellore,Gudur,"No unique normalized name match; spelling, district or duplicate-boundary reconciliation required"
c4e64dc6-79b6-48c7-b273-7d0b2cb7d17f,Y.S.R Kadapa,THANDUR,"No unique normalized name match; spelling, district or duplicate-boundary reconciliation required"
c575a7e5-202c-488d-9d65-8bc1477d5470,Bapatla,Cherukupalle,"No unique normalized name match; spelling, district or duplicate-boundary reconciliation required"
c62baeba-f69b-437b-9bf4-62942f4fa396,Eluru,Ungutur,"No unique normalized name match; spelling, district or duplicate-boundary reconciliation required"
c899c337-62c4-467a-89bc-920c809924d5,Anakapalli,DEVARAPALLE (VISAKHAPATNAM),"No unique normalized name match; spelling, district or duplicate-boundary reconciliation required"
c91349a1-9a74-4fa8-97f9-5abd3ea58940,Palnadu,Chilakaluripet,"No unique normalized name match; spelling, district or duplicate-boundary reconciliation required"
cbf2afa2-fba0-4a1c-8b57-76775d774bdf,Srikakulam,GANGUVARI SINGADAM,"No unique normalized name match; spelling, district or duplicate-boundary reconciliation required"
cc8d1c38-c5f1-4fc4-8a2d-9eb67ad478a4,Visakhapatnam,Mulagada,"No unique normalized name match; spelling, district or duplicate-boundary reconciliation required"
cce9074b-d78b-470e-b26b-aff8f480efeb,Y.S.R Kadapa,Y.S.R.Kadapa,"No unique normalized name match; spelling, district or duplicate-boundary reconciliation required"
d8da8a39-4b53-4f06-bc14-716250ee9f05,Krishna,GUDUR (KRISHNA),"No unique normalized name match; spelling, district or duplicate-boundary reconciliation required"
dd017499-816b-4ffa-b100-112b6b17a4ea,Visakhapatnam,Seethammadhara,"No unique normalized name match; spelling, district or duplicate-boundary reconciliation required"
dfac8f90-d3b8-4dca-a920-aee17e7ed0c8,Krishna,Unguturu,"No unique normalized name match; spelling, district or duplicate-boundary reconciliation required"
e1a0e8ec-fffd-4969-b92e-2089f8d37c88,Palnadu,Savalyapuram,"No unique normalized name match; spelling, district or duplicate-boundary reconciliation required"
e5808365-a379-4c85-892f-96562344744b,Kakinada,PRATHIPADU (EAST GODAVARI),"No unique normalized name match; spelling, district or duplicate-boundary reconciliation required"
e9467991-fbb0-465b-955e-9469a29c6170,East Godavari,Seethanagaram,"No unique normalized name match; spelling, district or duplicate-boundary reconciliation required"
e9fb8430-50ea-4570-8383-a87f982d4919,Palnadu,Rajupalem,"No unique normalized name match; spelling, district or duplicate-boundary reconciliation required"
ed6b5ad9-9b9f-4822-96c9-32b361f6b60d,Ananthapuramu,D HIRCHAL,"No unique normalized name match; spelling, district or duplicate-boundary reconciliation required"
f62abe72-4ee7-4c9f-847a-a5de163c8bb9,Ananthapuramu,Atmakur,"No unique normalized name match; spelling, district or duplicate-boundary reconciliation required"
fb0e1913-061e-4480-a327-03778b1116ba,Guntur,Prathipadu,"No unique normalized name match; spelling, district or duplicate-boundary reconciliation required"
