mandal_id,mandal_name,district,grace_gws_anom_cm,grace_gws_pctl,rootzone_pctl,surface_pctl,rain_1m_mm,rain_3m_mm,et_1m_mm,water_balance_mm,specific_yield,elevation_m,slope_deg,twi,phys_level_change_m,month_sin,month_cos,lat,lon,aquifer_type,has_sensor
SRIKAKULAM|VEERAGHATTAM,Veeraghattam,Srikakulam,9.84,99.2,99.8,99.3,10.9,26.2,86.5,940.3,0.08,91.0,2.5,9.0,1.23,1.0,0.0,18.695,83.6344,coastal,False
SRIKAKULAM|SEETHAMPETA,Seethampeta,Srikakulam,9.84,99.2,99.8,99.3,12.0,28.8,86.5,1093.5,0.08,411.0,2.5,9.0,1.23,1.0,0.0,18.7152,83.7815,coastal,False
SRIKAKULAM|BHAMINI,Bhamini,Srikakulam,9.84,99.2,99.8,99.3,8.4,20.2,86.5,1006.5,0.08,252.0,2.5,9.0,1.23,1.0,0.0,18.9121,83.7889,coastal,False
SRIKAKULAM|KOTHURU,Kothuru,Srikakulam,9.84,99.2,99.8,99.3,7.4,17.8,86.5,980.4,0.08,60.0,2.5,9.0,1.23,1.0,0.0,18.7638,83.8952,coastal,False
SRIKAKULAM|PATHAPATNAM,Pathapatnam,Srikakulam,9.84,99.2,99.8,99.3,8.8,21.1,86.5,992.4,0.08,54.0,2.5,9.0,1.23,1.0,0.0,18.7141,84.08,coastal,False
SRIKAKULAM|MELIAPUTTI,Meliaputti,Srikakulam,9.84,99.2,99.8,99.3,7.4,17.8,86.5,994.8,0.08,173.0,2.5,9.0,1.23,1.0,0.0,18.7566,84.2703,coastal,False
SRIKAKULAM|PALASA,Palasa,Srikakulam,9.84,99.2,99.8,99.3,5.2,12.5,86.5,844.2,0.08,40.0,2.5,9.0,1.23,1.0,0.0,18.8093,84.3813,coastal,False
SRIKAKULAM|MANDASA,Mandasa,Srikakulam,9.84,99.2,99.8,99.3,9.0,21.6,86.5,832.1,0.08,93.0,2.5,9.0,1.23,1.0,0.0,18.9002,84.4495,coastal,False
SRIKAKULAM|KANCHILI,Kanchili,Srikakulam,9.84,99.2,99.8,99.3,9.2,22.1,86.5,774.8,0.08,44.0,2.5,9.0,1.23,1.0,0.0,18.9905,84.5618,coastal,False
SRIKAKULAM|ICHCHAPURAM,Ichchapuram,Srikakulam,9.84,99.2,99.8,99.3,5.4,13.0,86.5,717.7,0.08,20.0,2.5,9.0,1.23,1.0,0.0,19.1169,84.6746,coastal,False
SRIKAKULAM|KAVITI,Kaviti,Srikakulam,9.84,99.2,99.8,99.3,9.4,22.6,86.5,751.3,0.08,77.0,2.5,9.0,1.23,1.0,0.0,19.0294,84.6591,coastal,False
SRIKAKULAM|SOMPETA,Sompeta,Srikakulam,9.84,99.2,99.8,99.3,5.6,13.4,86.5,730.1,0.08,25.0,2.5,9.0,1.23,1.0,0.0,18.9403,84.547,coastal,False
SRIKAKULAM|VAJRAPUKOTHURU,Vajrapukothuru,Srikakulam,9.84,99.2,99.8,99.3,5.4,13.0,86.5,744.2,0.08,8.0,2.5,9.0,1.23,1.0,0.0,18.7169,84.4383,coastal,False
SRIKAKULAM|NANDIGAM,Nandigam,Srikakulam,9.84,99.2,99.8,99.3,13.7,32.9,86.5,826.9,0.08,30.0,2.5,9.0,1.23,1.0,0.0,18.6706,84.2901,coastal,False
SRIKAKULAM|HIRAMANDALAM,Hiramandalam,Srikakulam,9.84,99.2,99.8,99.3,9.3,22.3,86.5,961.8,0.08,37.0,2.5,9.0,1.23,1.0,0.0,18.6706,83.9648,coastal,False
SRIKAKULAM|PALAKONDA,Palakonda,Srikakulam,9.84,99.2,99.8,99.3,16.6,39.8,86.5,931.2,0.08,65.0,2.5,9.0,1.23,1.0,0.0,18.6369,83.7177,coastal,False
SRIKAKULAM|VANGARA,Vangara,Srikakulam,9.84,99.2,99.8,99.3,8.0,19.2,86.5,941.0,0.08,64.0,2.5,9.0,1.23,1.0,0.0,18.6091,83.5803,coastal,False
SRIKAKULAM|REGIDI AMADALAVALASA,Regidi Amadalavalasa,Srikakulam,9.84,99.2,99.8,99.3,8.2,19.7,86.5,885.4,0.08,60.0,2.5,9.0,1.23,1.0,0.0,18.5354,83.699,coastal,False
SRIKAKULAM|LAKSHMINARSUPETA,Lakshminarsupeta,Srikakulam,9.84,99.2,99.8,99.3,6.8,16.3,86.5,874.3,0.08,36.0,2.5,9.0,1.23,1.0,0.0,18.6116,83.9313,coastal,False
SRIKAKULAM|SARAVAKOTA,Saravakota,Srikakulam,9.84,99.2,99.8,99.3,3.9,9.4,86.5,905.0,0.08,57.0,2.5,9.0,1.23,1.0,0.0,18.632,84.0535,coastal,False
SRIKAKULAM|TEKKALI,Tekkali,Srikakulam,9.84,99.2,99.8,99.3,6.1,14.6,86.5,807.2,0.08,83.0,2.5,9.0,1.23,1.0,0.0,18.6153,84.2035,coastal,False
SRIKAKULAM|SANTHABOMMALI,Santhabommali,Srikakulam,9.84,99.2,99.8,99.3,5.8,13.9,86.5,686.7,0.08,7.0,2.5,9.0,1.23,1.0,0.0,18.5626,84.2819,coastal,False
SRIKAKULAM|KOTABOMMALI,Kotabommali,Srikakulam,9.84,99.2,99.8,99.3,4.8,11.5,86.5,746.7,0.08,29.0,2.5,9.0,1.23,1.0,0.0,18.5211,84.1299,coastal,False
SRIKAKULAM|JALUMURU,Jalumuru,Srikakulam,9.84,99.2,99.8,99.3,8.0,19.2,86.5,784.3,0.08,28.0,2.5,9.0,1.23,1.0,0.0,18.5422,84.0073,coastal,False
SRIKAKULAM|SARUBUJJILI,Sarubujjili,Srikakulam,9.84,99.2,99.8,99.3,4.1,9.8,86.5,802.1,0.08,23.0,2.5,9.0,1.23,1.0,0.0,18.5202,83.9355,coastal,False
SRIKAKULAM|BURJA,Burja,Srikakulam,9.84,99.2,99.8,99.3,6.8,16.3,86.5,850.0,0.08,47.0,2.5,9.0,1.23,1.0,0.0,18.5403,83.8287,coastal,False
SRIKAKULAM|SANTHAKAVITI,Santhakaviti,Srikakulam,9.84,99.2,99.8,99.3,6.6,15.8,86.5,790.7,0.08,37.0,2.5,9.0,1.23,1.0,0.0,18.4657,83.7529,coastal,False
SRIKAKULAM|RAJAM,Rajam,Srikakulam,9.84,99.2,99.8,99.3,9.8,23.5,86.5,864.2,0.08,83.0,2.5,9.0,1.23,1.0,0.0,18.46,83.6382,coastal,False
SRIKAKULAM|GANGUVARISIGADAM,Ganguvarisigadam,Srikakulam,9.84,99.2,99.8,99.3,8.7,20.9,86.5,780.2,0.08,63.0,2.5,9.0,1.23,1.0,0.0,18.3737,83.6775,coastal,False
SRIKAKULAM|AMADALAVALASA,Amadalavalasa,Srikakulam,9.84,99.2,99.8,99.3,5.4,13.0,86.5,742.0,0.08,33.0,2.5,9.0,1.23,1.0,0.0,18.4193,83.8937,coastal,False
SRIKAKULAM|NARASANNAPETA,Narasannapeta,Srikakulam,9.84,99.2,99.8,99.3,3.4,8.2,86.5,678.4,0.08,16.0,2.5,9.0,1.23,1.0,0.0,18.4395,83.9973,coastal,False
SRIKAKULAM|POLAKI,Polaki,Srikakulam,9.84,99.2,99.8,99.3,5.6,13.4,86.5,630.5,0.08,5.0,2.5,9.0,1.23,1.0,0.0,18.4161,84.1271,coastal,False
SRIKAKULAM|GARA,Gara,Srikakulam,9.84,99.2,99.8,99.3,6.4,15.4,86.5,578.4,0.08,20.0,2.5,9.0,1.23,1.0,0.0,18.3106,84.0064,coastal,False
SRIKAKULAM|SRIKAKULAM,Srikakulam,Srikakulam,9.84,99.2,99.8,99.3,3.9,9.4,86.5,631.6,0.08,17.0,2.5,9.0,1.23,1.0,0.0,18.3311,83.9311,coastal,False
SRIKAKULAM|PONDURU,Ponduru,Srikakulam,9.84,99.2,99.8,99.3,7.1,17.0,86.5,677.8,0.08,23.0,2.5,9.0,1.23,1.0,0.0,18.3406,83.8072,coastal,False
SRIKAKULAM|LAVERU,Laveru,Srikakulam,9.84,99.2,99.8,99.3,8.3,19.9,86.5,650.7,0.08,30.0,2.5,9.0,1.23,1.0,0.0,18.2516,83.7374,coastal,False
SRIKAKULAM|RANASTALAM,Ranastalam,Srikakulam,9.84,99.2,99.8,99.3,10.9,26.2,86.5,604.4,0.08,62.0,2.5,9.0,1.23,1.0,0.0,18.1756,83.6664,coastal,False
SRIKAKULAM|ETCHERLA,Etcherla,Srikakulam,9.84,99.2,99.8,99.3,7.1,17.0,86.5,577.5,0.08,37.0,2.5,9.0,1.23,1.0,0.0,18.2407,83.8381,coastal,False
VIZIANAGARAM|KOMARADA,Komarada,Vizianagaram,10.0,100.0,99.2,99.0,17.3,41.5,87.3,958.6,0.08,474.0,2.5,9.0,1.25,1.0,0.0,18.9226,83.4067,coastal,False
VIZIANAGARAM|GUMMALAKSHMIPURAM,Gummalakshmipuram,Vizianagaram,10.0,100.0,99.2,99.0,10.5,25.2,87.3,943.7,0.08,366.0,2.5,9.0,1.25,1.0,0.0,19.0306,83.5744,coastal,False
VIZIANAGARAM|KURUPAM,Kurupam,Vizianagaram,10.0,100.0,99.2,99.0,15.3,36.7,87.3,1016.9,0.08,503.0,2.5,9.0,1.25,1.0,0.0,18.8729,83.6528,coastal,False
VIZIANAGARAM|JIYYAMMAVALASA,Jiyyammavalasa,Vizianagaram,10.0,100.0,99.2,99.0,12.1,29.0,87.3,930.4,0.08,111.0,2.5,9.0,1.25,1.0,0.0,18.8208,83.5672,coastal,False
VIZIANAGARAM|GARUGUBILLI,Garugubilli,Vizianagaram,10.0,100.0,99.2,99.0,10.8,25.9,87.3,928.7,0.08,99.0,2.5,9.0,1.25,1.0,0.0,18.7484,83.5016,coastal,False
VIZIANAGARAM|PARVATHIPURAM,Parvathipuram,Vizianagaram,10.0,100.0,99.2,99.0,10.6,25.4,87.3,940.9,0.08,144.0,2.5,9.0,1.25,1.0,0.0,18.7629,83.3705,coastal,False
VIZIANAGARAM|MAKKUVA,Makkuva,Vizianagaram,10.0,100.0,99.2,99.0,13.0,31.2,87.3,870.0,0.08,148.0,2.5,9.0,1.25,1.0,0.0,18.7167,83.2362,coastal,False
VIZIANAGARAM|SEETHANAGARAM,Seethanagaram,Vizianagaram,10.0,100.0,99.2,99.0,15.7,37.7,87.3,887.3,0.08,105.0,2.5,9.0,1.25,1.0,0.0,18.6782,83.3849,coastal,False
VIZIANAGARAM|BALIJIPETA,Balijipeta,Vizianagaram,10.0,100.0,99.2,99.0,13.0,31.2,87.3,937.0,0.08,63.0,2.5,9.0,1.25,1.0,0.0,18.6013,83.551,coastal,False
VIZIANAGARAM|BOBBILI,Bobbili,Vizianagaram,10.0,100.0,99.2,99.0,10.6,25.4,87.3,874.1,0.08,124.0,2.5,9.0,1.25,1.0,0.0,18.5998,83.3938,coastal,False
VIZIANAGARAM|SALUR,Salur,Vizianagaram,10.0,100.0,99.2,99.0,16.4,39.4,87.3,1024.0,0.08,185.0,2.5,9.0,1.25,1.0,0.0,18.6227,83.1557,coastal,False
VIZIANAGARAM|PACHIPENTA,Pachipenta,Vizianagaram,10.0,100.0,99.2,99.0,17.2,41.3,87.3,885.4,0.08,247.0,2.5,9.0,1.25,1.0,0.0,18.4464,83.1241,coastal,False
VIZIANAGARAM|RAMABHADRAPURAM,Ramabhadrapuram,Vizianagaram,10.0,100.0,99.2,99.0,16.6,39.8,87.3,796.0,0.08,157.0,2.5,9.0,1.25,1.0,0.0,18.4912,83.2631,coastal,False
VIZIANAGARAM|BADANGI,Badangi,Vizianagaram,10.0,100.0,99.2,99.0,9.9,23.8,87.3,862.6,0.08,123.0,2.5,9.0,1.25,1.0,0.0,18.4968,83.4113,coastal,False
VIZIANAGARAM|THERLAM,Therlam,Vizianagaram,10.0,100.0,99.2,99.0,14.5,34.8,87.3,939.0,0.08,87.0,2.5,9.0,1.25,1.0,0.0,18.4968,83.5138,coastal,False
VIZIANAGARAM|MERAKAMUDIDAM,Merakamudidam,Vizianagaram,10.0,100.0,99.2,99.0,12.0,28.8,87.3,905.4,0.08,124.0,2.5,9.0,1.25,1.0,0.0,18.3959,83.5026,coastal,False
VIZIANAGARAM|DATTIRAJERU,Dattirajeru,Vizianagaram,10.0,100.0,99.2,99.0,12.8,30.7,87.3,812.2,0.08,129.0,2.5,9.0,1.25,1.0,0.0,18.4204,83.4049,coastal,False
VIZIANAGARAM|MENTADA,Mentada,Vizianagaram,10.0,100.0,99.2,99.0,8.1,19.4,87.3,756.8,0.08,114.0,2.5,9.0,1.25,1.0,0.0,18.3528,83.2594,coastal,False
VIZIANAGARAM|GAJAPATHINAGARAM,Gajapathinagaram,Vizianagaram,10.0,100.0,99.2,99.0,10.2,24.5,87.3,773.2,0.08,86.0,2.5,9.0,1.25,1.0,0.0,18.3137,83.347,coastal,False
VIZIANAGARAM|GARIVIDI,Garividi,Vizianagaram,10.0,100.0,99.2,99.0,4.5,10.8,87.3,827.0,0.08,98.0,2.5,9.0,1.25,1.0,0.0,18.3111,83.5633,coastal,False
VIZIANAGARAM|CHEEPURUPALLE,Cheepurupalle,Vizianagaram,10.0,100.0,99.2,99.0,5.1,12.2,87.3,775.8,0.08,88.0,2.5,9.0,1.25,1.0,0.0,18.282,83.6116,coastal,False
VIZIANAGARAM|GURLA,Gurla,Vizianagaram,10.0,100.0,99.2,99.0,13.5,32.4,87.3,791.1,0.08,87.0,2.5,9.0,1.25,1.0,0.0,18.2531,83.5114,coastal,False
VIZIANAGARAM|BONDAPALLE,Bondapalle,Vizianagaram,10.0,100.0,99.2,99.0,10.6,25.4,87.3,713.9,0.08,76.0,2.5,9.0,1.25,1.0,0.0,18.2193,83.2825,coastal,False
VIZIANAGARAM|GANTYADA,Gantyada,Vizianagaram,10.0,100.0,99.2,99.0,6.4,15.4,87.3,670.7,0.08,64.0,2.5,9.0,1.25,1.0,0.0,18.1532,83.2395,coastal,False
VIZIANAGARAM|SRUNGAVARAPUKOTA,Srungavarapukota,Vizianagaram,10.0,100.0,99.2,99.0,24.7,59.3,87.3,685.9,0.08,86.0,2.5,9.0,1.25,1.0,0.0,18.1369,83.1536,coastal,False
VIZIANAGARAM|VEPADA,Vepada,Vizianagaram,10.0,100.0,99.2,99.0,10.5,25.2,87.3,736.5,0.08,75.0,2.5,9.0,1.25,1.0,0.0,18.0244,83.0819,coastal,False
VIZIANAGARAM|LAKKAVARAPUKOTA,Lakkavarapukota,Vizianagaram,10.0,100.0,99.2,99.0,5.3,12.7,87.3,647.9,0.08,50.0,2.5,9.0,1.25,1.0,0.0,18.0114,83.174,coastal,False
VIZIANAGARAM|KOTHAVALASA,Kothavalasa,Vizianagaram,10.0,100.0,99.2,99.0,6.5,15.6,87.3,575.1,0.08,174.0,2.5,9.0,1.25,1.0,0.0,17.9236,83.2101,coastal,False
VIZIANAGARAM|JAMI,Jami,Vizianagaram,10.0,100.0,99.2,99.0,5.9,14.2,87.3,611.1,0.08,40.0,2.5,9.0,1.25,1.0,0.0,18.0436,83.2561,coastal,False
VIZIANAGARAM|VIZIANAGARAM,Vizianagaram,Vizianagaram,10.0,100.0,99.2,99.0,6.1,14.6,87.3,667.5,0.08,77.0,2.5,9.0,1.25,1.0,0.0,18.1231,83.3708,coastal,False
VIZIANAGARAM|NELLIMARLA,Nellimarla,Vizianagaram,10.0,100.0,99.2,99.0,3.2,7.7,87.3,719.4,0.08,42.0,2.5,9.0,1.25,1.0,0.0,18.1958,83.4707,coastal,False
VIZIANAGARAM|PUSAPATIREGA,Pusapatirega,Vizianagaram,10.0,100.0,99.2,99.0,7.3,17.5,87.3,599.4,0.08,61.0,2.5,9.0,1.25,1.0,0.0,18.0861,83.5668,coastal,False
VIZIANAGARAM|DENKADA,Denkada,Vizianagaram,10.0,100.0,99.2,99.0,8.0,19.2,87.3,594.2,0.08,24.0,2.5,9.0,1.25,1.0,0.0,18.0558,83.4666,coastal,False
VIZIANAGARAM|BHOGAPURAM,Bhogapuram,Vizianagaram,10.0,100.0,99.2,99.0,3.6,8.6,87.3,521.1,0.08,20.0,2.5,9.0,1.25,1.0,0.0,17.9917,83.4992,coastal,False
VISAKHAPATNAM|MUNCHINGI PUTTU,Munchingi Puttu,Visakhapatnam,9.86,99.3,94.1,97.7,11.8,28.3,86.1,1085.5,0.08,768.0,2.5,9.0,1.232,1.0,0.0,18.3716,82.449,coastal,False
VISAKHAPATNAM|PEDA BAYALU,Peda Bayalu,Visakhapatnam,9.86,99.3,94.1,97.7,20.8,49.9,86.1,1004.8,0.08,1063.0,2.5,9.0,1.232,1.0,0.0,18.1817,82.485,coastal,False
VISAKHAPATNAM|DUMBRIGUDA,Dumbriguda,Visakhapatnam,9.86,99.3,94.1,97.7,11.5,27.6,86.1,1240.3,0.08,1106.0,2.5,9.0,1.232,1.0,0.0,18.3239,82.8153,coastal,False
VISAKHAPATNAM|ARAKU VALLEY,Araku Valley,Visakhapatnam,9.86,99.3,94.1,97.7,14.7,35.3,86.1,1287.8,0.08,999.0,2.5,9.0,1.232,1.0,0.0,18.3079,82.9602,coastal,False
VISAKHAPATNAM|ANANTHAGIRI,Ananthagiri,Visakhapatnam,9.86,99.3,94.1,97.7,11.8,28.3,86.1,974.4,0.08,427.0,2.5,9.0,1.232,1.0,0.0,18.1959,83.0487,coastal,False
VISAKHAPATNAM|HUKUMPETA,Hukumpeta,Visakhapatnam,9.86,99.3,94.1,97.7,15.1,36.2,86.1,1162.0,0.08,1083.0,2.5,9.0,1.232,1.0,0.0,18.1632,82.8102,coastal,False
VISAKHAPATNAM|PADERU,Paderu,Visakhapatnam,9.86,99.3,94.1,97.7,13.3,31.9,86.1,990.0,0.08,1016.0,2.5,9.0,1.232,1.0,0.0,18.0438,82.7,coastal,False
VISAKHAPATNAM|G.MADUGULA,G.Madugula,Visakhapatnam,9.86,99.3,94.1,97.7,16.7,40.1,86.1,945.3,0.08,1131.0,2.5,9.0,1.232,1.0,0.0,18.0167,82.5625,coastal,False
VISAKHAPATNAM|CHINTAPALLE,Chintapalle,Visakhapatnam,9.86,99.3,94.1,97.7,17.8,42.7,86.1,776.9,0.08,700.0,2.5,9.0,1.232,1.0,0.0,17.9594,82.3994,coastal,False
VISAKHAPATNAM|GUDEM KOTHA VEEDHI,Gudem Kotha Veedhi,Visakhapatnam,9.86,99.3,94.1,97.7,20.8,49.9,86.1,752.9,0.08,957.0,2.5,9.0,1.232,1.0,0.0,17.9027,82.1664,coastal,False
VISAKHAPATNAM|KOYYURU,Koyyuru,Visakhapatnam,9.86,99.3,94.1,97.7,10.9,26.2,86.1,603.4,0.08,436.0,2.5,9.0,1.232,1.0,0.0,17.7151,82.266,coastal,False
VISAKHAPATNAM|NATHAVARAM,Nathavaram,Visakhapatnam,9.86,99.3,94.1,97.7,6.5,15.6,86.1,462.5,0.08,82.0,2.5,9.0,1.232,1.0,0.0,17.5429,82.48,coastal,False
VISAKHAPATNAM|GOLUGONDA,Golugonda,Visakhapatnam,9.86,99.3,94.1,97.7,8.6,20.6,86.1,551.7,0.08,124.0,2.5,9.0,1.232,1.0,0.0,17.6753,82.4764,coastal,False
VISAKHAPATNAM|NARSIPATNAM,Narsipatnam,Visakhapatnam,9.86,99.3,94.1,97.7,8.6,20.6,86.1,463.7,0.08,72.0,2.5,9.0,1.232,1.0,0.0,17.6471,82.6088,coastal,False
VISAKHAPATNAM|ROLUGUNTA,Rolugunta,Visakhapatnam,9.86,99.3,94.1,97.7,9.1,21.8,86.1,556.6,0.08,78.0,2.5,9.0,1.232,1.0,0.0,17.7243,82.6754,coastal,False
VISAKHAPATNAM|RAVIKAMATHAM,Ravikamatham,Visakhapatnam,9.86,99.3,94.1,97.7,10.4,25.0,86.1,603.1,0.08,115.0,2.5,9.0,1.232,1.0,0.0,17.7956,82.7585,coastal,False
VISAKHAPATNAM|MADUGULA,Madugula,Visakhapatnam,9.86,99.3,94.1,97.7,9.4,22.6,86.1,715.4,0.08,100.0,2.5,9.0,1.232,1.0,0.0,17.8905,82.7469,coastal,False
VISAKHAPATNAM|CHEEDIKADA,Cheedikada,Visakhapatnam,9.86,99.3,94.1,97.7,5.0,12.0,86.1,741.3,0.08,94.0,2.5,9.0,1.232,1.0,0.0,17.945,82.8796,coastal,False
VISAKHAPATNAM|DEVARAPALLE,Devarapalle,Visakhapatnam,9.86,99.3,94.1,97.7,4.4,10.6,86.1,755.4,0.08,105.0,2.5,9.0,1.232,1.0,0.0,17.9912,82.9802,coastal,False
VISAKHAPATNAM|K.KOTAPADU,K.Kotapadu,Visakhapatnam,9.86,99.3,94.1,97.7,6.8,16.3,86.1,663.2,0.08,79.0,2.5,9.0,1.232,1.0,0.0,17.9156,83.053,coastal,False
VISAKHAPATNAM|SABBAVARAM,Sabbavaram,Visakhapatnam,9.86,99.3,94.1,97.7,6.8,16.3,86.1,524.2,0.08,67.0,2.5,9.0,1.232,1.0,0.0,17.7879,83.0943,coastal,False
VISAKHAPATNAM|PENDURTHI,Pendurthi,Visakhapatnam,9.86,99.3,94.1,97.7,7.5,18.0,86.1,435.8,0.08,39.0,2.5,9.0,1.232,1.0,0.0,17.8192,83.2055,coastal,False
VISAKHAPATNAM|ANANDAPURAM,Anandapuram,Visakhapatnam,9.86,99.3,94.1,97.7,5.2,12.5,86.1,499.7,0.08,58.0,2.5,9.0,1.232,1.0,0.0,17.8984,83.3041,coastal,False
VISAKHAPATNAM|PADMANABHAM,Padmanabham,Visakhapatnam,9.86,99.3,94.1,97.7,5.5,13.2,86.1,565.7,0.08,31.0,2.5,9.0,1.232,1.0,0.0,18.0052,83.333,coastal,False
VISAKHAPATNAM|BHEEMUNIPATNAM,Bheemunipatnam,Visakhapatnam,9.86,99.3,94.1,97.7,5.0,12.0,86.1,450.3,0.08,8.0,2.5,9.0,1.232,1.0,0.0,17.9306,83.4164,coastal,False
VISAKHAPATNAM|VISAKHAPATNAM (RURAL),Visakhapatnam (Rural),Visakhapatnam,9.86,99.3,94.1,97.7,3.0,7.2,86.1,431.7,0.08,118.0,2.5,9.0,1.232,1.0,0.0,17.7966,83.313,coastal,False
VISAKHAPATNAM|VISAKHAPATNAM (URBAN),Visakhapatnam (Urban),Visakhapatnam,9.86,99.3,94.1,97.7,4.8,11.5,86.1,327.8,0.08,92.0,2.5,9.0,1.232,1.0,0.0,17.7467,83.3015,coastal,False
VISAKHAPATNAM|PEDAGANTYADA,Pedagantyada,Visakhapatnam,9.86,99.3,94.1,97.7,8.9,21.4,86.1,211.4,0.08,16.0,2.5,9.0,1.232,1.0,0.0,17.6174,83.1743,coastal,False
VISAKHAPATNAM|GAJUWAKA,Gajuwaka,Visakhapatnam,9.86,99.3,94.1,97.7,8.3,19.9,86.1,302.5,0.08,19.0,2.5,9.0,1.232,1.0,0.0,17.6856,83.1916,coastal,False
VISAKHAPATNAM|PARAVADA,Paravada,Visakhapatnam,9.86,99.3,94.1,97.7,3.8,9.1,86.1,312.8,0.08,36.0,2.5,9.0,1.232,1.0,0.0,17.6293,83.095,coastal,False
VISAKHAPATNAM|ANAKAPALLE,Anakapalle,Visakhapatnam,9.86,99.3,94.1,97.7,13.0,31.2,86.1,483.5,0.08,34.0,2.5,9.0,1.232,1.0,0.0,17.7204,82.9977,coastal,False
VISAKHAPATNAM|CHODAVARAM,Chodavaram,Visakhapatnam,9.86,99.3,94.1,97.7,13.3,31.9,86.1,631.7,0.08,52.0,2.5,9.0,1.232,1.0,0.0,17.8319,82.973,coastal,False
VISAKHAPATNAM|BUTCHAYYAPETA,Butchayyapeta,Visakhapatnam,9.86,99.3,94.1,97.7,7.4,17.8,86.1,609.5,0.08,77.0,2.5,9.0,1.232,1.0,0.0,17.787,82.856,coastal,False
VISAKHAPATNAM|KOTAURATLA,Kotauratla,Visakhapatnam,9.86,99.3,94.1,97.7,8.0,19.2,86.1,365.4,0.08,85.0,2.5,9.0,1.232,1.0,0.0,17.5528,82.67,coastal,False
VISAKHAPATNAM|MAKAVARAPALEM,Makavarapalem,Visakhapatnam,9.86,99.3,94.1,97.7,8.6,20.6,86.1,419.7,0.08,86.0,2.5,9.0,1.232,1.0,0.0,17.642,82.7281,coastal,False
VISAKHAPATNAM|KASIMKOTA,Kasimkota,Visakhapatnam,9.86,99.3,94.1,97.7,7.4,17.8,86.1,410.9,0.08,65.0,2.5,9.0,1.232,1.0,0.0,17.6557,82.8777,coastal,False
VISAKHAPATNAM|MUNAGAPAKA,Munagapaka,Visakhapatnam,9.86,99.3,94.1,97.7,2.0,4.8,86.1,330.6,0.08,22.0,2.5,9.0,1.232,1.0,0.0,17.6222,82.973,coastal,False
VISAKHAPATNAM|ATCHUTAPURAM,Atchutapuram,Visakhapatnam,9.86,99.3,94.1,97.7,7.7,18.5,86.1,262.5,0.08,37.0,2.5,9.0,1.232,1.0,0.0,17.5703,83.0029,coastal,False
VISAKHAPATNAM|YELAMANCHILI,Yelamanchili,Visakhapatnam,9.86,99.3,94.1,97.7,5.5,13.2,86.1,286.4,0.08,223.0,2.5,9.0,1.232,1.0,0.0,17.5413,82.8174,coastal,False
VISAKHAPATNAM|NAKKAPALLE,Nakkapalle,Visakhapatnam,9.86,99.3,94.1,97.7,4.0,9.6,86.1,211.9,0.08,28.0,2.5,9.0,1.232,1.0,0.0,17.4171,82.6495,coastal,False
VISAKHAPATNAM|PAYAKARAOPETA,Payakaraopeta,Visakhapatnam,9.86,99.3,94.1,97.7,7.8,18.7,86.1,158.3,0.08,17.0,2.5,9.0,1.232,1.0,0.0,17.3406,82.577,coastal,False
VISAKHAPATNAM|S.RAYAVARAM,S.Rayavaram,Visakhapatnam,9.86,99.3,94.1,97.7,6.5,15.6,86.1,147.1,0.08,13.0,2.5,9.0,1.232,1.0,0.0,17.4663,82.7963,coastal,False
VISAKHAPATNAM|RAMBILLI,Rambilli,Visakhapatnam,9.86,99.3,94.1,97.7,4.7,11.3,86.1,192.4,0.08,7.0,2.5,9.0,1.232,1.0,0.0,17.5136,82.9215,coastal,False
EAST GODAVARI|NELLIPAKA,Nellipaka,East Godavari,9.6,98.0,87.5,94.3,3.4,8.2,88.8,407.7,0.11,79.0,1.5,11.0,0.873,1.0,0.0,17.7005,81.0058,alluvial,False
EAST GODAVARI|KUNAVARAM,Kunavaram,East Godavari,9.6,98.0,87.5,94.3,3.4,8.2,88.8,536.6,0.11,204.0,1.5,11.0,0.873,1.0,0.0,17.6711,81.2518,alluvial,False
EAST GODAVARI|CHINTUR,Chintur,East Godavari,9.6,98.0,87.5,94.3,3.5,8.4,88.8,617.5,0.11,72.0,1.5,11.0,0.873,1.0,0.0,17.7752,81.4449,alluvial,False
EAST GODAVARI|VARARAMACHANDRAPURAM,Vararamachandrapuram,East Godavari,9.6,98.0,87.5,94.3,4.8,11.5,88.8,565.8,0.11,95.0,1.5,11.0,0.873,1.0,0.0,17.5978,81.3802,alluvial,False
EAST GODAVARI|MAREDUMILLI,Maredumilli,East Godavari,9.6,98.0,87.5,94.3,10.5,25.2,88.8,555.6,0.11,536.0,1.5,11.0,0.873,1.0,0.0,17.6347,81.697,alluvial,False
EAST GODAVARI|DEVIPATNAM,Devipatnam,East Godavari,9.6,98.0,87.5,94.3,3.4,8.2,88.8,362.6,0.11,168.0,1.5,11.0,0.873,1.0,0.0,17.3583,81.6584,alluvial,False
EAST GODAVARI|Y. RAMAVARAM,Y. Ramavaram,East Godavari,9.6,98.0,87.5,94.3,13.5,32.4,88.8,630.6,0.11,663.0,1.5,11.0,0.873,1.0,0.0,17.8047,81.9134,alluvial,False
EAST GODAVARI|ADDATEEGALA,Addateegala,East Godavari,9.6,98.0,87.5,94.3,8.1,19.4,88.8,407.9,0.11,468.0,1.5,11.0,0.873,1.0,0.0,17.4802,82.0737,alluvial,False
EAST GODAVARI|RAJAVOMMANGI,Rajavommangi,East Godavari,9.6,98.0,87.5,94.3,7.2,17.3,88.8,441.0,0.11,174.0,1.5,11.0,0.873,1.0,0.0,17.4691,82.1803,alluvial,False
EAST GODAVARI|KOTANANDURU,Kotananduru,East Godavari,9.6,98.0,87.5,94.3,6.9,16.6,88.8,360.3,0.11,47.0,1.5,11.0,0.873,1.0,0.0,17.479,82.4746,alluvial,False
EAST GODAVARI|TUNI,Tuni,East Godavari,9.6,98.0,87.5,94.3,6.3,15.1,88.8,283.5,0.11,228.0,1.5,11.0,0.873,1.0,0.0,17.3907,82.5166,alluvial,False
EAST GODAVARI|ROWTHULAPUDI,Rowthulapudi,East Godavari,9.6,98.0,87.5,94.3,5.6,13.4,88.8,372.6,0.11,89.0,1.5,11.0,0.873,1.0,0.0,17.427,82.3683,alluvial,False
EAST GODAVARI|SANKHAVARAM,Sankhavaram,East Godavari,9.6,98.0,87.5,94.3,5.1,12.2,88.8,304.9,0.11,172.0,1.5,11.0,0.873,1.0,0.0,17.3425,82.3322,alluvial,False
EAST GODAVARI|YELESWARAM,Yeleswaram,East Godavari,9.6,98.0,87.5,94.3,6.2,14.9,88.8,219.7,0.11,277.0,1.5,11.0,0.873,1.0,0.0,17.3323,82.1126,alluvial,False
EAST GODAVARI|GANGAVARAM,Gangavaram,East Godavari,9.6,98.0,87.5,94.3,4.8,11.5,88.8,311.8,0.11,199.0,1.5,11.0,0.873,1.0,0.0,17.3826,81.9698,alluvial,False
EAST GODAVARI|RAMPACHODAVARAM,Rampachodavaram,East Godavari,9.6,98.0,87.5,94.3,5.3,12.7,88.8,392.0,0.11,253.0,1.5,11.0,0.873,1.0,0.0,17.4513,81.7853,alluvial,False
EAST GODAVARI|SEETHANAGARAM,Seethanagaram,East Godavari,9.6,98.0,87.5,94.3,3.7,8.9,88.8,191.3,0.11,21.0,1.5,11.0,0.873,1.0,0.0,17.1955,81.711,alluvial,False
EAST GODAVARI|GOKAVARAM,Gokavaram,East Godavari,9.6,98.0,87.5,94.3,3.5,8.4,88.8,221.6,0.11,65.0,1.5,11.0,0.873,1.0,0.0,17.268,81.8885,alluvial,False
EAST GODAVARI|JAGGAMPETA,Jaggampeta,East Godavari,9.6,98.0,87.5,94.3,5.3,12.7,88.8,166.3,0.11,61.0,1.5,11.0,0.873,1.0,0.0,17.2189,82.0487,alluvial,False
EAST GODAVARI|KIRLAMPUDI,Kirlampudi,East Godavari,9.6,98.0,87.5,94.3,4.5,10.8,88.8,140.2,0.11,35.0,1.5,11.0,0.873,1.0,0.0,17.2041,82.1385,alluvial,False
EAST GODAVARI|PRATHIPADU,Prathipadu,East Godavari,9.6,98.0,87.5,94.3,5.0,12.0,88.8,293.9,0.11,76.0,1.5,11.0,0.873,1.0,0.0,17.3134,82.2192,alluvial,False
EAST GODAVARI|THONDANGI,Thondangi,East Godavari,9.6,98.0,87.5,94.3,8.8,21.1,88.8,138.3,0.11,19.0,1.5,11.0,0.873,1.0,0.0,17.248,82.4605,alluvial,False
EAST GODAVARI|GOLLAPROLU,Gollaprolu,East Godavari,9.6,98.0,87.5,94.3,4.4,10.6,88.8,138.0,0.11,21.0,1.5,11.0,0.873,1.0,0.0,17.2089,82.2966,alluvial,False
EAST GODAVARI|PEDDAPURAM,Peddapuram,East Godavari,9.6,98.0,87.5,94.3,4.3,10.3,88.8,89.4,0.11,32.0,1.5,11.0,0.873,1.0,0.0,17.1041,82.1281,alluvial,False
EAST GODAVARI|GANDEPALLE,Gandepalle,East Godavari,9.6,98.0,87.5,94.3,3.9,9.4,88.8,136.4,0.11,50.0,1.5,11.0,0.873,1.0,0.0,17.1456,81.9867,alluvial,False
EAST GODAVARI|KORUKONDA,Korukonda,East Godavari,9.6,98.0,87.5,94.3,3.9,9.4,88.8,161.1,0.11,32.0,1.5,11.0,0.873,1.0,0.0,17.169,81.8084,alluvial,False
EAST GODAVARI|RAJAHMUNDRY (URBAN),Rajahmundry (Urban),East Godavari,9.6,98.0,87.5,94.3,4.1,9.8,88.8,75.3,0.11,48.0,1.5,11.0,0.873,1.0,0.0,17.0132,81.8018,alluvial,False
EAST GODAVARI|RAJAHMUNDRY RURAL,Rajahmundry Rural,East Godavari,9.6,98.0,87.5,94.3,2.0,4.8,88.8,78.4,0.11,54.0,1.5,11.0,0.873,1.0,0.0,17.0234,81.7992,alluvial,False
EAST GODAVARI|RAJANAGARAM,Rajanagaram,East Godavari,9.6,98.0,87.5,94.3,2.6,6.2,88.8,96.9,0.11,89.0,1.5,11.0,0.873,1.0,0.0,17.0551,81.9022,alluvial,False
EAST GODAVARI|RANGAMPETA,Rangampeta,East Godavari,9.6,98.0,87.5,94.3,3.8,9.1,88.8,98.9,0.11,48.0,1.5,11.0,0.873,1.0,0.0,17.0598,81.991,alluvial,False
EAST GODAVARI|SAMALKOTA,Samalkota,East Godavari,9.6,98.0,87.5,94.3,5.9,14.2,88.8,59.9,0.11,9.0,1.5,11.0,0.873,1.0,0.0,17.0297,82.1721,alluvial,False
EAST GODAVARI|PITHAPURAM,Pithapuram,East Godavari,9.6,98.0,87.5,94.3,5.5,13.2,88.8,98.1,0.11,16.0,1.5,11.0,0.873,1.0,0.0,17.148,82.2424,alluvial,False
EAST GODAVARI|KOTHAPALLE,Kothapalle,East Godavari,9.6,98.0,87.5,94.3,4.2,10.1,88.8,73.0,0.11,6.0,1.5,11.0,0.873,1.0,0.0,17.1251,82.3419,alluvial,False
EAST GODAVARI|KAKINADA (RURAL),Kakinada (Rural),East Godavari,9.6,98.0,87.5,94.3,1.7,4.1,88.8,58.2,0.11,6.0,1.5,11.0,0.873,1.0,0.0,17.0001,82.237,alluvial,False
EAST GODAVARI|KAKINADA (URBAN),Kakinada (Urban),East Godavari,9.6,98.0,87.5,94.3,4.6,11.0,88.8,64.4,0.11,8.0,1.5,11.0,0.873,1.0,0.0,16.9509,82.2411,alluvial,False
EAST GODAVARI|PEDAPUDI,Pedapudi,East Godavari,9.6,98.0,87.5,94.3,4.5,10.8,88.8,80.7,0.11,6.0,1.5,11.0,0.873,1.0,0.0,16.9549,82.1348,alluvial,False
EAST GODAVARI|BICCAVOLU,Biccavolu,East Godavari,9.6,98.0,87.5,94.3,3.0,7.2,88.8,82.6,0.11,17.0,1.5,11.0,0.873,1.0,0.0,16.9686,82.0353,alluvial,False
EAST GODAVARI|ANAPARTHY,Anaparthy,East Godavari,9.6,98.0,87.5,94.3,1.8,4.3,88.8,100.3,0.11,13.0,1.5,11.0,0.873,1.0,0.0,16.9222,81.9662,alluvial,False
EAST GODAVARI|KADIAM,Kadiam,East Godavari,9.6,98.0,87.5,94.3,1.3,3.1,88.8,98.7,0.11,17.0,1.5,11.0,0.873,1.0,0.0,16.9111,81.8259,alluvial,False
EAST GODAVARI|ATREYAPURAM,Atreyapuram,East Godavari,9.6,98.0,87.5,94.3,1.1,2.6,88.8,125.4,0.11,19.0,1.5,11.0,0.873,1.0,0.0,16.9982,81.7285,alluvial,False
EAST GODAVARI|MANDAPETA,Mandapeta,East Godavari,9.6,98.0,87.5,94.3,3.6,8.6,88.8,108.3,0.11,10.0,1.5,11.0,0.873,1.0,0.0,16.9105,81.9028,alluvial,False
EAST GODAVARI|RAYAVARAM,Rayavaram,East Godavari,9.6,98.0,87.5,94.3,2.5,6.0,88.8,147.2,0.11,12.0,1.5,11.0,0.873,1.0,0.0,16.8448,82.0023,alluvial,False
EAST GODAVARI|KARAPA,Karapa,East Godavari,9.6,98.0,87.5,94.3,2.6,6.2,88.8,107.5,0.11,4.0,1.5,11.0,0.873,1.0,0.0,16.8841,82.156,alluvial,False
EAST GODAVARI|KAJULURU,Kajuluru,East Godavari,9.6,98.0,87.5,94.3,3.0,7.2,88.8,155.6,0.11,6.0,1.5,11.0,0.873,1.0,0.0,16.8071,82.1585,alluvial,False
EAST GODAVARI|RAMACHANDRAPURAM,Ramachandrapuram,East Godavari,9.6,98.0,87.5,94.3,6.2,14.9,88.8,155.2,0.11,8.0,1.5,11.0,0.873,1.0,0.0,16.831,82.0677,alluvial,False
EAST GODAVARI|ALAMURU,Alamuru,East Godavari,9.6,98.0,87.5,94.3,1.4,3.4,88.8,147.1,0.11,12.0,1.5,11.0,0.873,1.0,0.0,16.8253,81.8619,alluvial,False
EAST GODAVARI|RAVULAPALEM,Ravulapalem,East Godavari,9.6,98.0,87.5,94.3,1.4,3.4,88.8,206.2,0.11,13.0,1.5,11.0,0.873,1.0,0.0,16.7665,81.8285,alluvial,False
EAST GODAVARI|KOTHAPETA,Kothapeta,East Godavari,9.6,98.0,87.5,94.3,2.1,5.0,88.8,243.5,0.11,14.0,1.5,11.0,0.873,1.0,0.0,16.6992,81.8838,alluvial,False
EAST GODAVARI|KAPILESWARAPURAM,Kapileswarapuram,East Godavari,9.6,98.0,87.5,94.3,1.4,3.4,88.8,194.9,0.11,8.0,1.5,11.0,0.873,1.0,0.0,16.778,81.9459,alluvial,False
EAST GODAVARI|PAMARRU,Pamarru,East Godavari,9.6,98.0,87.5,94.3,1.6,3.8,88.8,209.3,0.11,7.0,1.5,11.0,0.873,1.0,0.0,16.7371,82.0663,alluvial,False
EAST GODAVARI|THALLAREVU,Thallarevu,East Godavari,9.6,98.0,87.5,94.3,2.3,5.5,88.8,127.7,0.11,9.0,1.5,11.0,0.873,1.0,0.0,16.8168,82.2645,alluvial,False
EAST GODAVARI|I. POLAVARAM,I. Polavaram,East Godavari,9.6,98.0,87.5,94.3,1.7,4.1,88.8,200.0,0.11,5.0,1.5,11.0,0.873,1.0,0.0,16.6757,82.2712,alluvial,False
EAST GODAVARI|MUMMIDIVARAM,Mummidivaram,East Godavari,9.6,98.0,87.5,94.3,1.2,2.9,88.8,276.5,0.11,10.0,1.5,11.0,0.873,1.0,0.0,16.6437,82.0977,alluvial,False
EAST GODAVARI|AINAVILLI,Ainavilli,East Godavari,9.6,98.0,87.5,94.3,3.4,8.2,88.8,279.9,0.11,12.0,1.5,11.0,0.873,1.0,0.0,16.6682,82.0187,alluvial,False
EAST GODAVARI|P.GANNAVARAM,P.Gannavaram,East Godavari,9.6,98.0,87.5,94.3,1.4,3.4,88.8,347.1,0.11,12.0,1.5,11.0,0.873,1.0,0.0,16.6098,81.878,alluvial,False
EAST GODAVARI|AMBAJIPETA,Ambajipeta,East Godavari,9.6,98.0,87.5,94.3,1.1,2.6,88.8,316.8,0.11,7.0,1.5,11.0,0.873,1.0,0.0,16.6053,81.9761,alluvial,False
EAST GODAVARI|MAMIDIKUDURU,Mamidikuduru,East Godavari,9.6,98.0,87.5,94.3,0.7,1.7,88.8,393.5,0.11,14.0,1.5,11.0,0.873,1.0,0.0,16.5077,81.9255,alluvial,False
EAST GODAVARI|RAZOLE,Razole,East Godavari,9.6,98.0,87.5,94.3,1.4,3.4,88.8,419.4,0.11,12.0,1.5,11.0,0.873,1.0,0.0,16.4759,81.8801,alluvial,False
EAST GODAVARI|MALIKIPURAM,Malikipuram,East Godavari,9.6,98.0,87.5,94.3,1.3,3.1,88.8,421.3,0.11,20.0,1.5,11.0,0.873,1.0,0.0,16.414,81.8175,alluvial,False
EAST GODAVARI|SAKHINETIPALLE,Sakhinetipalle,East Godavari,9.6,98.0,87.5,94.3,0.9,2.2,88.8,420.9,0.11,9.0,1.5,11.0,0.873,1.0,0.0,16.3929,81.7582,alluvial,False
EAST GODAVARI|ALLAVARAM,Allavaram,East Godavari,9.6,98.0,87.5,94.3,2.3,5.5,88.8,392.7,0.11,8.0,1.5,11.0,0.873,1.0,0.0,16.4939,82.0037,alluvial,False
EAST GODAVARI|AMALAPURAM,Amalapuram,East Godavari,9.6,98.0,87.5,94.3,0.5,1.2,88.8,343.0,0.11,11.0,1.5,11.0,0.873,1.0,0.0,16.5823,82.0106,alluvial,False
EAST GODAVARI|UPPALAGUPTAM,Uppalaguptam,East Godavari,9.6,98.0,87.5,94.3,1.1,2.6,88.8,348.7,0.11,9.0,1.5,11.0,0.873,1.0,0.0,16.5489,82.0909,alluvial,False
EAST GODAVARI|KATRENIKONA,Katrenikona,East Godavari,9.6,98.0,87.5,94.3,1.2,2.9,88.8,283.8,0.11,6.0,1.5,11.0,0.873,1.0,0.0,16.5888,82.1951,alluvial,False
WEST GODAVARI|VELAIRPADU,Velairpadu,West Godavari,9.82,99.1,85.0,80.1,2.6,6.2,85.1,476.4,0.11,64.0,1.5,11.0,0.893,1.0,0.0,17.4684,81.324,alluvial,False
WEST GODAVARI|KUKUNOOR,Kukunoor,West Godavari,9.82,99.1,85.0,80.1,2.4,5.8,85.1,434.2,0.11,68.0,1.5,11.0,0.893,1.0,0.0,17.5739,81.0737,alluvial,False
WEST GODAVARI|CHINTALAPUDI,Chintalapudi,West Godavari,9.82,99.1,85.0,80.1,3.3,7.9,85.1,248.2,0.11,113.0,1.5,11.0,0.893,1.0,0.0,17.1049,80.9725,alluvial,False
WEST GODAVARI|LINGAPALEM,Lingapalem,West Godavari,9.82,99.1,85.0,80.1,3.9,9.4,85.1,192.1,0.11,90.0,1.5,11.0,0.893,1.0,0.0,16.9397,81.0531,alluvial,False
WEST GODAVARI|T.NARASAPURAM,T.Narasapuram,West Godavari,9.82,99.1,85.0,80.1,2.9,7.0,85.1,250.9,0.11,145.0,1.5,11.0,0.893,1.0,0.0,17.0838,81.0985,alluvial,False
WEST GODAVARI|JEELUGU MILLI,Jeelugu Milli,West Godavari,9.82,99.1,85.0,80.1,2.2,5.3,85.1,350.7,0.11,147.0,1.5,11.0,0.893,1.0,0.0,17.2327,81.206,alluvial,False
WEST GODAVARI|BUTTAYAGUDEM,Buttayagudem,West Godavari,9.82,99.1,85.0,80.1,5.0,12.0,85.1,346.4,0.11,193.0,1.5,11.0,0.893,1.0,0.0,17.239,81.3818,alluvial,False
WEST GODAVARI|POLAVARAM,Polavaram,West Godavari,9.82,99.1,85.0,80.1,5.5,13.2,85.1,372.2,0.11,411.0,1.5,11.0,0.893,1.0,0.0,17.3017,81.5506,alluvial,False
WEST GODAVARI|TALLAPUDI,Tallapudi,West Godavari,9.82,99.1,85.0,80.1,2.5,6.0,85.1,157.4,0.11,21.0,1.5,11.0,0.893,1.0,0.0,17.116,81.6289,alluvial,False
WEST GODAVARI|GOPALAPURAM,Gopalapuram,West Godavari,9.82,99.1,85.0,80.1,2.0,4.8,85.1,203.2,0.11,41.0,1.5,11.0,0.893,1.0,0.0,17.1339,81.5372,alluvial,False
WEST GODAVARI|KOYYALAGUDEM,Koyyalagudem,West Godavari,9.82,99.1,85.0,80.1,2.1,5.0,85.1,255.3,0.11,77.0,1.5,11.0,0.893,1.0,0.0,17.1094,81.4039,alluvial,False
WEST GODAVARI|JANGAREDDIGUDEM,Jangareddigudem,West Godavari,9.82,99.1,85.0,80.1,1.4,3.4,85.1,244.3,0.11,126.0,1.5,11.0,0.893,1.0,0.0,17.1304,81.2631,alluvial,False
WEST GODAVARI|KAMAVARAPUKOTA,Kamavarapukota,West Godavari,9.82,99.1,85.0,80.1,4.2,10.1,85.1,198.6,0.11,138.0,1.5,11.0,0.893,1.0,0.0,16.9782,81.1842,alluvial,False
WEST GODAVARI|DWARAKATIRUMALA,Dwarakatirumala,West Godavari,9.82,99.1,85.0,80.1,3.0,7.2,85.1,181.8,0.11,90.0,1.5,11.0,0.893,1.0,0.0,16.9389,81.296,alluvial,False
WEST GODAVARI|NALLAJERLA,Nallajerla,West Godavari,9.82,99.1,85.0,80.1,3.4,8.2,85.1,135.1,0.11,48.0,1.5,11.0,0.893,1.0,0.0,16.9543,81.409,alluvial,False
WEST GODAVARI|DEVARAPALLE,Devarapalle,West Godavari,9.82,99.1,85.0,80.1,1.8,4.3,85.1,119.9,0.11,88.0,1.5,11.0,0.893,1.0,0.0,17.0417,81.5266,alluvial,False
WEST GODAVARI|KOVVUR,Kovvur,West Godavari,9.82,99.1,85.0,80.1,1.5,3.6,85.1,77.5,0.11,19.0,1.5,11.0,0.893,1.0,0.0,17.0188,81.6814,alluvial,False
WEST GODAVARI|CHAGALLU,Chagallu,West Godavari,9.82,99.1,85.0,80.1,1.4,3.4,85.1,76.5,0.11,32.0,1.5,11.0,0.893,1.0,0.0,16.9838,81.6543,alluvial,False
WEST GODAVARI|NIDADAVOLE,Nidadavole,West Godavari,9.82,99.1,85.0,80.1,1.5,3.6,85.1,91.5,0.11,17.0,1.5,11.0,0.893,1.0,0.0,16.9136,81.6363,alluvial,False
WEST GODAVARI|TADEPALLIGUDEM,Tadepalligudem,West Godavari,9.82,99.1,85.0,80.1,1.2,2.9,85.1,114.2,0.11,31.0,1.5,11.0,0.893,1.0,0.0,16.8889,81.5337,alluvial,False
WEST GODAVARI|UNGUTURU,Unguturu,West Godavari,9.82,99.1,85.0,80.1,2.2,5.3,85.1,156.9,0.11,23.0,1.5,11.0,0.893,1.0,0.0,16.8314,81.4086,alluvial,False
WEST GODAVARI|BHIMADOLE,Bhimadole,West Godavari,9.82,99.1,85.0,80.1,3.6,8.6,85.1,202.0,0.11,7.0,1.5,11.0,0.893,1.0,0.0,16.7811,81.2737,alluvial,False
WEST GODAVARI|PEDAVEGI,Pedavegi,West Godavari,9.82,99.1,85.0,80.1,3.3,7.9,85.1,217.8,0.11,50.0,1.5,11.0,0.893,1.0,0.0,16.8081,81.0841,alluvial,False
WEST GODAVARI|PEDAPADU,Pedapadu,West Godavari,9.82,99.1,85.0,80.1,6.2,14.9,85.1,279.4,0.11,15.0,1.5,11.0,0.893,1.0,0.0,16.6466,81.0241,alluvial,False
WEST GODAVARI|ELURU,Eluru,West Godavari,9.82,99.1,85.0,80.1,4.4,10.6,85.1,256.6,0.11,5.0,1.5,11.0,0.893,1.0,0.0,16.6753,81.1537,alluvial,False
WEST GODAVARI|DENDULURU,Denduluru,West Godavari,9.82,99.1,85.0,80.1,3.4,8.2,85.1,218.8,0.11,16.0,1.5,11.0,0.893,1.0,0.0,16.7762,81.1767,alluvial,False
WEST GODAVARI|NIDAMARRU,Nidamarru,West Godavari,9.82,99.1,85.0,80.1,2.7,6.5,85.1,205.9,0.11,10.0,1.5,11.0,0.893,1.0,0.0,16.731,81.3977,alluvial,False
WEST GODAVARI|PENTAPADU,Pentapadu,West Godavari,9.82,99.1,85.0,80.1,1.0,2.4,85.1,155.1,0.11,12.0,1.5,11.0,0.893,1.0,0.0,16.7697,81.5292,alluvial,False
WEST GODAVARI|UNDRAJAVARAM,Undrajavaram,West Godavari,9.82,99.1,85.0,80.1,1.8,4.3,85.1,132.0,0.11,13.0,1.5,11.0,0.893,1.0,0.0,16.8204,81.6902,alluvial,False
WEST GODAVARI|PERAVALI,Peravali,West Godavari,9.82,99.1,85.0,80.1,0.6,1.4,85.1,167.7,0.11,17.0,1.5,11.0,0.893,1.0,0.0,16.7737,81.7474,alluvial,False
WEST GODAVARI|TANUKU,Tanuku,West Godavari,9.82,99.1,85.0,80.1,1.3,3.1,85.1,178.6,0.11,12.0,1.5,11.0,0.893,1.0,0.0,16.7775,81.6518,alluvial,False
WEST GODAVARI|ATTILI,Attili,West Godavari,9.82,99.1,85.0,80.1,1.9,4.6,85.1,229.4,0.11,14.0,1.5,11.0,0.893,1.0,0.0,16.6869,81.6043,alluvial,False
WEST GODAVARI|GANAPAVARAM,Ganapavaram,West Godavari,9.82,99.1,85.0,80.1,1.2,2.9,85.1,203.5,0.11,8.0,1.5,11.0,0.893,1.0,0.0,16.7179,81.5292,alluvial,False
WEST GODAVARI|AKIVIDU,Akividu,West Godavari,9.82,99.1,85.0,80.1,1.5,3.6,85.1,271.1,0.11,8.0,1.5,11.0,0.893,1.0,0.0,16.624,81.3601,alluvial,False
WEST GODAVARI|UNDI,Undi,West Godavari,9.82,99.1,85.0,80.1,2.7,6.5,85.1,282.5,0.11,8.0,1.5,11.0,0.893,1.0,0.0,16.6248,81.4711,alluvial,False
WEST GODAVARI|PALACODERU,Palacoderu,West Godavari,9.82,99.1,85.0,80.1,4.1,9.8,85.1,304.8,0.11,14.0,1.5,11.0,0.893,1.0,0.0,16.5937,81.5588,alluvial,False
WEST GODAVARI|PENUMANTRA,Penumantra,West Godavari,9.82,99.1,85.0,80.1,2.6,6.2,85.1,281.7,0.11,11.0,1.5,11.0,0.893,1.0,0.0,16.637,81.6741,alluvial,False
WEST GODAVARI|IRAGAVARAM,Iragavaram,West Godavari,9.82,99.1,85.0,80.1,1.2,2.9,85.1,241.2,0.11,12.0,1.5,11.0,0.893,1.0,0.0,16.6925,81.6957,alluvial,False
WEST GODAVARI|PENUGONDA,Penugonda,West Godavari,9.82,99.1,85.0,80.1,3.3,7.9,85.1,276.0,0.11,8.0,1.5,11.0,0.893,1.0,0.0,16.6617,81.7787,alluvial,False
WEST GODAVARI|ACHANTA,Achanta,West Godavari,9.82,99.1,85.0,80.1,0.6,1.4,85.1,342.6,0.11,8.0,1.5,11.0,0.893,1.0,0.0,16.5956,81.8262,alluvial,False
WEST GODAVARI|PODURU,Poduru,West Godavari,9.82,99.1,85.0,80.1,1.0,2.4,85.1,343.4,0.11,10.0,1.5,11.0,0.893,1.0,0.0,16.5747,81.7583,alluvial,False
WEST GODAVARI|VEERAVASARAM,Veeravasaram,West Godavari,9.82,99.1,85.0,80.1,2.2,5.3,85.1,343.4,0.11,8.0,1.5,11.0,0.893,1.0,0.0,16.5545,81.6231,alluvial,False
WEST GODAVARI|BHIMAVARAM,Bhimavaram,West Godavari,9.82,99.1,85.0,80.1,1.3,3.1,85.1,359.0,0.11,8.0,1.5,11.0,0.893,1.0,0.0,16.482,81.5112,alluvial,False
WEST GODAVARI|KALLA,Kalla,West Godavari,9.82,99.1,85.0,80.1,2.7,6.5,85.1,342.0,0.11,6.0,1.5,11.0,0.893,1.0,0.0,16.5307,81.4363,alluvial,False
WEST GODAVARI|MOGALTHUR,Mogalthur,West Godavari,9.82,99.1,85.0,80.1,1.0,2.4,85.1,388.7,0.11,6.0,1.5,11.0,0.893,1.0,0.0,16.4132,81.5939,alluvial,False
WEST GODAVARI|NARASAPURAM,Narasapuram,West Godavari,9.82,99.1,85.0,80.1,1.2,2.9,85.1,402.6,0.11,11.0,1.5,11.0,0.893,1.0,0.0,16.4145,81.66,alluvial,False
WEST GODAVARI|PALACOLE,Palacole,West Godavari,9.82,99.1,85.0,80.1,1.4,3.4,85.1,375.4,0.11,15.0,1.5,11.0,0.893,1.0,0.0,16.5318,81.6974,alluvial,False
WEST GODAVARI|YELAMANCHILI,Yelamanchili,West Godavari,9.82,99.1,85.0,80.1,1.5,3.6,85.1,406.7,0.11,12.0,1.5,11.0,0.893,1.0,0.0,16.5037,81.8039,alluvial,False
KRISHNA|VATSAVAI,Vatsavai,Krishna,9.8,99.0,89.9,76.2,2.4,5.8,81.6,268.0,0.11,64.0,1.5,11.0,0.891,1.0,0.0,16.9576,80.2054,alluvial,False
KRISHNA|JAGGAYYAPETA,Jaggayyapeta,Krishna,9.8,99.0,89.9,76.2,2.8,6.7,81.6,223.5,0.11,72.0,1.5,11.0,0.891,1.0,0.0,16.9124,80.1287,alluvial,False
KRISHNA|PENUGANCHIPROLU,Penuganchiprolu,Krishna,9.8,99.0,89.9,76.2,4.6,11.0,81.6,237.1,0.11,58.0,1.5,11.0,0.891,1.0,0.0,16.8765,80.2487,alluvial,False
KRISHNA|NANDIGAMA,Nandigama,Krishna,9.8,99.0,89.9,76.2,4.3,10.3,81.6,208.8,0.11,45.0,1.5,11.0,0.891,1.0,0.0,16.8008,80.2679,alluvial,False
KRISHNA|VEERULLAPADU,Veerullapadu,Krishna,9.8,99.0,89.9,76.2,3.8,9.1,81.6,204.3,0.11,52.0,1.5,11.0,0.891,1.0,0.0,16.7737,80.4193,alluvial,False
KRISHNA|MYLAVARAM,Mylavaram,Krishna,9.8,99.0,89.9,76.2,5.6,13.4,81.6,200.9,0.11,79.0,1.5,11.0,0.891,1.0,0.0,16.8166,80.6481,alluvial,False
KRISHNA|GAMPALAGUDEM,Gampalagudem,Krishna,9.8,99.0,89.9,76.2,3.8,9.1,81.6,282.2,0.11,92.0,1.5,11.0,0.891,1.0,0.0,17.0138,80.4736,alluvial,False
KRISHNA|TIRUVURU,Tiruvuru,Krishna,9.8,99.0,89.9,76.2,2.7,6.5,81.6,283.7,0.11,94.0,1.5,11.0,0.891,1.0,0.0,17.0712,80.6167,alluvial,False
KRISHNA|A.KONDURU,A.Konduru,Krishna,9.8,99.0,89.9,76.2,4.1,9.8,81.6,244.9,0.11,103.0,1.5,11.0,0.891,1.0,0.0,16.9656,80.6399,alluvial,False
KRISHNA|REDDIGUDEM,Reddigudem,Krishna,9.8,99.0,89.9,76.2,3.0,7.2,81.6,204.0,0.11,95.0,1.5,11.0,0.891,1.0,0.0,16.8957,80.7218,alluvial,False
KRISHNA|VISSANNAPET,Vissannapet,Krishna,9.8,99.0,89.9,76.2,3.6,8.6,81.6,222.8,0.11,124.0,1.5,11.0,0.891,1.0,0.0,16.9965,80.7568,alluvial,False
KRISHNA|CHATRAI,Chatrai,Krishna,9.8,99.0,89.9,76.2,2.9,7.0,81.6,194.9,0.11,119.0,1.5,11.0,0.891,1.0,0.0,17.0152,80.8699,alluvial,False
KRISHNA|MUSUNURU,Musunuru,Krishna,9.8,99.0,89.9,76.2,3.0,7.2,81.6,206.1,0.11,71.0,1.5,11.0,0.891,1.0,0.0,16.8622,80.9394,alluvial,False
KRISHNA|NUZVID,Nuzvid,Krishna,9.8,99.0,89.9,76.2,5.7,13.7,81.6,218.8,0.11,98.0,1.5,11.0,0.891,1.0,0.0,16.7736,80.8678,alluvial,False
KRISHNA|BAPULAPADU,Bapulapadu,Krishna,9.8,99.0,89.9,76.2,3.6,8.6,81.6,279.5,0.11,34.0,1.5,11.0,0.891,1.0,0.0,16.6568,80.9448,alluvial,False
KRISHNA|AGIRIPALLE,Agiripalle,Krishna,9.8,99.0,89.9,76.2,5.6,13.4,81.6,228.2,0.11,67.0,1.5,11.0,0.891,1.0,0.0,16.6894,80.802,alluvial,False
KRISHNA|G.KONDURU,G.Konduru,Krishna,9.8,99.0,89.9,76.2,4.8,11.5,81.6,193.3,0.11,60.0,1.5,11.0,0.891,1.0,0.0,16.7352,80.6043,alluvial,False
KRISHNA|KANCHIKACHERLA,Kanchikacherla,Krishna,9.8,99.0,89.9,76.2,3.6,8.6,81.6,169.4,0.11,39.0,1.5,11.0,0.891,1.0,0.0,16.6697,80.3711,alluvial,False
KRISHNA|CHANDARLAPADU,Chandarlapadu,Krishna,9.8,99.0,89.9,76.2,5.6,13.4,81.6,140.2,0.11,53.0,1.5,11.0,0.891,1.0,0.0,16.735,80.201,alluvial,False
KRISHNA|IBRAHIMPATNAM,Ibrahimpatnam,Krishna,9.8,99.0,89.9,76.2,4.7,11.3,81.6,190.8,0.11,172.0,1.5,11.0,0.891,1.0,0.0,16.6458,80.5056,alluvial,False
KRISHNA|VIJAYAWADA (URBAN),Vijayawada (Urban),Krishna,9.8,99.0,89.9,76.2,1.9,4.6,81.6,242.6,0.11,20.0,1.5,11.0,0.891,1.0,0.0,16.5374,80.6542,alluvial,False
KRISHNA|VIJAYAWADA (RURAL),Vijayawada (Rural),Krishna,9.8,99.0,89.9,76.2,3.4,8.2,81.6,229.2,0.11,35.0,1.5,11.0,0.891,1.0,0.0,16.5813,80.6702,alluvial,False
KRISHNA|GANNAVARAM,Gannavaram,Krishna,9.8,99.0,89.9,76.2,6.3,15.1,81.6,270.4,0.11,28.0,1.5,11.0,0.891,1.0,0.0,16.5842,80.7782,alluvial,False
KRISHNA|UNGUTURU,Unguturu,Krishna,9.8,99.0,89.9,76.2,2.8,6.7,81.6,311.0,0.11,13.0,1.5,11.0,0.891,1.0,0.0,16.5153,80.8545,alluvial,False
KRISHNA|NANDIVADA,Nandivada,Krishna,9.8,99.0,89.9,76.2,5.9,14.2,81.6,340.7,0.11,7.0,1.5,11.0,0.891,1.0,0.0,16.5271,81.012,alluvial,False
KRISHNA|MANDAVALLI,Mandavalli,Krishna,9.8,99.0,89.9,76.2,3.8,9.1,81.6,315.4,0.11,5.0,1.5,11.0,0.891,1.0,0.0,16.5479,81.1525,alluvial,False
KRISHNA|KAIKALUR,Kaikalur,Krishna,9.8,99.0,89.9,76.2,3.1,7.4,81.6,276.8,0.11,6.0,1.5,11.0,0.891,1.0,0.0,16.5795,81.2508,alluvial,False
KRISHNA|KALIDINDI,Kalidindi,Krishna,9.8,99.0,89.9,76.2,3.8,9.1,81.6,328.1,0.11,4.0,1.5,11.0,0.891,1.0,0.0,16.483,81.3251,alluvial,False
KRISHNA|KRUTHIVENNU,Kruthivennu,Krishna,9.8,99.0,89.9,76.2,2.8,6.7,81.6,350.5,0.11,4.0,1.5,11.0,0.891,1.0,0.0,16.3739,81.3982,alluvial,False
KRISHNA|BANTUMILLI,Bantumilli,Krishna,9.8,99.0,89.9,76.2,2.7,6.5,81.6,335.2,0.11,4.0,1.5,11.0,0.891,1.0,0.0,16.386,81.2555,alluvial,False
KRISHNA|MUDINEPALLE,Mudinepalle,Krishna,9.8,99.0,89.9,76.2,3.6,8.6,81.6,334.1,0.11,6.0,1.5,11.0,0.891,1.0,0.0,16.4326,81.1742,alluvial,False
KRISHNA|GUDIVADA,Gudivada,Krishna,9.8,99.0,89.9,76.2,3.8,9.1,81.6,362.8,0.11,4.0,1.5,11.0,0.891,1.0,0.0,16.4325,81.0275,alluvial,False
KRISHNA|PEDAPARUPUDI,Pedaparupudi,Krishna,9.8,99.0,89.9,76.2,3.4,8.2,81.6,351.0,0.11,8.0,1.5,11.0,0.891,1.0,0.0,16.427,80.9331,alluvial,False
KRISHNA|KANKIPADU,Kankipadu,Krishna,9.8,99.0,89.9,76.2,4.7,11.3,81.6,320.0,0.11,15.0,1.5,11.0,0.891,1.0,0.0,16.4485,80.7746,alluvial,False
KRISHNA|PENAMALURU,Penamaluru,Krishna,9.8,99.0,89.9,76.2,10.3,24.7,81.6,288.7,0.11,17.0,1.5,11.0,0.891,1.0,0.0,16.4881,80.7019,alluvial,False
KRISHNA|THOTLAVALLURU,Thotlavalluru,Krishna,9.8,99.0,89.9,76.2,4.7,11.3,81.6,360.4,0.11,13.0,1.5,11.0,0.891,1.0,0.0,16.3545,80.7866,alluvial,False
KRISHNA|PAMIDIMUKKALA,Pamidimukkala,Krishna,9.8,99.0,89.9,76.2,5.3,12.7,81.6,386.5,0.11,9.0,1.5,11.0,0.891,1.0,0.0,16.3106,80.8833,alluvial,False
KRISHNA|VUYYURU,Vuyyuru,Krishna,9.8,99.0,89.9,76.2,3.4,8.2,81.6,351.4,0.11,10.0,1.5,11.0,0.891,1.0,0.0,16.4044,80.8731,alluvial,False
KRISHNA|PAMARRU,Pamarru,Krishna,9.8,99.0,89.9,76.2,6.2,14.9,81.6,383.2,0.11,9.0,1.5,11.0,0.891,1.0,0.0,16.3318,80.971,alluvial,False
KRISHNA|GUDLAVALLERU,Gudlavalleru,Krishna,9.8,99.0,89.9,76.2,4.5,10.8,81.6,359.3,0.11,8.0,1.5,11.0,0.891,1.0,0.0,16.3441,81.0668,alluvial,False
KRISHNA|PEDANA,Pedana,Krishna,9.8,99.0,89.9,76.2,3.2,7.7,81.6,353.6,0.11,7.0,1.5,11.0,0.891,1.0,0.0,16.3226,81.1672,alluvial,False
KRISHNA|GUDURU,Guduru,Krishna,9.8,99.0,89.9,76.2,2.6,6.2,81.6,393.1,0.11,6.0,1.5,11.0,0.891,1.0,0.0,16.2302,81.0742,alluvial,False
KRISHNA|MOVVA,Movva,Krishna,9.8,99.0,89.9,76.2,3.0,7.2,81.6,405.0,0.11,8.0,1.5,11.0,0.891,1.0,0.0,16.2555,80.9624,alluvial,False
KRISHNA|GHANTASALA,Ghantasala,Krishna,9.8,99.0,89.9,76.2,2.1,5.0,81.6,416.7,0.11,7.0,1.5,11.0,0.891,1.0,0.0,16.1717,80.929,alluvial,False
KRISHNA|MACHILIPATNAM,Machilipatnam,Krishna,9.8,99.0,89.9,76.2,2.0,4.8,81.6,391.6,0.11,5.0,1.5,11.0,0.891,1.0,0.0,16.1729,81.1611,alluvial,False
KRISHNA|CHALLAPALLE,Challapalle,Krishna,9.8,99.0,89.9,76.2,3.2,7.7,81.6,431.9,0.11,8.0,1.5,11.0,0.891,1.0,0.0,16.139,80.9455,alluvial,False
KRISHNA|MOPIDEVI,Mopidevi,Krishna,9.8,99.0,89.9,76.2,3.1,7.4,81.6,444.9,0.11,9.0,1.5,11.0,0.891,1.0,0.0,16.0878,80.9432,alluvial,False
KRISHNA|AVANIGADDA,Avanigadda,Krishna,9.8,99.0,89.9,76.2,3.9,9.4,81.6,464.4,0.11,9.0,1.5,11.0,0.891,1.0,0.0,16.0214,80.926,alluvial,False
KRISHNA|NAGAYALANKA,Nagayalanka,Krishna,9.8,99.0,89.9,76.2,4.3,10.3,81.6,475.5,0.11,3.0,1.5,11.0,0.891,1.0,0.0,15.8521,80.9537,alluvial,False
KRISHNA|KODURU,Koduru,Krishna,9.8,99.0,89.9,76.2,3.7,8.9,81.6,430.3,0.11,5.0,1.5,11.0,0.891,1.0,0.0,16.0148,81.0512,alluvial,False
GUNTUR|MACHERLA,Macherla,Guntur,9.26,96.3,84.6,78.1,3.8,9.1,71.7,269.0,0.11,151.0,1.5,11.0,0.842,1.0,0.0,16.5125,79.3857,alluvial,False
GUNTUR|VELDURTHI,Veldurthi,Guntur,9.26,96.3,84.6,78.1,5.0,12.0,71.7,240.2,0.11,203.0,1.5,11.0,0.842,1.0,0.0,16.3766,79.347,alluvial,False
GUNTUR|DURGI,Durgi,Guntur,9.26,96.3,84.6,78.1,2.9,7.0,71.7,234.8,0.11,196.0,1.5,11.0,0.842,1.0,0.0,16.3514,79.4517,alluvial,False
GUNTUR|RENTACHINTALA,Rentachintala,Guntur,9.26,96.3,84.6,78.1,4.4,10.6,71.7,265.4,0.11,102.0,1.5,11.0,0.842,1.0,0.0,16.5624,79.5071,alluvial,False
GUNTUR|GURAZALA,Gurazala,Guntur,9.26,96.3,84.6,78.1,3.0,7.2,71.7,218.6,0.11,108.0,1.5,11.0,0.842,1.0,0.0,16.5777,79.6122,alluvial,False
GUNTUR|DACHEPALLE,Dachepalle,Guntur,9.26,96.3,84.6,78.1,2.7,6.5,71.7,192.3,0.11,85.0,1.5,11.0,0.842,1.0,0.0,16.633,79.7299,alluvial,False
GUNTUR|KAREMPUDI,Karempudi,Guntur,9.26,96.3,84.6,78.1,4.7,11.3,71.7,199.5,0.11,130.0,1.5,11.0,0.842,1.0,0.0,16.4601,79.7205,alluvial,False
GUNTUR|PIDUGURALLA,Piduguralla,Guntur,9.26,96.3,84.6,78.1,3.6,8.6,71.7,166.9,0.11,115.0,1.5,11.0,0.842,1.0,0.0,16.4706,79.8542,alluvial,False
GUNTUR|MACHAVARAM,Machavaram,Guntur,9.26,96.3,84.6,78.1,2.8,6.7,71.7,154.0,0.11,87.0,1.5,11.0,0.842,1.0,0.0,16.6007,79.8877,alluvial,False
GUNTUR|BELLAMKONDA,Bellamkonda,Guntur,9.26,96.3,84.6,78.1,4.8,11.5,71.7,129.0,0.11,115.0,1.5,11.0,0.842,1.0,0.0,16.5975,80.0244,alluvial,False
GUNTUR|ATCHAMPET,Atchampet,Guntur,9.26,96.3,84.6,78.1,2.3,5.5,71.7,121.5,0.11,43.0,1.5,11.0,0.842,1.0,0.0,16.6588,80.1147,alluvial,False
GUNTUR|KROSURU,Krosuru,Guntur,9.26,96.3,84.6,78.1,5.3,12.7,71.7,129.5,0.11,52.0,1.5,11.0,0.842,1.0,0.0,16.5371,80.1157,alluvial,False
GUNTUR|AMARAVATHI,Amaravathi,Guntur,9.26,96.3,84.6,78.1,6.6,15.8,71.7,170.4,0.11,42.0,1.5,11.0,0.842,1.0,0.0,16.5434,80.3113,alluvial,False
GUNTUR|THULLUR,Thullur,Guntur,9.26,96.3,84.6,78.1,5.7,13.7,71.7,218.5,0.11,27.0,1.5,11.0,0.842,1.0,0.0,16.5316,80.4695,alluvial,False
GUNTUR|TADEPALLE,Tadepalle,Guntur,9.26,96.3,84.6,78.1,4.6,11.0,71.7,268.8,0.11,25.0,1.5,11.0,0.842,1.0,0.0,16.4836,80.607,alluvial,False
GUNTUR|MANGALAGIRI,Mangalagiri,Guntur,9.26,96.3,84.6,78.1,4.1,9.8,71.7,297.8,0.11,65.0,1.5,11.0,0.842,1.0,0.0,16.4356,80.5699,alluvial,False
GUNTUR|TADIKONDA,Tadikonda,Guntur,9.26,96.3,84.6,78.1,7.2,17.3,71.7,271.8,0.11,66.0,1.5,11.0,0.842,1.0,0.0,16.4404,80.3973,alluvial,False
GUNTUR|PEDAKURAPADU,Pedakurapadu,Guntur,9.26,96.3,84.6,78.1,4.3,10.3,71.7,190.1,0.11,51.0,1.5,11.0,0.842,1.0,0.0,16.5142,80.2746,alluvial,False
GUNTUR|SATTENAPALLE,Sattenapalle,Guntur,9.26,96.3,84.6,78.1,6.6,15.8,71.7,202.9,0.11,60.0,1.5,11.0,0.842,1.0,0.0,16.4237,80.1668,alluvial,False
GUNTUR|RAJUPALEM,Rajupalem,Guntur,9.26,96.3,84.6,78.1,3.6,8.6,71.7,187.2,0.11,136.0,1.5,11.0,0.842,1.0,0.0,16.4386,79.9708,alluvial,False
GUNTUR|NEKARIKALLU,Nekarikallu,Guntur,9.26,96.3,84.6,78.1,5.4,13.0,71.7,231.3,0.11,119.0,1.5,11.0,0.842,1.0,0.0,16.3279,79.913,alluvial,False
GUNTUR|BOLLAPALLE,Bollapalle,Guntur,9.26,96.3,84.6,78.1,5.7,13.7,71.7,231.0,0.11,474.0,1.5,11.0,0.842,1.0,0.0,16.2378,79.6826,alluvial,False
GUNTUR|VINUKONDA,Vinukonda,Guntur,9.26,96.3,84.6,78.1,2.8,6.7,71.7,306.6,0.11,73.0,1.5,11.0,0.842,1.0,0.0,16.0309,79.7281,alluvial,False
GUNTUR|NUZENDLA,Nuzendla,Guntur,9.26,96.3,84.6,78.1,4.1,9.8,71.7,298.8,0.11,96.0,1.5,11.0,0.842,1.0,0.0,15.9418,79.731,alluvial,False
GUNTUR|SAVALYAPURAM H/O KANAMARLAPUDI,Savalyapuram H/O Kanamarlapudi,Guntur,9.26,96.3,84.6,78.1,3.4,8.2,71.7,350.0,0.11,100.0,1.5,11.0,0.842,1.0,0.0,16.1101,79.8528,alluvial,False
GUNTUR|IPUR,Ipur,Guntur,9.26,96.3,84.6,78.1,3.1,7.4,71.7,263.4,0.11,115.0,1.5,11.0,0.842,1.0,0.0,16.219,79.7965,alluvial,False
GUNTUR|ROMPICHERLA,Rompicherla,Guntur,9.26,96.3,84.6,78.1,6.3,15.1,71.7,311.0,0.11,94.0,1.5,11.0,0.842,1.0,0.0,16.251,79.9358,alluvial,False
GUNTUR|NARASARAOPET,Narasaraopet,Guntur,9.26,96.3,84.6,78.1,6.2,14.9,71.7,370.3,0.11,74.0,1.5,11.0,0.842,1.0,0.0,16.237,80.035,alluvial,False
GUNTUR|MUPPALLA,Muppalla,Guntur,9.26,96.3,84.6,78.1,4.2,10.1,71.7,279.5,0.11,84.0,1.5,11.0,0.842,1.0,0.0,16.3606,80.0895,alluvial,False
GUNTUR|NADENDLA,Nadendla,Guntur,9.26,96.3,84.6,78.1,3.8,9.1,71.7,414.5,0.11,50.0,1.5,11.0,0.842,1.0,0.0,16.2265,80.1392,alluvial,False
GUNTUR|CHILAKALURIPET H/O.PURUSHOTH*,Chilakaluripet H/O.Purushoth*,Guntur,9.26,96.3,84.6,78.1,5.2,12.5,71.7,517.3,0.11,35.0,1.5,11.0,0.842,1.0,0.0,16.0837,80.1271,alluvial,False
GUNTUR|EDLAPADU,Edlapadu,Guntur,9.26,96.3,84.6,78.1,2.9,7.0,71.7,464.0,0.11,60.0,1.5,11.0,0.842,1.0,0.0,16.1999,80.2653,alluvial,False
GUNTUR|PHIRANGIPURAM,Phirangipuram,Guntur,9.26,96.3,84.6,78.1,3.9,9.4,71.7,353.0,0.11,63.0,1.5,11.0,0.842,1.0,0.0,16.321,80.2192,alluvial,False
GUNTUR|MEDIKONDURU,Medikonduru,Guntur,9.26,96.3,84.6,78.1,4.4,10.6,71.7,314.8,0.11,48.0,1.5,11.0,0.842,1.0,0.0,16.3837,80.3087,alluvial,False
GUNTUR|GUNTUR,Guntur,Guntur,9.26,96.3,84.6,78.1,5.6,13.4,71.7,379.8,0.11,32.0,1.5,11.0,0.842,1.0,0.0,16.2932,80.4219,alluvial,False
GUNTUR|PEDAKAKANI,Pedakakani,Guntur,9.26,96.3,84.6,78.1,4.8,11.5,71.7,356.9,0.11,15.0,1.5,11.0,0.842,1.0,0.0,16.3336,80.5212,alluvial,False
GUNTUR|DUGGIRALA,Duggirala,Guntur,9.26,96.3,84.6,78.1,8.9,21.4,71.7,344.0,0.11,14.0,1.5,11.0,0.842,1.0,0.0,16.3494,80.656,alluvial,False
GUNTUR|KOLLIPARA,Kollipara,Guntur,9.26,96.3,84.6,78.1,3.4,8.2,71.7,375.5,0.11,11.0,1.5,11.0,0.842,1.0,0.0,16.3025,80.7182,alluvial,False
GUNTUR|TENALI,Tenali,Guntur,9.26,96.3,84.6,78.1,4.2,10.1,71.7,392.5,0.11,17.0,1.5,11.0,0.842,1.0,0.0,16.2578,80.6355,alluvial,False
GUNTUR|CHEBROLU,Chebrolu,Guntur,9.26,96.3,84.6,78.1,8.4,20.2,71.7,423.1,0.11,15.0,1.5,11.0,0.842,1.0,0.0,16.2289,80.5315,alluvial,False
GUNTUR|VATTICHERUKURU,Vatticherukuru,Guntur,9.26,96.3,84.6,78.1,4.0,9.6,71.7,446.8,0.11,12.0,1.5,11.0,0.842,1.0,0.0,16.2133,80.433,alluvial,False
GUNTUR|PRATHIPADU,Prathipadu,Guntur,9.26,96.3,84.6,78.1,4.7,11.3,71.7,450.1,0.11,26.0,1.5,11.0,0.842,1.0,0.0,16.1824,80.3234,alluvial,False
GUNTUR|PEDANANDIPADU,Pedanandipadu,Guntur,9.26,96.3,84.6,78.1,2.9,7.0,71.7,495.3,0.11,14.0,1.5,11.0,0.842,1.0,0.0,16.096,80.3149,alluvial,False
GUNTUR|KAKUMANU,Kakumanu,Guntur,9.26,96.3,84.6,78.1,4.5,10.8,71.7,502.0,0.11,11.0,1.5,11.0,0.842,1.0,0.0,16.0788,80.4304,alluvial,False
GUNTUR|PONNUR,Ponnur,Guntur,9.26,96.3,84.6,78.1,3.4,8.2,71.7,481.6,0.11,6.0,1.5,11.0,0.842,1.0,0.0,16.0837,80.5222,alluvial,False
GUNTUR|TSUNDUR,Tsundur,Guntur,9.26,96.3,84.6,78.1,3.9,9.4,71.7,436.9,0.11,7.0,1.5,11.0,0.842,1.0,0.0,16.1764,80.5998,alluvial,False
GUNTUR|AMRUTHALUR,Amruthalur,Guntur,9.26,96.3,84.6,78.1,4.1,9.8,71.7,460.6,0.11,8.0,1.5,11.0,0.842,1.0,0.0,16.1378,80.6529,alluvial,False
GUNTUR|VEMURU,Vemuru,Guntur,9.26,96.3,84.6,78.1,6.4,15.4,71.7,423.8,0.11,8.0,1.5,11.0,0.842,1.0,0.0,16.1891,80.7341,alluvial,False
GUNTUR|KOLLUR,Kollur,Guntur,9.26,96.3,84.6,78.1,2.4,5.8,71.7,432.4,0.11,10.0,1.5,11.0,0.842,1.0,0.0,16.2024,80.7951,alluvial,False
GUNTUR|BHATTIPROLU,Bhattiprolu,Guntur,9.26,96.3,84.6,78.1,3.2,7.7,71.7,463.7,0.11,7.0,1.5,11.0,0.842,1.0,0.0,16.0839,80.8108,alluvial,False
GUNTUR|CHERUKUPALLE H/O ARUMBAKA,Cherukupalle H/O Arumbaka,Guntur,9.26,96.3,84.6,78.1,2.1,5.0,71.7,483.9,0.11,4.0,1.5,11.0,0.842,1.0,0.0,16.0629,80.6895,alluvial,False
GUNTUR|PITTALAVANIPALEM,Pittalavanipalem,Guntur,9.26,96.3,84.6,78.1,2.5,6.0,71.7,494.1,0.11,9.0,1.5,11.0,0.842,1.0,0.0,15.992,80.609,alluvial,False
GUNTUR|KARLAPALEM,Karlapalem,Guntur,9.26,96.3,84.6,78.1,3.4,8.2,71.7,485.3,0.11,3.0,1.5,11.0,0.842,1.0,0.0,15.9464,80.5631,alluvial,False
GUNTUR|BAPATLA,Bapatla,Guntur,9.26,96.3,84.6,78.1,2.1,5.0,71.7,478.8,0.11,7.0,1.5,11.0,0.842,1.0,0.0,15.9115,80.4865,alluvial,False
GUNTUR|NIZAMPATNAM,Nizampatnam,Guntur,9.26,96.3,84.6,78.1,2.3,5.5,71.7,492.3,0.11,5.0,1.5,11.0,0.842,1.0,0.0,15.9434,80.7367,alluvial,False
GUNTUR|NAGARAM,Nagaram,Guntur,9.26,96.3,84.6,78.1,2.7,6.5,71.7,494.7,0.11,3.0,1.5,11.0,0.842,1.0,0.0,15.988,80.7423,alluvial,False
GUNTUR|REPALLE,Repalle,Guntur,9.26,96.3,84.6,78.1,4.1,9.8,71.7,488.1,0.11,5.0,1.5,11.0,0.842,1.0,0.0,15.8968,80.818,alluvial,False
PRAKASAM|YERRAGONDAPALEM,Yerragondapalem,Prakasam,9.16,95.8,85.0,86.4,5.3,12.7,68.5,180.3,0.08,196.0,2.5,9.0,1.145,1.0,0.0,16.0068,79.2806,coastal,False
PRAKASAM|PULLALACHERUVU,Pullalacheruvu,Prakasam,9.16,95.8,85.0,86.4,4.5,10.8,68.5,210.2,0.08,192.0,2.5,9.0,1.145,1.0,0.0,16.1574,79.4196,coastal,False
PRAKASAM|TRIPURANTHAKAM,Tripuranthakam,Prakasam,9.16,95.8,85.0,86.4,3.7,8.9,68.5,199.6,0.08,130.0,2.5,9.0,1.145,1.0,0.0,16.0025,79.4305,coastal,False
PRAKASAM|DORNALA,Dornala,Prakasam,9.16,95.8,85.0,86.4,6.7,16.1,68.5,218.7,0.08,221.0,2.5,9.0,1.145,1.0,0.0,15.9327,79.0802,coastal,False
PRAKASAM|PEDA ARAVEEDU,Peda Araveedu,Prakasam,9.16,95.8,85.0,86.4,3.0,7.2,68.5,162.5,0.08,182.0,2.5,9.0,1.145,1.0,0.0,15.8319,79.1999,coastal,False
PRAKASAM|DONAKONDA,Donakonda,Prakasam,9.16,95.8,85.0,86.4,4.1,9.8,68.5,118.4,0.08,144.0,2.5,9.0,1.145,1.0,0.0,15.7963,79.4562,coastal,False
PRAKASAM|KURICHEDU,Kurichedu,Prakasam,9.16,95.8,85.0,86.4,3.1,7.4,68.5,180.7,0.08,125.0,2.5,9.0,1.145,1.0,0.0,15.9037,79.5677,coastal,False
PRAKASAM|SANTHAMAGULURU,Santhamaguluru,Prakasam,9.16,95.8,85.0,86.4,3.9,9.4,68.5,446.7,0.08,69.0,2.5,9.0,1.145,1.0,0.0,16.0933,79.955,coastal,False
PRAKASAM|BALLIKURAVA,Ballikurava,Prakasam,9.16,95.8,85.0,86.4,4.7,11.3,68.5,530.4,0.08,50.0,2.5,9.0,1.145,1.0,0.0,16.0169,80.0085,coastal,False
PRAKASAM|MARTUR,Martur,Prakasam,9.16,95.8,85.0,86.4,5.1,12.2,68.5,532.9,0.08,48.0,2.5,9.0,1.145,1.0,0.0,15.9462,80.1026,coastal,False
PRAKASAM|YEDDANA PUDI,Yeddana Pudi,Prakasam,9.16,95.8,85.0,86.4,5.3,12.7,68.5,539.5,0.08,27.0,2.5,9.0,1.145,1.0,0.0,15.9825,80.17,coastal,False
PRAKASAM|PARCHUR,Parchur,Prakasam,9.16,95.8,85.0,86.4,4.0,9.6,68.5,515.0,0.08,9.0,2.5,9.0,1.145,1.0,0.0,15.9839,80.3182,coastal,False
PRAKASAM|KARAMCHEDU,Karamchedu,Prakasam,9.16,95.8,85.0,86.4,2.6,6.2,68.5,433.8,0.08,4.0,2.5,9.0,1.145,1.0,0.0,15.8981,80.2946,coastal,False
PRAKASAM|INKOLLU,Inkollu,Prakasam,9.16,95.8,85.0,86.4,2.1,5.0,68.5,425.4,0.08,18.0,2.5,9.0,1.145,1.0,0.0,15.8468,80.1879,coastal,False
PRAKASAM|JANAKAVARAMPANGULURU,Janakavarampanguluru,Prakasam,9.16,95.8,85.0,86.4,2.9,7.0,68.5,384.7,0.08,38.0,2.5,9.0,1.145,1.0,0.0,15.8458,80.0786,coastal,False
PRAKASAM|ADDANKI,Addanki,Prakasam,9.16,95.8,85.0,86.4,5.3,12.7,68.5,370.4,0.08,26.0,2.5,9.0,1.145,1.0,0.0,15.8146,79.9609,coastal,False
PRAKASAM|MUNDLAMURU,Mundlamuru,Prakasam,9.16,95.8,85.0,86.4,4.3,10.3,68.5,301.8,0.08,61.0,2.5,9.0,1.145,1.0,0.0,15.8352,79.8047,coastal,False
PRAKASAM|DARSI,Darsi,Prakasam,9.16,95.8,85.0,86.4,2.8,6.7,68.5,143.4,0.08,115.0,2.5,9.0,1.145,1.0,0.0,15.7802,79.6691,coastal,False
PRAKASAM|MARKAPUR,Markapur,Prakasam,9.16,95.8,85.0,86.4,3.0,7.2,68.5,132.1,0.08,142.0,2.5,9.0,1.145,1.0,0.0,15.7429,79.2659,coastal,False
PRAKASAM|ARDHAVEEDU,Ardhaveedu,Prakasam,9.16,95.8,85.0,86.4,5.3,12.7,68.5,236.2,0.08,224.0,2.5,9.0,1.145,1.0,0.0,15.6562,79.0258,coastal,False
PRAKASAM|CUMBUM,Cumbum,Prakasam,9.16,95.8,85.0,86.4,3.2,7.7,68.5,122.9,0.08,187.0,2.5,9.0,1.145,1.0,0.0,15.5691,79.0841,coastal,False
PRAKASAM|TARLUPADU,Tarlupadu,Prakasam,9.16,95.8,85.0,86.4,3.0,7.2,68.5,82.9,0.08,180.0,2.5,9.0,1.145,1.0,0.0,15.67,79.3197,coastal,False
PRAKASAM|KONAKANAMITLA,Konakanamitla,Prakasam,9.16,95.8,85.0,86.4,4.6,11.0,68.5,64.5,0.08,140.0,2.5,9.0,1.145,1.0,0.0,15.6451,79.4924,coastal,False
PRAKASAM|PODILI,Podili,Prakasam,9.16,95.8,85.0,86.4,2.5,6.0,68.5,83.8,0.08,88.0,2.5,9.0,1.145,1.0,0.0,15.5884,79.6144,coastal,False
PRAKASAM|THALLUR,Thallur,Prakasam,9.16,95.8,85.0,86.4,3.6,8.6,68.5,206.1,0.08,60.0,2.5,9.0,1.145,1.0,0.0,15.7042,79.804,coastal,False
PRAKASAM|KORISAPADU,Korisapadu,Prakasam,9.16,95.8,85.0,86.4,3.5,8.4,68.5,292.7,0.08,30.0,2.5,9.0,1.145,1.0,0.0,15.7365,80.0525,coastal,False
PRAKASAM|CHIRALA,Chirala,Prakasam,9.16,95.8,85.0,86.4,2.0,4.8,68.5,425.1,0.08,9.0,2.5,9.0,1.145,1.0,0.0,15.8567,80.3849,coastal,False
PRAKASAM|VETAPALEM,Vetapalem,Prakasam,9.16,95.8,85.0,86.4,2.6,6.2,68.5,355.0,0.08,9.0,2.5,9.0,1.145,1.0,0.0,15.7884,80.3376,coastal,False
PRAKASAM|CHINAGANJAM,Chinaganjam,Prakasam,9.16,95.8,85.0,86.4,4.2,10.1,68.5,300.4,0.08,2.0,2.5,9.0,1.145,1.0,0.0,15.7473,80.2513,coastal,False
PRAKASAM|NAGULUPPALA PADU,Naguluppala Padu,Prakasam,9.16,95.8,85.0,86.4,2.8,6.7,68.5,244.2,0.08,8.0,2.5,9.0,1.145,1.0,0.0,15.6798,80.1673,coastal,False
PRAKASAM|MADDIPADU,Maddipadu,Prakasam,9.16,95.8,85.0,86.4,3.0,7.2,68.5,227.0,0.08,17.0,2.5,9.0,1.145,1.0,0.0,15.6322,80.0135,coastal,False
PRAKASAM|CHIMAKURTHI,Chimakurthi,Prakasam,9.16,95.8,85.0,86.4,3.8,9.1,68.5,172.9,0.08,56.0,2.5,9.0,1.145,1.0,0.0,15.6179,79.8529,coastal,False
PRAKASAM|MARRIPUDI,Marripudi,Prakasam,9.16,95.8,85.0,86.4,4.3,10.3,68.5,93.0,0.08,64.0,2.5,9.0,1.145,1.0,0.0,15.4782,79.6887,coastal,False
PRAKASAM|HANUMANTHUNI PADU,Hanumanthuni Padu,Prakasam,9.16,95.8,85.0,86.4,6.1,14.6,68.5,65.7,0.08,137.0,2.5,9.0,1.145,1.0,0.0,15.4658,79.341,coastal,False
PRAKASAM|BESTAWARIPETA,Bestawaripeta,Prakasam,9.16,95.8,85.0,86.4,5.3,12.7,68.5,112.2,0.08,620.0,2.5,9.0,1.145,1.0,0.0,15.3863,79.0957,coastal,False
PRAKASAM|RACHERLA,Racherla,Prakasam,9.16,95.8,85.0,86.4,3.0,7.2,68.5,185.1,0.08,241.0,2.5,9.0,1.145,1.0,0.0,15.5158,78.9257,coastal,False
PRAKASAM|GIDDALUR,Giddalur,Prakasam,9.16,95.8,85.0,86.4,4.7,11.3,68.5,182.5,0.08,317.0,2.5,9.0,1.145,1.0,0.0,15.4511,78.8673,coastal,False
PRAKASAM|KOMAROLU,Komarolu,Prakasam,9.16,95.8,85.0,86.4,4.1,9.8,68.5,157.2,0.08,260.0,2.5,9.0,1.145,1.0,0.0,15.2898,79.0059,coastal,False
PRAKASAM|VELIGANDLA,Veligandla,Prakasam,9.16,95.8,85.0,86.4,3.7,8.9,68.5,77.0,0.08,138.0,2.5,9.0,1.145,1.0,0.0,15.3444,79.3127,coastal,False
PRAKASAM|KANIGIRI,Kanigiri,Prakasam,9.16,95.8,85.0,86.4,3.4,8.2,68.5,105.3,0.08,101.0,2.5,9.0,1.145,1.0,0.0,15.354,79.4862,coastal,False
PRAKASAM|KONDAPI,Kondapi,Prakasam,9.16,95.8,85.0,86.4,3.3,7.9,68.5,107.4,0.08,30.0,2.5,9.0,1.145,1.0,0.0,15.4176,79.8521,coastal,False
PRAKASAM|SANTHANUTHALA PADU,Santhanuthala Padu,Prakasam,9.16,95.8,85.0,86.4,4.5,10.8,68.5,164.5,0.08,40.0,2.5,9.0,1.145,1.0,0.0,15.5344,79.9613,coastal,False
PRAKASAM|ONGOLE,Ongole,Prakasam,9.16,95.8,85.0,86.4,2.2,5.3,68.5,169.8,0.08,8.0,2.5,9.0,1.145,1.0,0.0,15.5207,80.1047,coastal,False
PRAKASAM|KOTHA PATNAM,Kotha Patnam,Prakasam,9.16,95.8,85.0,86.4,3.0,7.2,68.5,147.6,0.08,6.0,2.5,9.0,1.145,1.0,0.0,15.4511,80.1138,coastal,False
PRAKASAM|TANGUTUR,Tangutur,Prakasam,9.16,95.8,85.0,86.4,3.3,7.9,68.5,130.2,0.08,11.0,2.5,9.0,1.145,1.0,0.0,15.3912,80.0116,coastal,False
PRAKASAM|ZARUGUMILLI,Zarugumilli,Prakasam,9.16,95.8,85.0,86.4,3.5,8.4,68.5,120.3,0.08,23.0,2.5,9.0,1.145,1.0,0.0,15.3092,79.8692,coastal,False
PRAKASAM|PONNALURU,Ponnaluru,Prakasam,9.16,95.8,85.0,86.4,3.9,9.4,68.5,139.2,0.08,45.0,2.5,9.0,1.145,1.0,0.0,15.2693,79.7527,coastal,False
PRAKASAM|PEDACHERLO PALLE,Pedacherlo Palle,Prakasam,9.16,95.8,85.0,86.4,3.8,9.1,68.5,149.5,0.08,77.0,2.5,9.0,1.145,1.0,0.0,15.2607,79.5753,coastal,False
PRAKASAM|CHANDRA SEKHARA PURAM,Chandra Sekhara Puram,Prakasam,9.16,95.8,85.0,86.4,5.4,13.0,68.5,80.1,0.08,231.0,2.5,9.0,1.145,1.0,0.0,15.2004,79.1967,coastal,False
PRAKASAM|PAMUR,Pamur,Prakasam,9.16,95.8,85.0,86.4,5.3,12.7,68.5,148.4,0.08,111.0,2.5,9.0,1.145,1.0,0.0,15.1354,79.4641,coastal,False
PRAKASAM|VOLETIVARIPALEM,Voletivaripalem,Prakasam,9.16,95.8,85.0,86.4,2.8,6.7,68.5,171.5,0.08,52.0,2.5,9.0,1.145,1.0,0.0,15.1603,79.7322,coastal,False
PRAKASAM|KANDUKUR,Kandukur,Prakasam,9.16,95.8,85.0,86.4,3.6,8.6,68.5,124.9,0.08,26.0,2.5,9.0,1.145,1.0,0.0,15.2298,79.8935,coastal,False
PRAKASAM|SINGARAYAKONDA,Singarayakonda,Prakasam,9.16,95.8,85.0,86.4,4.6,11.0,68.5,125.5,0.08,14.0,2.5,9.0,1.145,1.0,0.0,15.2664,80.0412,coastal,False
PRAKASAM|LINGASAMUDRAM,Lingasamudram,Prakasam,9.16,95.8,85.0,86.4,2.8,6.7,68.5,209.9,0.08,39.0,2.5,9.0,1.145,1.0,0.0,15.0705,79.7312,coastal,False
PRAKASAM|GUDLURU,Gudluru,Prakasam,9.16,95.8,85.0,86.4,3.0,7.2,68.5,175.5,0.08,24.0,2.5,9.0,1.145,1.0,0.0,15.0596,79.9323,coastal,False
PRAKASAM|ULAVAPADU,Ulavapadu,Prakasam,9.16,95.8,85.0,86.4,3.0,7.2,68.5,141.3,0.08,15.0,2.5,9.0,1.145,1.0,0.0,15.1328,80.0008,coastal,False
SRI POTTI SRIRAMULU NELLORE|SEETHARAMAPURAM,Seetharamapuram,Sri Potti Sriramulu Nellore,6.86,84.3,77.7,82.6,4.7,11.3,80.5,70.9,0.08,215.0,2.5,9.0,0.857,1.0,0.0,14.9851,79.1663,coastal,False
SRI POTTI SRIRAMULU NELLORE|UDAYAGIRI,Udayagiri,Sri Potti Sriramulu Nellore,6.86,84.3,77.7,82.6,2.9,7.0,80.5,79.2,0.08,150.0,2.5,9.0,0.857,1.0,0.0,14.9587,79.2799,coastal,False
SRI POTTI SRIRAMULU NELLORE|VARIKUNTAPADU,Varikuntapadu,Sri Potti Sriramulu Nellore,6.86,84.3,77.7,82.6,4.3,10.3,80.5,112.3,0.08,117.0,2.5,9.0,0.857,1.0,0.0,15.0557,79.3743,coastal,False
SRI POTTI SRIRAMULU NELLORE|KONDAPURAM,Kondapuram,Sri Potti Sriramulu Nellore,6.86,84.3,77.7,82.6,4.1,9.8,80.5,218.6,0.08,49.0,2.5,9.0,0.857,1.0,0.0,14.9947,79.69,coastal,False
SRI POTTI SRIRAMULU NELLORE|JALADANKI,Jaladanki,Sri Potti Sriramulu Nellore,6.86,84.3,77.7,82.6,2.9,7.0,80.5,230.1,0.08,24.0,2.5,9.0,0.857,1.0,0.0,14.8711,79.8609,coastal,False
SRI POTTI SRIRAMULU NELLORE|KAVALI,Kavali,Sri Potti Sriramulu Nellore,6.86,84.3,77.7,82.6,2.9,7.0,80.5,193.1,0.08,34.0,2.5,9.0,0.857,1.0,0.0,14.9295,79.969,coastal,False
SRI POTTI SRIRAMULU NELLORE|BOGOLE,Bogole,Sri Potti Sriramulu Nellore,6.86,84.3,77.7,82.6,2.6,6.2,80.5,220.0,0.08,11.0,2.5,9.0,0.857,1.0,0.0,14.8004,79.9959,coastal,False
SRI POTTI SRIRAMULU NELLORE|KALIGIRI,Kaligiri,Sri Potti Sriramulu Nellore,6.86,84.3,77.7,82.6,3.0,7.2,80.5,247.9,0.08,70.0,2.5,9.0,0.857,1.0,0.0,14.851,79.7144,coastal,False
SRI POTTI SRIRAMULU NELLORE|VINJAMUR,Vinjamur,Sri Potti Sriramulu Nellore,6.86,84.3,77.7,82.6,2.6,6.2,80.5,194.0,0.08,114.0,2.5,9.0,0.857,1.0,0.0,14.8456,79.5362,coastal,False
SRI POTTI SRIRAMULU NELLORE|DUTTALUR,Duttalur,Sri Potti Sriramulu Nellore,6.86,84.3,77.7,82.6,3.0,7.2,80.5,144.9,0.08,131.0,2.5,9.0,0.857,1.0,0.0,14.8647,79.4155,coastal,False
SRI POTTI SRIRAMULU NELLORE|MARRIPADU,Marripadu,Sri Potti Sriramulu Nellore,6.86,84.3,77.7,82.6,2.3,5.5,80.5,115.2,0.08,127.0,2.5,9.0,0.857,1.0,0.0,14.7174,79.3097,coastal,False
SRI POTTI SRIRAMULU NELLORE|ATMAKUR,Atmakur,Sri Potti Sriramulu Nellore,6.86,84.3,77.7,82.6,2.5,6.0,80.5,194.9,0.08,62.0,2.5,9.0,0.857,1.0,0.0,14.6633,79.5403,coastal,False
SRI POTTI SRIRAMULU NELLORE|ANUMASAMUDRAMPETA,Anumasamudrampeta,Sri Potti Sriramulu Nellore,6.86,84.3,77.7,82.6,2.3,5.5,80.5,245.8,0.08,49.0,2.5,9.0,0.857,1.0,0.0,14.7096,79.6746,coastal,False
SRI POTTI SRIRAMULU NELLORE|DAGADARTHI,Dagadarthi,Sri Potti Sriramulu Nellore,6.86,84.3,77.7,82.6,2.0,4.8,80.5,243.7,0.08,26.0,2.5,9.0,0.857,1.0,0.0,14.677,79.9062,coastal,False
SRI POTTI SRIRAMULU NELLORE|ALLUR,Allur,Sri Potti Sriramulu Nellore,6.86,84.3,77.7,82.6,3.3,7.9,80.5,244.1,0.08,4.0,2.5,9.0,0.857,1.0,0.0,14.7011,80.0512,coastal,False
SRI POTTI SRIRAMULU NELLORE|VIDAVALUR,Vidavalur,Sri Potti Sriramulu Nellore,6.86,84.3,77.7,82.6,2.1,5.0,80.5,275.0,0.08,5.0,2.5,9.0,0.857,1.0,0.0,14.6181,80.1019,coastal,False
SRI POTTI SRIRAMULU NELLORE|KODAVALUR,Kodavalur,Sri Potti Sriramulu Nellore,6.86,84.3,77.7,82.6,1.7,4.1,80.5,266.8,0.08,14.0,2.5,9.0,0.857,1.0,0.0,14.5995,79.9717,coastal,False
SRI POTTI SRIRAMULU NELLORE|BUCHIREDDIPALEM,Buchireddipalem,Sri Potti Sriramulu Nellore,6.86,84.3,77.7,82.6,1.1,2.6,80.5,238.8,0.08,26.0,2.5,9.0,0.857,1.0,0.0,14.5599,79.8811,coastal,False
SRI POTTI SRIRAMULU NELLORE|SANGAM,Sangam,Sri Potti Sriramulu Nellore,6.86,84.3,77.7,82.6,1.7,4.1,80.5,233.6,0.08,36.0,2.5,9.0,0.857,1.0,0.0,14.6139,79.7807,coastal,False
SRI POTTI SRIRAMULU NELLORE|CHEJERLA,Chejerla,Sri Potti Sriramulu Nellore,6.86,84.3,77.7,82.6,1.6,3.8,80.5,168.8,0.08,70.0,2.5,9.0,0.857,1.0,0.0,14.5049,79.585,coastal,False
SRI POTTI SRIRAMULU NELLORE|ANANTHASAGARAM,Ananthasagaram,Sri Potti Sriramulu Nellore,6.86,84.3,77.7,82.6,1.8,4.3,80.5,129.4,0.08,179.0,2.5,9.0,0.857,1.0,0.0,14.6062,79.3567,coastal,False
SRI POTTI SRIRAMULU NELLORE|KALUVOYA,Kaluvoya,Sri Potti Sriramulu Nellore,6.86,84.3,77.7,82.6,2.1,5.0,80.5,122.9,0.08,97.0,2.5,9.0,0.857,1.0,0.0,14.4508,79.4849,coastal,False
SRI POTTI SRIRAMULU NELLORE|RAPUR,Rapur,Sri Potti Sriramulu Nellore,6.86,84.3,77.7,82.6,2.2,5.3,80.5,74.9,0.08,78.0,2.5,9.0,0.857,1.0,0.0,14.3021,79.5245,coastal,False
SRI POTTI SRIRAMULU NELLORE|PODALAKUR,Podalakur,Sri Potti Sriramulu Nellore,6.86,84.3,77.7,82.6,2.4,5.8,80.5,171.6,0.08,60.0,2.5,9.0,0.857,1.0,0.0,14.4222,79.7074,coastal,False
SRI POTTI SRIRAMULU NELLORE|NELLORE,Nellore,Sri Potti Sriramulu Nellore,6.86,84.3,77.7,82.6,1.9,4.6,80.5,249.8,0.08,34.0,2.5,9.0,0.857,1.0,0.0,14.4323,79.9164,coastal,False
SRI POTTI SRIRAMULU NELLORE|KOVUR,Kovur,Sri Potti Sriramulu Nellore,6.86,84.3,77.7,82.6,2.1,5.0,80.5,281.7,0.08,16.0,2.5,9.0,0.857,1.0,0.0,14.5237,80.0035,coastal,False
SRI POTTI SRIRAMULU NELLORE|INDUKURPET,Indukurpet,Sri Potti Sriramulu Nellore,6.86,84.3,77.7,82.6,2.4,5.8,80.5,312.0,0.08,6.0,2.5,9.0,0.857,1.0,0.0,14.5016,80.1307,coastal,False
SRI POTTI SRIRAMULU NELLORE|THOTAPALLIGUDUR,Thotapalligudur,Sri Potti Sriramulu Nellore,6.86,84.3,77.7,82.6,1.5,3.6,80.5,314.6,0.08,7.0,2.5,9.0,0.857,1.0,0.0,14.4249,80.1202,coastal,False
SRI POTTI SRIRAMULU NELLORE|MUTHUKUR,Muthukur,Sri Potti Sriramulu Nellore,6.86,84.3,77.7,82.6,1.4,3.4,80.5,296.2,0.08,9.0,2.5,9.0,0.857,1.0,0.0,14.2917,80.0697,coastal,False
SRI POTTI SRIRAMULU NELLORE|VENKATACHALAM,Venkatachalam,Sri Potti Sriramulu Nellore,6.86,84.3,77.7,82.6,1.8,4.3,80.5,240.1,0.08,39.0,2.5,9.0,0.857,1.0,0.0,14.3006,79.9411,coastal,False
SRI POTTI SRIRAMULU NELLORE|MANUBOLU,Manubolu,Sri Potti Sriramulu Nellore,6.86,84.3,77.7,82.6,2.2,5.3,80.5,194.5,0.08,11.0,2.5,9.0,0.857,1.0,0.0,14.2587,79.8745,coastal,False
SRI POTTI SRIRAMULU NELLORE|GUDUR,Gudur,Sri Potti Sriramulu Nellore,6.86,84.3,77.7,82.6,2.1,5.0,80.5,131.1,0.08,16.0,2.5,9.0,0.857,1.0,0.0,14.1569,79.809,coastal,False
SRI POTTI SRIRAMULU NELLORE|SYDAPURAM,Sydapuram,Sri Potti Sriramulu Nellore,6.86,84.3,77.7,82.6,2.5,6.0,80.5,88.8,0.08,65.0,2.5,9.0,0.857,1.0,0.0,14.2124,79.6821,coastal,False
SRI POTTI SRIRAMULU NELLORE|DAKKILI,Dakkili,Sri Potti Sriramulu Nellore,6.86,84.3,77.7,82.6,2.9,7.0,80.5,6.0,0.08,47.0,2.5,9.0,0.857,1.0,0.0,14.0942,79.5781,coastal,False
SRI POTTI SRIRAMULU NELLORE|VENKATAGIRI,Venkatagiri,Sri Potti Sriramulu Nellore,6.86,84.3,77.7,82.6,3.0,7.2,80.5,-22.8,0.08,68.0,2.5,9.0,0.857,1.0,0.0,14.003,79.5496,coastal,False
SRI POTTI SRIRAMULU NELLORE|BALAYAPALLE,Balayapalle,Sri Potti Sriramulu Nellore,6.86,84.3,77.7,82.6,3.5,8.4,80.5,37.1,0.08,47.0,2.5,9.0,0.857,1.0,0.0,14.0116,79.7009,coastal,False
SRI POTTI SRIRAMULU NELLORE|OJILI,Ojili,Sri Potti Sriramulu Nellore,6.86,84.3,77.7,82.6,4.8,11.5,80.5,122.9,0.08,42.0,2.5,9.0,0.857,1.0,0.0,13.9885,79.8625,coastal,False
SRI POTTI SRIRAMULU NELLORE|CHILLAKUR,Chillakur,Sri Potti Sriramulu Nellore,6.86,84.3,77.7,82.6,2.2,5.3,80.5,217.9,0.08,7.0,2.5,9.0,0.857,1.0,0.0,14.1279,79.9908,coastal,False
SRI POTTI SRIRAMULU NELLORE|KOTA,Kota,Sri Potti Sriramulu Nellore,6.86,84.3,77.7,82.6,2.1,5.0,80.5,244.4,0.08,2.0,2.5,9.0,0.857,1.0,0.0,14.0907,80.0593,coastal,False
SRI POTTI SRIRAMULU NELLORE|VAKADU,Vakadu,Sri Potti Sriramulu Nellore,6.86,84.3,77.7,82.6,2.7,6.5,80.5,242.3,0.08,7.0,2.5,9.0,0.857,1.0,0.0,13.9673,80.1252,coastal,False
SRI POTTI SRIRAMULU NELLORE|CHITTAMUR,Chittamur,Sri Potti Sriramulu Nellore,6.86,84.3,77.7,82.6,3.3,7.9,80.5,223.9,0.08,17.0,2.5,9.0,0.857,1.0,0.0,13.9479,80.0092,coastal,False
SRI POTTI SRIRAMULU NELLORE|NAIDUPET,Naidupet,Sri Potti Sriramulu Nellore,6.86,84.3,77.7,82.6,2.6,6.2,80.5,160.9,0.08,24.0,2.5,9.0,0.857,1.0,0.0,13.9488,79.9242,coastal,False
SRI POTTI SRIRAMULU NELLORE|PELLAKUR,Pellakur,Sri Potti Sriramulu Nellore,6.86,84.3,77.7,82.6,4.6,11.0,80.5,110.2,0.08,36.0,2.5,9.0,0.857,1.0,0.0,13.8421,79.8486,coastal,False
SRI POTTI SRIRAMULU NELLORE|DORAVARISATRAM,Doravarisatram,Sri Potti Sriramulu Nellore,6.86,84.3,77.7,82.6,4.4,10.6,80.5,188.8,0.08,17.0,2.5,9.0,0.857,1.0,0.0,13.7993,79.9608,coastal,False
SRI POTTI SRIRAMULU NELLORE|SULLURPETA,Sullurpeta,Sri Potti Sriramulu Nellore,6.86,84.3,77.7,82.6,2.7,6.5,80.5,207.7,0.08,0.0,2.5,9.0,0.857,1.0,0.0,13.7413,80.0841,coastal,False
SRI POTTI SRIRAMULU NELLORE|TADA,Tada,Sri Potti Sriramulu Nellore,6.86,84.3,77.7,82.6,5.4,13.0,80.5,143.8,0.08,0.0,2.5,9.0,0.857,1.0,0.0,13.5838,80.0903,coastal,False
Y.S.R.|KONDAPURAM,Kondapuram,Y.S.R.,9.18,95.9,86.1,88.4,3.3,7.9,64.2,44.4,0.02,223.0,5.0,7.0,4.59,1.0,0.0,14.8014,78.1425,hard_rock,False
Y.S.R.|MYLAVARAM,Mylavaram,Y.S.R.,9.18,95.9,86.1,88.4,4.2,10.1,64.2,47.0,0.02,200.0,5.0,7.0,4.59,1.0,0.0,14.9559,78.3174,hard_rock,False
Y.S.R.|PEDDAMUDIUM,Peddamudium,Y.S.R.,9.18,95.9,86.1,88.4,2.2,5.3,64.2,54.8,0.02,166.0,5.0,7.0,4.59,1.0,0.0,14.9695,78.4548,hard_rock,False
Y.S.R.|RAJUPALEM,Rajupalem,Y.S.R.,9.18,95.9,86.1,88.4,1.8,4.3,64.2,49.5,0.02,156.0,5.0,7.0,4.59,1.0,0.0,14.8808,78.5682,hard_rock,False
Y.S.R.|DUVVUR,Duvvur,Y.S.R.,9.18,95.9,86.1,88.4,1.9,4.6,64.2,82.2,0.02,155.0,5.0,7.0,4.59,1.0,0.0,14.8621,78.6605,hard_rock,False
Y.S.R.|S.MYDUKUR,S.Mydukur,Y.S.R.,9.18,95.9,86.1,88.4,3.5,8.4,64.2,94.3,0.02,274.0,5.0,7.0,4.59,1.0,0.0,14.8781,78.7573,hard_rock,False
Y.S.R.|BRAHMAMGARIMATTAM,Brahmamgarimattam,Y.S.R.,9.18,95.9,86.1,88.4,2.9,7.0,64.2,91.8,0.02,161.0,5.0,7.0,4.59,1.0,0.0,14.8374,78.912,hard_rock,False
Y.S.R.|SRI AVADHUTHA KASINAYANA,Sri Avadhutha Kasinayana,Y.S.R.,9.18,95.9,86.1,88.4,4.4,10.6,64.2,151.7,0.02,220.0,5.0,7.0,4.59,1.0,0.0,15.0256,78.8805,hard_rock,False
Y.S.R.|KALASAPADU,Kalasapadu,Y.S.R.,9.18,95.9,86.1,88.4,4.2,10.1,64.2,175.3,0.02,204.0,5.0,7.0,4.59,1.0,0.0,15.1407,78.9194,hard_rock,False
Y.S.R.|PORUMAMILLA,Porumamilla,Y.S.R.,9.18,95.9,86.1,88.4,3.4,8.2,64.2,114.5,0.02,192.0,5.0,7.0,4.59,1.0,0.0,15.0287,79.0296,hard_rock,False
Y.S.R.|B.KODUR,B.Kodur,Y.S.R.,9.18,95.9,86.1,88.4,2.2,5.3,64.2,96.8,0.02,145.0,5.0,7.0,4.59,1.0,0.0,14.8646,78.9938,hard_rock,False
Y.S.R.|BADVEL,Badvel,Y.S.R.,9.18,95.9,86.1,88.4,1.3,3.1,64.2,69.9,0.02,120.0,5.0,7.0,4.59,1.0,0.0,14.7133,79.0272,hard_rock,False
Y.S.R.|GOPAVARAM,Gopavaram,Y.S.R.,9.18,95.9,86.1,88.4,2.2,5.3,64.2,73.9,0.02,120.0,5.0,7.0,4.59,1.0,0.0,14.6402,79.1476,hard_rock,False
Y.S.R.|KHAJIPET,Khajipet,Y.S.R.,9.18,95.9,86.1,88.4,2.2,5.3,64.2,69.6,0.02,134.0,5.0,7.0,4.59,1.0,0.0,14.6418,78.7638,hard_rock,False
Y.S.R.|CHAPAD,Chapad,Y.S.R.,9.18,95.9,86.1,88.4,3.2,7.7,64.2,53.5,0.02,145.0,5.0,7.0,4.59,1.0,0.0,14.7386,78.6525,hard_rock,False
Y.S.R.|PRODDATUR,Proddatur,Y.S.R.,9.18,95.9,86.1,88.4,2.6,6.2,64.2,45.0,0.02,156.0,5.0,7.0,4.59,1.0,0.0,14.7732,78.5676,hard_rock,False
Y.S.R.|JAMMALAMADUGU,Jammalamadugu,Y.S.R.,9.18,95.9,86.1,88.4,2.9,7.0,64.2,45.3,0.02,185.0,5.0,7.0,4.59,1.0,0.0,14.8424,78.3878,hard_rock,False
Y.S.R.|MUDDANUR,Muddanur,Y.S.R.,9.18,95.9,86.1,88.4,2.2,5.3,64.2,45.3,0.02,242.0,5.0,7.0,4.59,1.0,0.0,14.6904,78.3188,hard_rock,False
Y.S.R.|SIMHADRIPURAM,Simhadripuram,Y.S.R.,9.18,95.9,86.1,88.4,2.8,6.7,64.2,42.0,0.02,231.0,5.0,7.0,4.59,1.0,0.0,14.5976,78.1789,hard_rock,False
Y.S.R.|LINGALA,Lingala,Y.S.R.,9.18,95.9,86.1,88.4,3.1,7.4,64.2,40.3,0.02,332.0,5.0,7.0,4.59,1.0,0.0,14.5208,78.0828,hard_rock,False
Y.S.R.|PULIVENDLA,Pulivendla,Y.S.R.,9.18,95.9,86.1,88.4,4.4,10.6,64.2,41.0,0.02,291.0,5.0,7.0,4.59,1.0,0.0,14.4426,78.2135,hard_rock,False
Y.S.R.|VEMULA,Vemula,Y.S.R.,9.18,95.9,86.1,88.4,4.0,9.6,64.2,41.6,0.02,224.0,5.0,7.0,4.59,1.0,0.0,14.4279,78.3277,hard_rock,False
Y.S.R.|THONDUR,Thondur,Y.S.R.,9.18,95.9,86.1,88.4,3.1,7.4,64.2,43.9,0.02,212.0,5.0,7.0,4.59,1.0,0.0,14.5249,78.2932,hard_rock,False
Y.S.R.|VEERAPUNAYUNIPALLE,Veerapunayunipalle,Y.S.R.,9.18,95.9,86.1,88.4,2.6,6.2,64.2,45.2,0.02,193.0,5.0,7.0,4.59,1.0,0.0,14.4872,78.4604,hard_rock,False
Y.S.R.|YERRAGUNTLA,Yerraguntla,Y.S.R.,9.18,95.9,86.1,88.4,2.4,5.8,64.2,46.6,0.02,173.0,5.0,7.0,4.59,1.0,0.0,14.6629,78.5257,hard_rock,False
Y.S.R.|KAMALAPURAM,Kamalapuram,Y.S.R.,9.18,95.9,86.1,88.4,1.6,3.8,64.2,49.7,0.02,154.0,5.0,7.0,4.59,1.0,0.0,14.5935,78.5903,hard_rock,False
Y.S.R.|VALLUR,Vallur,Y.S.R.,9.18,95.9,86.1,88.4,2.1,5.0,64.2,56.1,0.02,141.0,5.0,7.0,4.59,1.0,0.0,14.5416,78.7029,hard_rock,False
Y.S.R.|CHENNUR,Chennur,Y.S.R.,9.18,95.9,86.1,88.4,1.7,4.1,64.2,66.2,0.02,157.0,5.0,7.0,4.59,1.0,0.0,14.5704,78.8487,hard_rock,False
Y.S.R.|ATLUR,Atlur,Y.S.R.,9.18,95.9,86.1,88.4,1.5,3.6,64.2,58.4,0.02,100.0,5.0,7.0,4.59,1.0,0.0,14.5557,79.0738,hard_rock,False
Y.S.R.|VONTIMITTA,Vontimitta,Y.S.R.,9.18,95.9,86.1,88.4,2.5,6.0,64.2,66.5,0.02,121.0,5.0,7.0,4.59,1.0,0.0,14.4047,79.0742,hard_rock,False
Y.S.R.|SIDHOUT,Sidhout,Y.S.R.,9.18,95.9,86.1,88.4,2.3,5.5,64.2,65.9,0.02,685.0,5.0,7.0,4.59,1.0,0.0,14.5445,78.9848,hard_rock,False
Y.S.R.|KADAPA,Kadapa,Y.S.R.,9.18,95.9,86.1,88.4,1.8,4.3,64.2,59.3,0.02,123.0,5.0,7.0,4.59,1.0,0.0,14.4943,78.8334,hard_rock,False
Y.S.R.|CHINTHAKOMMADINNE,Chinthakommadinne,Y.S.R.,9.18,95.9,86.1,88.4,3.3,7.9,64.2,60.9,0.02,155.0,5.0,7.0,4.59,1.0,0.0,14.4161,78.799,hard_rock,False
Y.S.R.|PENDLIMARRI,Pendlimarri,Y.S.R.,9.18,95.9,86.1,88.4,4.8,11.5,64.2,53.5,0.02,497.0,5.0,7.0,4.59,1.0,0.0,14.3891,78.6141,hard_rock,False
Y.S.R.|VEMPALLE,Vempalle,Y.S.R.,9.18,95.9,86.1,88.4,2.2,5.3,64.2,42.0,0.02,239.0,5.0,7.0,4.59,1.0,0.0,14.3805,78.4284,hard_rock,False
Y.S.R.|CHAKRAYAPET,Chakrayapet,Y.S.R.,9.18,95.9,86.1,88.4,5.9,14.2,64.2,42.4,0.02,269.0,5.0,7.0,4.59,1.0,0.0,14.2437,78.5104,hard_rock,False
Y.S.R.|GALIVEEDU,Galiveedu,Y.S.R.,9.18,95.9,86.1,88.4,5.2,12.5,64.2,36.4,0.02,397.0,5.0,7.0,4.59,1.0,0.0,14.0846,78.5295,hard_rock,False
Y.S.R.|CHINNAMANDEM,Chinnamandem,Y.S.R.,9.18,95.9,86.1,88.4,5.2,12.5,64.2,35.8,0.02,480.0,5.0,7.0,4.59,1.0,0.0,13.9508,78.6534,hard_rock,False
Y.S.R.|SAMBEPALLE,Sambepalle,Y.S.R.,9.18,95.9,86.1,88.4,3.5,8.4,64.2,41.0,0.02,440.0,5.0,7.0,4.59,1.0,0.0,13.9484,78.7795,hard_rock,False
Y.S.R.|T SUNDUPALLE,T Sundupalle,Y.S.R.,9.18,95.9,86.1,88.4,3.7,8.9,64.2,56.6,0.02,271.0,5.0,7.0,4.59,1.0,0.0,13.9799,78.9805,hard_rock,False
Y.S.R.|RAYACHOTI,Rayachoti,Y.S.R.,9.18,95.9,86.1,88.4,5.7,13.7,64.2,44.3,0.02,374.0,5.0,7.0,4.59,1.0,0.0,14.0719,78.722,hard_rock,False
Y.S.R.|LAKKIREDDIPALLE,Lakkireddipalle,Y.S.R.,9.18,95.9,86.1,88.4,5.3,12.7,64.2,47.0,0.02,408.0,5.0,7.0,4.59,1.0,0.0,14.2086,78.6459,hard_rock,False
Y.S.R.|RAMAPURAM,Ramapuram,Y.S.R.,9.18,95.9,86.1,88.4,3.0,7.2,64.2,52.3,0.02,323.0,5.0,7.0,4.59,1.0,0.0,14.2071,78.7523,hard_rock,False
Y.S.R.|VEERABALLE,Veeraballe,Y.S.R.,9.18,95.9,86.1,88.4,4.2,10.1,64.2,69.0,0.02,265.0,5.0,7.0,4.59,1.0,0.0,14.1975,78.9008,hard_rock,False
Y.S.R.|NANDALUR,Nandalur,Y.S.R.,9.18,95.9,86.1,88.4,1.6,3.8,64.2,69.3,0.02,245.0,5.0,7.0,4.59,1.0,0.0,14.3382,79.1795,hard_rock,False
Y.S.R.|PENAGALUR,Penagalur,Y.S.R.,9.18,95.9,86.1,88.4,1.4,3.4,64.2,76.2,0.02,133.0,5.0,7.0,4.59,1.0,0.0,14.3254,79.2959,hard_rock,False
Y.S.R.|CHITVEL,Chitvel,Y.S.R.,9.18,95.9,86.1,88.4,2.9,7.0,64.2,29.8,0.02,212.0,5.0,7.0,4.59,1.0,0.0,14.0466,79.3842,hard_rock,False
Y.S.R.|RAJAMPET,Rajampet,Y.S.R.,9.18,95.9,86.1,88.4,2.7,6.5,64.2,63.2,0.02,175.0,5.0,7.0,4.59,1.0,0.0,14.1928,79.0824,hard_rock,False
Y.S.R.|PULLAMPETA,Pullampeta,Y.S.R.,9.18,95.9,86.1,88.4,4.8,11.5,64.2,35.5,0.02,246.0,5.0,7.0,4.59,1.0,0.0,13.9966,79.1891,hard_rock,False
Y.S.R.|OBULAVARIPALLE,Obulavaripalle,Y.S.R.,9.18,95.9,86.1,88.4,2.4,5.8,64.2,42.4,0.02,189.0,5.0,7.0,4.59,1.0,0.0,14.0439,79.2857,hard_rock,False
Y.S.R.|KODUR,Kodur,Y.S.R.,9.18,95.9,86.1,88.4,3.2,7.7,64.2,2.9,0.02,196.0,5.0,7.0,4.59,1.0,0.0,13.9373,79.3696,hard_rock,False
KURNOOL|MANTRALAYAM,Mantralayam,Kurnool,9.96,99.8,98.9,95.7,6.4,15.4,70.2,277.3,0.02,345.0,5.0,7.0,4.98,1.0,0.0,15.8886,77.3365,hard_rock,False
KURNOOL|KOSIGI,Kosigi,Kurnool,9.96,99.8,98.9,95.7,7.0,16.8,70.2,299.2,0.02,346.0,5.0,7.0,4.98,1.0,0.0,15.907,77.2535,hard_rock,False
KURNOOL|KOWTHALAM,Kowthalam,Kurnool,9.96,99.8,98.9,95.7,9.2,22.1,70.2,301.1,0.02,366.0,5.0,7.0,4.98,1.0,0.0,15.7991,77.1183,hard_rock,False
KURNOOL|PEDDA KADUBUR,Pedda Kadubur,Kurnool,9.96,99.8,98.9,95.7,6.0,14.4,70.2,288.2,0.02,384.0,5.0,7.0,4.98,1.0,0.0,15.7634,77.3322,hard_rock,False
KURNOOL|YEMMIGANUR,Yemmiganur,Kurnool,9.96,99.8,98.9,95.7,8.0,19.2,70.2,253.4,0.02,382.0,5.0,7.0,4.98,1.0,0.0,15.7448,77.4971,hard_rock,False
KURNOOL|NANDAVARAM,Nandavaram,Kurnool,9.96,99.8,98.9,95.7,6.0,14.4,70.2,249.5,0.02,337.0,5.0,7.0,4.98,1.0,0.0,15.8594,77.5005,hard_rock,False
KURNOOL|C.BELAGAL,C.Belagal,Kurnool,9.96,99.8,98.9,95.7,5.3,12.7,70.2,203.7,0.02,310.0,5.0,7.0,4.98,1.0,0.0,15.8367,77.6843,hard_rock,False
KURNOOL|GUDUR,Gudur,Kurnool,9.96,99.8,98.9,95.7,2.8,6.7,70.2,186.2,0.02,339.0,5.0,7.0,4.98,1.0,0.0,15.7762,77.8359,hard_rock,False
KURNOOL|KALLUR,Kallur,Kurnool,9.96,99.8,98.9,95.7,4.9,11.8,70.2,182.0,0.02,307.0,5.0,7.0,4.98,1.0,0.0,15.7528,77.9793,hard_rock,False
KURNOOL|KURNOOL,Kurnool,Kurnool,9.96,99.8,98.9,95.7,4.2,10.1,70.2,215.4,0.02,299.0,5.0,7.0,4.98,1.0,0.0,15.8348,78.0031,hard_rock,False
KURNOOL|NANDIKOTKUR,Nandikotkur,Kurnool,9.96,99.8,98.9,95.7,2.6,6.2,70.2,296.3,0.02,281.0,5.0,7.0,4.98,1.0,0.0,15.8888,78.2476,hard_rock,False
KURNOOL|PAGIDYALA,Pagidyala,Kurnool,9.96,99.8,98.9,95.7,3.3,7.9,70.2,337.1,0.02,290.0,5.0,7.0,4.98,1.0,0.0,15.9557,78.3143,hard_rock,False
KURNOOL|JUPADU BUNGALOW,Jupadu Bungalow,Kurnool,9.96,99.8,98.9,95.7,2.9,7.0,70.2,352.5,0.02,282.0,5.0,7.0,4.98,1.0,0.0,15.857,78.395,hard_rock,False
KURNOOL|KOTHAPALLE,Kothapalle,Kurnool,9.96,99.8,98.9,95.7,3.4,8.2,70.2,376.1,0.02,334.0,5.0,7.0,4.98,1.0,0.0,15.996,78.5032,hard_rock,False
KURNOOL|SRISAILAM,Srisailam,Kurnool,9.96,99.8,98.9,95.7,4.1,9.8,70.2,266.5,0.02,468.0,5.0,7.0,4.98,1.0,0.0,16.101,78.8786,hard_rock,False
KURNOOL|ATMAKUR,Atmakur,Kurnool,9.96,99.8,98.9,95.7,4.4,10.6,70.2,374.0,0.02,578.0,5.0,7.0,4.98,1.0,0.0,15.9408,78.7188,hard_rock,False
KURNOOL|PAMULAPADU,Pamulapadu,Kurnool,9.96,99.8,98.9,95.7,1.7,4.1,70.2,396.0,0.02,292.0,5.0,7.0,4.98,1.0,0.0,15.8177,78.4825,hard_rock,False
KURNOOL|MIDTHUR,Midthur,Kurnool,9.96,99.8,98.9,95.7,4.0,9.6,70.2,302.2,0.02,305.0,5.0,7.0,4.98,1.0,0.0,15.7647,78.3101,hard_rock,False
KURNOOL|ORVAKAL,Orvakal,Kurnool,9.96,99.8,98.9,95.7,4.1,9.8,70.2,212.4,0.02,348.0,5.0,7.0,4.98,1.0,0.0,15.6494,78.1538,hard_rock,False
KURNOOL|KODUMUR,Kodumur,Kurnool,9.96,99.8,98.9,95.7,3.2,7.7,70.2,177.1,0.02,353.0,5.0,7.0,4.98,1.0,0.0,15.6818,77.7907,hard_rock,False
KURNOOL|GONEGANDLA,Gonegandla,Kurnool,9.96,99.8,98.9,95.7,4.7,11.3,70.2,225.2,0.02,376.0,5.0,7.0,4.98,1.0,0.0,15.6962,77.6005,hard_rock,False
KURNOOL|ADONI,Adoni,Kurnool,9.96,99.8,98.9,95.7,9.0,21.6,70.2,272.0,0.02,407.0,5.0,7.0,4.98,1.0,0.0,15.645,77.2145,hard_rock,False
KURNOOL|HOLAGUNDA,Holagunda,Kurnool,9.96,99.8,98.9,95.7,10.9,26.2,70.2,215.7,0.02,413.0,5.0,7.0,4.98,1.0,0.0,15.5004,77.0659,hard_rock,False
KURNOOL|HALAHARVI,Halaharvi,Kurnool,9.96,99.8,98.9,95.7,5.7,13.7,70.2,121.0,0.02,417.0,5.0,7.0,4.98,1.0,0.0,15.3178,77.1311,hard_rock,False
KURNOOL|ALUR,Alur,Kurnool,9.96,99.8,98.9,95.7,11.9,28.6,70.2,204.3,0.02,462.0,5.0,7.0,4.98,1.0,0.0,15.434,77.259,hard_rock,False
KURNOOL|ASPARI,Aspari,Kurnool,9.96,99.8,98.9,95.7,5.4,13.0,70.2,240.6,0.02,437.0,5.0,7.0,4.98,1.0,0.0,15.5344,77.3983,hard_rock,False
KURNOOL|DEVANAKONDA,Devanakonda,Kurnool,9.96,99.8,98.9,95.7,5.6,13.4,70.2,236.2,0.02,465.0,5.0,7.0,4.98,1.0,0.0,15.551,77.6252,hard_rock,False
KURNOOL|KRISHNAGIRI,Krishnagiri,Kurnool,9.96,99.8,98.9,95.7,4.3,10.3,70.2,179.1,0.02,392.0,5.0,7.0,4.98,1.0,0.0,15.5286,77.7844,hard_rock,False
KURNOOL|VELDURTHI,Veldurthi,Kurnool,9.96,99.8,98.9,95.7,4.6,11.0,70.2,140.9,0.02,397.0,5.0,7.0,4.98,1.0,0.0,15.5627,78.0161,hard_rock,False
KURNOOL|BETHAMCHERLA,Bethamcherla,Kurnool,9.96,99.8,98.9,95.7,5.0,12.0,70.2,128.7,0.02,439.0,5.0,7.0,4.98,1.0,0.0,15.4713,78.1104,hard_rock,False
KURNOOL|PANYAM,Panyam,Kurnool,9.96,99.8,98.9,95.7,3.9,9.4,70.2,170.1,0.02,276.0,5.0,7.0,4.98,1.0,0.0,15.4987,78.2972,hard_rock,False
KURNOOL|GADIVEMULA,Gadivemula,Kurnool,9.96,99.8,98.9,95.7,4.2,10.1,70.2,274.8,0.02,327.0,5.0,7.0,4.98,1.0,0.0,15.6372,78.4012,hard_rock,False
KURNOOL|VELGODE,Velgode,Kurnool,9.96,99.8,98.9,95.7,5.4,13.0,70.2,382.2,0.02,254.0,5.0,7.0,4.98,1.0,0.0,15.7345,78.5856,hard_rock,False
KURNOOL|BANDI ATMAKUR,Bandi Atmakur,Kurnool,9.96,99.8,98.9,95.7,6.4,15.4,70.2,285.2,0.02,232.0,5.0,7.0,4.98,1.0,0.0,15.5507,78.6006,hard_rock,False
KURNOOL|NANDYAL,Nandyal,Kurnool,9.96,99.8,98.9,95.7,4.9,11.8,70.2,204.3,0.02,209.0,5.0,7.0,4.98,1.0,0.0,15.4944,78.467,hard_rock,False
KURNOOL|MAHANANDI,Mahanandi,Kurnool,9.96,99.8,98.9,95.7,0.6,1.4,70.2,221.4,0.02,238.0,5.0,7.0,4.98,1.0,0.0,15.4444,78.597,hard_rock,False
KURNOOL|SIRVEL,Sirvel,Kurnool,9.96,99.8,98.9,95.7,2.7,6.5,70.2,157.3,0.02,207.0,5.0,7.0,4.98,1.0,0.0,15.344,78.5393,hard_rock,False
KURNOOL|GOSPADU,Gospadu,Kurnool,9.96,99.8,98.9,95.7,2.2,5.3,70.2,145.4,0.02,205.0,5.0,7.0,4.98,1.0,0.0,15.3539,78.4353,hard_rock,False
KURNOOL|BANAGANAPALLE,Banaganapalle,Kurnool,9.96,99.8,98.9,95.7,3.6,8.6,70.2,86.8,0.02,243.0,5.0,7.0,4.98,1.0,0.0,15.3524,78.2036,hard_rock,False
KURNOOL|DHONE,Dhone,Kurnool,9.96,99.8,98.9,95.7,7.2,17.3,70.2,153.7,0.02,446.0,5.0,7.0,4.98,1.0,0.0,15.3832,77.84,hard_rock,False
KURNOOL|PATTIKONDA,Pattikonda,Kurnool,9.96,99.8,98.9,95.7,7.8,18.7,70.2,230.8,0.02,456.0,5.0,7.0,4.98,1.0,0.0,15.4293,77.5134,hard_rock,False
KURNOOL|CHIPPAGIRI,Chippagiri,Kurnool,9.96,99.8,98.9,95.7,7.2,17.3,70.2,129.6,0.02,436.0,5.0,7.0,4.98,1.0,0.0,15.2483,77.2998,hard_rock,False
KURNOOL|MADDIKERA (EAST),Maddikera (East),Kurnool,9.96,99.8,98.9,95.7,7.2,17.3,70.2,180.3,0.02,462.0,5.0,7.0,4.98,1.0,0.0,15.2972,77.4228,hard_rock,False
KURNOOL|TUGGALI,Tuggali,Kurnool,9.96,99.8,98.9,95.7,5.5,13.2,70.2,202.0,0.02,541.0,5.0,7.0,4.98,1.0,0.0,15.3322,77.6192,hard_rock,False
KURNOOL|PEAPALLY,Peapally,Kurnool,9.96,99.8,98.9,95.7,6.4,15.4,70.2,144.6,0.02,500.0,5.0,7.0,4.98,1.0,0.0,15.2383,77.8496,hard_rock,False
KURNOOL|OWK,Owk,Kurnool,9.96,99.8,98.9,95.7,5.5,13.2,70.2,74.9,0.02,271.0,5.0,7.0,4.98,1.0,0.0,15.2274,78.0987,hard_rock,False
KURNOOL|KOILKUNTLA,Koilkuntla,Kurnool,9.96,99.8,98.9,95.7,4.6,11.0,70.2,84.6,0.02,196.0,5.0,7.0,4.98,1.0,0.0,15.2595,78.3514,hard_rock,False
KURNOOL|RUDRAVARAM,Rudravaram,Kurnool,9.96,99.8,98.9,95.7,6.3,15.1,70.2,167.7,0.02,221.0,5.0,7.0,4.98,1.0,0.0,15.2753,78.6189,hard_rock,False
KURNOOL|ALLAGADDA,Allagadda,Kurnool,9.96,99.8,98.9,95.7,2.8,6.7,70.2,125.7,0.02,181.0,5.0,7.0,4.98,1.0,0.0,15.1726,78.5426,hard_rock,False
KURNOOL|DORNIPADU,Dornipadu,Kurnool,9.96,99.8,98.9,95.7,4.0,9.6,70.2,101.5,0.02,183.0,5.0,7.0,4.98,1.0,0.0,15.2157,78.4105,hard_rock,False
KURNOOL|SANJAMALA,Sanjamala,Kurnool,9.96,99.8,98.9,95.7,3.9,9.4,70.2,55.3,0.02,200.0,5.0,7.0,4.98,1.0,0.0,15.118,78.2272,hard_rock,False
KURNOOL|KOLIMIGUNDLA,Kolimigundla,Kurnool,9.96,99.8,98.9,95.7,2.5,6.0,70.2,55.0,0.02,301.0,5.0,7.0,4.98,1.0,0.0,15.0456,78.1395,hard_rock,False
KURNOOL|UYYALAWADA,Uyyalawada,Kurnool,9.96,99.8,98.9,95.7,2.9,7.0,70.2,69.1,0.02,175.0,5.0,7.0,4.98,1.0,0.0,15.0753,78.3873,hard_rock,False
KURNOOL|CHAGALAMARRI,Chagalamarri,Kurnool,9.96,99.8,98.9,95.7,2.7,6.5,70.2,109.8,0.02,178.0,5.0,7.0,4.98,1.0,0.0,15.0027,78.6304,hard_rock,False
ANANTAPUR|D.HIREHAL,D.Hirehal,Anantapur,9.72,98.6,93.8,92.5,9.4,22.6,62.3,36.4,0.02,484.0,5.0,7.0,4.86,1.0,0.0,14.9449,76.8646,hard_rock,False
ANANTAPUR|RAYADURG,Rayadurg,Anantapur,9.72,98.6,93.8,92.5,8.2,19.7,62.3,29.2,0.02,531.0,5.0,7.0,4.86,1.0,0.0,14.726,76.9351,hard_rock,False
ANANTAPUR|KANEKAL,Kanekal,Anantapur,9.72,98.6,93.8,92.5,8.2,19.7,62.3,34.3,0.02,453.0,5.0,7.0,4.86,1.0,0.0,14.8325,77.0551,hard_rock,False
ANANTAPUR|BOMMANAHAL,Bommanahal,Anantapur,9.72,98.6,93.8,92.5,10.5,25.2,62.3,35.7,0.02,443.0,5.0,7.0,4.86,1.0,0.0,14.9448,76.9804,hard_rock,False
ANANTAPUR|VIDAPANAKAL,Vidapanakal,Anantapur,9.72,98.6,93.8,92.5,6.8,16.3,62.3,60.7,0.02,455.0,5.0,7.0,4.86,1.0,0.0,15.0606,77.2033,hard_rock,False
ANANTAPUR|GUNTAKAL,Guntakal,Anantapur,9.72,98.6,93.8,92.5,7.9,19.0,62.3,138.0,0.02,417.0,5.0,7.0,4.86,1.0,0.0,15.1399,77.4713,hard_rock,False
ANANTAPUR|GOOTY,Gooty,Anantapur,9.72,98.6,93.8,92.5,4.7,11.3,62.3,131.1,0.02,357.0,5.0,7.0,4.86,1.0,0.0,15.1312,77.617,hard_rock,False
ANANTAPUR|PEDDAVADUGUR,Peddavadugur,Anantapur,9.72,98.6,93.8,92.5,5.2,12.5,62.3,94.1,0.02,317.0,5.0,7.0,4.86,1.0,0.0,15.0215,77.7031,hard_rock,False
ANANTAPUR|YADIKI,Yadiki,Anantapur,9.72,98.6,93.8,92.5,4.6,11.0,62.3,78.4,0.02,294.0,5.0,7.0,4.86,1.0,0.0,15.0619,77.8691,hard_rock,False
ANANTAPUR|TADPATRI,Tadpatri,Anantapur,9.72,98.6,93.8,92.5,4.6,11.0,62.3,48.0,0.02,244.0,5.0,7.0,4.86,1.0,0.0,14.9414,78.0189,hard_rock,False
ANANTAPUR|PEDDAPAPPUR,Peddapappur,Anantapur,9.72,98.6,93.8,92.5,4.7,11.3,62.3,53.2,0.02,256.0,5.0,7.0,4.86,1.0,0.0,14.9396,77.8623,hard_rock,False
ANANTAPUR|PAMIDI,Pamidi,Anantapur,9.72,98.6,93.8,92.5,6.5,15.6,62.3,80.5,0.02,327.0,5.0,7.0,4.86,1.0,0.0,14.9935,77.5634,hard_rock,False
ANANTAPUR|VAJRAKARUR,Vajrakarur,Anantapur,9.72,98.6,93.8,92.5,7.3,17.5,62.3,88.2,0.02,468.0,5.0,7.0,4.86,1.0,0.0,15.0082,77.3338,hard_rock,False
ANANTAPUR|URAVAKONDA,Uravakonda,Anantapur,9.72,98.6,93.8,92.5,5.2,12.5,62.3,46.6,0.02,471.0,5.0,7.0,4.86,1.0,0.0,14.905,77.2437,hard_rock,False
ANANTAPUR|BELUGUPPA,Beluguppa,Anantapur,9.72,98.6,93.8,92.5,6.6,15.8,62.3,35.5,0.02,496.0,5.0,7.0,4.86,1.0,0.0,14.671,77.1708,hard_rock,False
ANANTAPUR|GUMMAGATTA,Gummagatta,Anantapur,9.72,98.6,93.8,92.5,8.2,19.7,62.3,29.7,0.02,517.0,5.0,7.0,4.86,1.0,0.0,14.6414,76.878,hard_rock,False
ANANTAPUR|BRAHMASAMUDRAM,Brahmasamudram,Anantapur,9.72,98.6,93.8,92.5,7.4,17.8,62.3,31.8,0.02,508.0,5.0,7.0,4.86,1.0,0.0,14.5657,76.9623,hard_rock,False
ANANTAPUR|KALYANDURG,Kalyandurg,Anantapur,9.72,98.6,93.8,92.5,7.3,17.5,62.3,38.1,0.02,507.0,5.0,7.0,4.86,1.0,0.0,14.5682,77.2419,hard_rock,False
ANANTAPUR|ATMAKUR,Atmakur,Anantapur,9.72,98.6,93.8,92.5,7.5,18.0,62.3,39.8,0.02,442.0,5.0,7.0,4.86,1.0,0.0,14.624,77.4318,hard_rock,False
ANANTAPUR|KUDAIR,Kudair,Anantapur,9.72,98.6,93.8,92.5,6.8,16.3,62.3,42.2,0.02,438.0,5.0,7.0,4.86,1.0,0.0,14.7696,77.4284,hard_rock,False
ANANTAPUR|GARLADINNE,Garladinne,Anantapur,9.72,98.6,93.8,92.5,9.3,22.3,62.3,48.0,0.02,336.0,5.0,7.0,4.86,1.0,0.0,14.848,77.5701,hard_rock,False
ANANTAPUR|SINGANAMALA,Singanamala,Anantapur,9.72,98.6,93.8,92.5,6.3,15.1,62.3,51.0,0.02,392.0,5.0,7.0,4.86,1.0,0.0,14.8387,77.6926,hard_rock,False
ANANTAPUR|PUTLUR,Putlur,Anantapur,9.72,98.6,93.8,92.5,4.5,10.8,62.3,43.8,0.02,309.0,5.0,7.0,4.86,1.0,0.0,14.7603,77.9503,hard_rock,False
ANANTAPUR|YELLANUR,Yellanur,Anantapur,9.72,98.6,93.8,92.5,3.2,7.7,62.3,41.5,0.02,266.0,5.0,7.0,4.86,1.0,0.0,14.6701,78.0395,hard_rock,False
ANANTAPUR|NARPALA,Narpala,Anantapur,9.72,98.6,93.8,92.5,5.0,12.0,62.3,42.6,0.02,319.0,5.0,7.0,4.86,1.0,0.0,14.7095,77.8126,hard_rock,False
ANANTAPUR|BUKKARAYA SAMUDRAM,Bukkaraya Samudram,Anantapur,9.72,98.6,93.8,92.5,7.4,17.8,62.3,42.2,0.02,324.0,5.0,7.0,4.86,1.0,0.0,14.7404,77.6745,hard_rock,False
ANANTAPUR|ANANTAPUR,Anantapur,Anantapur,9.72,98.6,93.8,92.5,2.8,6.7,62.3,40.9,0.02,364.0,5.0,7.0,4.86,1.0,0.0,14.6401,77.592,hard_rock,False
ANANTAPUR|RAPTADU,Raptadu,Anantapur,9.72,98.6,93.8,92.5,6.3,15.1,62.3,39.8,0.02,389.0,5.0,7.0,4.86,1.0,0.0,14.5523,77.5741,hard_rock,False
ANANTAPUR|SETTUR,Settur,Anantapur,9.72,98.6,93.8,92.5,7.0,16.8,62.3,37.4,0.02,552.0,5.0,7.0,4.86,1.0,0.0,14.4155,76.9892,hard_rock,False
ANANTAPUR|KUNDURPI,Kundurpi,Anantapur,9.72,98.6,93.8,92.5,5.8,13.9,62.3,51.4,0.02,601.0,5.0,7.0,4.86,1.0,0.0,14.3381,77.0713,hard_rock,False
ANANTAPUR|KAMBADUR,Kambadur,Anantapur,9.72,98.6,93.8,92.5,6.4,15.4,62.3,48.7,0.02,543.0,5.0,7.0,4.86,1.0,0.0,14.4043,77.2656,hard_rock,False
ANANTAPUR|KANAGANAPALLE,Kanaganapalle,Anantapur,9.72,98.6,93.8,92.5,9.2,22.1,62.3,42.7,0.02,435.0,5.0,7.0,4.86,1.0,0.0,14.45,77.509,hard_rock,False
ANANTAPUR|DHARMAVARAM,Dharmavaram,Anantapur,9.72,98.6,93.8,92.5,4.5,10.8,62.3,43.6,0.02,345.0,5.0,7.0,4.86,1.0,0.0,14.4196,77.7442,hard_rock,False
ANANTAPUR|BATHALAPALLE,Bathalapalle,Anantapur,9.72,98.6,93.8,92.5,4.3,10.3,62.3,40.7,0.02,347.0,5.0,7.0,4.86,1.0,0.0,14.5064,77.8011,hard_rock,False
ANANTAPUR|TADIMARRI,Tadimarri,Anantapur,9.72,98.6,93.8,92.5,3.9,9.4,62.3,39.4,0.02,323.0,5.0,7.0,4.86,1.0,0.0,14.5684,77.8666,hard_rock,False
ANANTAPUR|MUDIGUBBA,Mudigubba,Anantapur,9.72,98.6,93.8,92.5,5.1,12.2,62.3,41.1,0.02,396.0,5.0,7.0,4.86,1.0,0.0,14.3582,78.017,hard_rock,False
ANANTAPUR|TALUPULA,Talupula,Anantapur,9.72,98.6,93.8,92.5,4.5,10.8,62.3,42.5,0.02,433.0,5.0,7.0,4.86,1.0,0.0,14.2285,78.2471,hard_rock,False
ANANTAPUR|NAMBULIPULIKUNTA,Nambulipulikunta,Anantapur,9.72,98.6,93.8,92.5,6.4,15.4,62.3,36.2,0.02,468.0,5.0,7.0,4.86,1.0,0.0,14.0782,78.3737,hard_rock,False
ANANTAPUR|GANDLAPENTA,Gandlapenta,Anantapur,9.72,98.6,93.8,92.5,7.3,17.5,62.3,37.9,0.02,532.0,5.0,7.0,4.86,1.0,0.0,14.0874,78.2724,hard_rock,False
ANANTAPUR|KADIRI,Kadiri,Anantapur,9.72,98.6,93.8,92.5,7.2,17.3,62.3,39.2,0.02,506.0,5.0,7.0,4.86,1.0,0.0,14.1395,78.1287,hard_rock,False
ANANTAPUR|NALLAMADA,Nallamada,Anantapur,9.72,98.6,93.8,92.5,11.2,26.9,62.3,40.2,0.02,573.0,5.0,7.0,4.86,1.0,0.0,14.1466,78.0414,hard_rock,False
ANANTAPUR|BUKKAPATNAM,Bukkapatnam,Anantapur,9.72,98.6,93.8,92.5,7.7,18.5,62.3,53.4,0.02,438.0,5.0,7.0,4.86,1.0,0.0,14.2804,77.9017,hard_rock,False
ANANTAPUR|KOTHACHERUVU,Kothacheruvu,Anantapur,9.72,98.6,93.8,92.5,8.0,19.2,62.3,51.9,0.02,429.0,5.0,7.0,4.86,1.0,0.0,14.2079,77.7412,hard_rock,False
ANANTAPUR|CHENNEKOTHAPALLE,Chennekothapalle,Anantapur,9.72,98.6,93.8,92.5,5.6,13.4,62.3,49.1,0.02,426.0,5.0,7.0,4.86,1.0,0.0,14.287,77.6606,hard_rock,False
ANANTAPUR|RAMAGIRI,Ramagiri,Anantapur,9.72,98.6,93.8,92.5,5.0,12.0,62.3,47.3,0.02,533.0,5.0,7.0,4.86,1.0,0.0,14.3223,77.44,hard_rock,False
ANANTAPUR|RODDAM,Roddam,Anantapur,9.72,98.6,93.8,92.5,11.5,27.6,62.3,55.4,0.02,573.0,5.0,7.0,4.86,1.0,0.0,14.0874,77.4388,hard_rock,False
ANANTAPUR|MADAKASIRA,Madakasira,Anantapur,9.72,98.6,93.8,92.5,9.6,23.0,62.3,62.7,0.02,668.0,5.0,7.0,4.86,1.0,0.0,13.9306,77.2897,hard_rock,False
ANANTAPUR|AMARAPURAM,Amarapuram,Anantapur,9.72,98.6,93.8,92.5,8.3,19.9,62.3,52.0,0.02,614.0,5.0,7.0,4.86,1.0,0.0,14.0994,76.9822,hard_rock,False
ANANTAPUR|GUDIBANDA,Gudibanda,Anantapur,9.72,98.6,93.8,92.5,9.4,22.6,62.3,58.3,0.02,716.0,5.0,7.0,4.86,1.0,0.0,13.977,77.1473,hard_rock,False
ANANTAPUR|ROLLA,Rolla,Anantapur,9.72,98.6,93.8,92.5,12.7,30.5,62.3,39.4,0.02,716.0,5.0,7.0,4.86,1.0,0.0,13.8514,77.0978,hard_rock,False
ANANTAPUR|AGALI,Agali,Anantapur,9.72,98.6,93.8,92.5,3.8,9.1,62.3,32.5,0.02,676.0,5.0,7.0,4.86,1.0,0.0,13.804,77.0441,hard_rock,False
ANANTAPUR|PARIGI,Parigi,Anantapur,9.72,98.6,93.8,92.5,12.4,29.8,62.3,74.6,0.02,621.0,5.0,7.0,4.86,1.0,0.0,13.9023,77.4598,hard_rock,False
ANANTAPUR|PENUKONDA,Penukonda,Anantapur,9.72,98.6,93.8,92.5,8.0,19.2,62.3,48.6,0.02,544.0,5.0,7.0,4.86,1.0,0.0,14.1225,77.5889,hard_rock,False
ANANTAPUR|PUTTAPARTHI,Puttaparthi,Anantapur,9.72,98.6,93.8,92.5,7.2,17.3,62.3,45.0,0.02,535.0,5.0,7.0,4.86,1.0,0.0,14.1017,77.8246,hard_rock,False
ANANTAPUR|OBULADEVARACHERUVU,Obuladevaracheruvu,Anantapur,9.72,98.6,93.8,92.5,9.2,22.1,62.3,37.6,0.02,591.0,5.0,7.0,4.86,1.0,0.0,14.0223,77.9942,hard_rock,False
ANANTAPUR|NALLACHERUVU,Nallacheruvu,Anantapur,9.72,98.6,93.8,92.5,6.7,16.1,62.3,35.2,0.02,574.0,5.0,7.0,4.86,1.0,0.0,14.0126,78.166,hard_rock,False
ANANTAPUR|TANAKAL,Tanakal,Anantapur,9.72,98.6,93.8,92.5,7.7,18.5,62.3,29.9,0.02,582.0,5.0,7.0,4.86,1.0,0.0,13.9221,78.2362,hard_rock,False
ANANTAPUR|AMADAGUR,Amadagur,Anantapur,9.72,98.6,93.8,92.5,6.5,15.6,62.3,34.7,0.02,735.0,5.0,7.0,4.86,1.0,0.0,13.957,78.0644,hard_rock,False
ANANTAPUR|GORANTLA,Gorantla,Anantapur,9.72,98.6,93.8,92.5,8.1,19.4,62.3,42.9,0.02,626.0,5.0,7.0,4.86,1.0,0.0,14.0209,77.801,hard_rock,False
ANANTAPUR|SOMANDEPALLE,Somandepalle,Anantapur,9.72,98.6,93.8,92.5,11.2,26.9,62.3,56.7,0.02,629.0,5.0,7.0,4.86,1.0,0.0,13.973,77.581,hard_rock,False
ANANTAPUR|HINDUPUR,Hindupur,Anantapur,9.72,98.6,93.8,92.5,10.0,24.0,62.3,90.6,0.02,625.0,5.0,7.0,4.86,1.0,0.0,13.8197,77.5449,hard_rock,False
ANANTAPUR|LEPAKSHI,Lepakshi,Anantapur,9.72,98.6,93.8,92.5,6.3,15.1,62.3,85.9,0.02,642.0,5.0,7.0,4.86,1.0,0.0,13.8123,77.5984,hard_rock,False
ANANTAPUR|CHILAMATHUR,Chilamathur,Anantapur,9.72,98.6,93.8,92.5,7.0,16.8,62.3,57.8,0.02,706.0,5.0,7.0,4.86,1.0,0.0,13.8295,77.722,hard_rock,False
CHITTOOR|MULAKALACHERUVU,Mulakalacheruvu,Chittoor,8.24,91.2,74.9,78.0,5.8,13.9,71.6,15.7,0.02,587.0,5.0,7.0,4.12,1.0,0.0,13.8191,78.3194,hard_rock,False
CHITTOOR|THAMBALLAPALLE,Thamballapalle,Chittoor,8.24,91.2,74.9,78.0,5.6,13.4,71.6,11.7,0.02,560.0,5.0,7.0,4.12,1.0,0.0,13.8177,78.4314,hard_rock,False
CHITTOOR|PEDDAMANDYAM,Peddamandyam,Chittoor,8.24,91.2,74.9,78.0,7.3,17.5,71.6,26.2,0.02,501.0,5.0,7.0,4.12,1.0,0.0,13.9181,78.4937,hard_rock,False
CHITTOOR|GURRAMKONDA,Gurramkonda,Chittoor,8.24,91.2,74.9,78.0,4.4,10.6,71.6,24.2,0.02,552.0,5.0,7.0,4.12,1.0,0.0,13.8197,78.6298,hard_rock,False
CHITTOOR|KALAKADA,Kalakada,Chittoor,8.24,91.2,74.9,78.0,4.1,9.8,71.6,33.4,0.02,467.0,5.0,7.0,4.12,1.0,0.0,13.8238,78.7339,hard_rock,False
CHITTOOR|KAMBHAMVARIPALLE,Kambhamvaripalle,Chittoor,8.24,91.2,74.9,78.0,5.4,13.0,71.6,45.4,0.02,490.0,5.0,7.0,4.12,1.0,0.0,13.8318,78.9291,hard_rock,False
CHITTOOR|ROMPICHERLA,Rompicherla,Chittoor,8.24,91.2,74.9,78.0,5.5,13.2,71.6,37.9,0.02,512.0,5.0,7.0,4.12,1.0,0.0,13.7033,79.0395,hard_rock,False
CHITTOOR|YERRAVARIPALEM,Yerravaripalem,Chittoor,8.24,91.2,74.9,78.0,5.0,12.0,71.6,25.9,0.02,531.0,5.0,7.0,4.12,1.0,0.0,13.8237,79.0932,hard_rock,False
CHITTOOR|TIRUPATI (RURAL),Tirupati (Rural),Chittoor,8.24,91.2,74.9,78.0,5.6,13.4,71.6,-63.2,0.02,149.0,5.0,7.0,4.12,1.0,0.0,13.5867,79.4171,hard_rock,False
CHITTOOR|RENIGUNTA,Renigunta,Chittoor,8.24,91.2,74.9,78.0,5.4,13.0,71.6,-64.9,0.02,140.0,5.0,7.0,4.12,1.0,0.0,13.6992,79.4959,hard_rock,False
CHITTOOR|YERPEDU,Yerpedu,Chittoor,8.24,91.2,74.9,78.0,4.8,11.5,71.6,-33.2,0.02,366.0,5.0,7.0,4.12,1.0,0.0,13.7026,79.584,hard_rock,False
CHITTOOR|SRIKALAHASTI,Srikalahasti,Chittoor,8.24,91.2,74.9,78.0,3.1,7.4,71.6,-25.1,0.02,78.0,5.0,7.0,4.12,1.0,0.0,13.805,79.6014,hard_rock,False
CHITTOOR|THOTTAMBEDU,Thottambedu,Chittoor,8.24,91.2,74.9,78.0,3.3,7.9,71.6,43.3,0.02,57.0,5.0,7.0,4.12,1.0,0.0,13.7861,79.7277,hard_rock,False
CHITTOOR|BUCHINAIDU KANDRIGA,Buchinaidu Kandriga,Chittoor,8.24,91.2,74.9,78.0,2.2,5.3,71.6,105.8,0.02,43.0,5.0,7.0,4.12,1.0,0.0,13.706,79.836,hard_rock,False
CHITTOOR|VARADAIAHPALEM,Varadaiahpalem,Chittoor,8.24,91.2,74.9,78.0,3.1,7.4,71.6,148.7,0.02,32.0,5.0,7.0,4.12,1.0,0.0,13.5973,79.914,hard_rock,False
CHITTOOR|K.V.B.PURAM,K.V.B.Puram,Chittoor,8.24,91.2,74.9,78.0,5.2,12.5,71.6,53.2,0.02,94.0,5.0,7.0,4.12,1.0,0.0,13.5881,79.7402,hard_rock,False
CHITTOOR|TIRUPATI (URBAN),Tirupati (Urban),Chittoor,8.24,91.2,74.9,78.0,7.5,18.0,71.6,-32.3,0.02,1033.0,5.0,7.0,4.12,1.0,0.0,13.6901,79.3303,hard_rock,False
CHITTOOR|CHANDRAGIRI,Chandragiri,Chittoor,8.24,91.2,74.9,78.0,6.2,14.9,71.6,-22.1,0.02,430.0,5.0,7.0,4.12,1.0,0.0,13.5165,79.2284,hard_rock,False
CHITTOOR|CHINNAGOTTIGALLU,Chinnagottigallu,Chittoor,8.24,91.2,74.9,78.0,6.6,15.8,71.6,3.9,0.02,582.0,5.0,7.0,4.12,1.0,0.0,13.6717,79.1364,hard_rock,False
CHITTOOR|PILERU,Pileru,Chittoor,8.24,91.2,74.9,78.0,2.2,5.3,71.6,41.3,0.02,455.0,5.0,7.0,4.12,1.0,0.0,13.715,78.953,hard_rock,False
CHITTOOR|KALIKIRI,Kalikiri,Chittoor,8.24,91.2,74.9,78.0,2.5,6.0,71.6,35.9,0.02,519.0,5.0,7.0,4.12,1.0,0.0,13.6986,78.7867,hard_rock,False
CHITTOOR|VALMIKIPURAM,Valmikipuram,Chittoor,8.24,91.2,74.9,78.0,4.4,10.6,71.6,28.0,0.02,587.0,5.0,7.0,4.12,1.0,0.0,13.6524,78.702,hard_rock,False
CHITTOOR|KURABALAKOTA,Kurabalakota,Chittoor,8.24,91.2,74.9,78.0,6.5,15.6,71.6,-5.3,0.02,701.0,5.0,7.0,4.12,1.0,0.0,13.685,78.4994,hard_rock,False
CHITTOOR|PEDDA THIPPASAMUDRAM,Pedda Thippasamudram,Chittoor,8.24,91.2,74.9,78.0,9.8,23.5,71.6,19.3,0.02,697.0,5.0,7.0,4.12,1.0,0.0,13.7019,78.1686,hard_rock,False
CHITTOOR|B.KOTHAKOTA,B.Kothakota,Chittoor,8.24,91.2,74.9,78.0,7.3,17.5,71.6,-6.5,0.02,706.0,5.0,7.0,4.12,1.0,0.0,13.6844,78.3522,hard_rock,False
CHITTOOR|MADANAPALLE,Madanapalle,Chittoor,8.24,91.2,74.9,78.0,8.6,20.6,71.6,-12.6,0.02,694.0,5.0,7.0,4.12,1.0,0.0,13.5532,78.4931,hard_rock,False
CHITTOOR|NIMMANAPALLE,Nimmanapalle,Chittoor,8.24,91.2,74.9,78.0,7.8,18.7,71.6,9.3,0.02,610.0,5.0,7.0,4.12,1.0,0.0,13.5585,78.6615,hard_rock,False
CHITTOOR|SODAM,Sodam,Chittoor,8.24,91.2,74.9,78.0,5.0,12.0,71.6,27.1,0.02,549.0,5.0,7.0,4.12,1.0,0.0,13.5823,78.8748,hard_rock,False
CHITTOOR|PULICHERLA,Pulicherla,Chittoor,8.24,91.2,74.9,78.0,5.9,14.2,71.6,20.4,0.02,540.0,5.0,7.0,4.12,1.0,0.0,13.5794,79.0432,hard_rock,False
CHITTOOR|PAKALA,Pakala,Chittoor,8.24,91.2,74.9,78.0,3.3,7.9,71.6,17.7,0.02,418.0,5.0,7.0,4.12,1.0,0.0,13.4848,79.106,hard_rock,False
CHITTOOR|VEDURUKUPPAM,Vedurukuppam,Chittoor,8.24,91.2,74.9,78.0,5.0,12.0,71.6,-42.9,0.02,353.0,5.0,7.0,4.12,1.0,0.0,13.4359,79.3985,hard_rock,False
CHITTOOR|RAMACHANDRAPURAM,Ramachandrapuram,Chittoor,8.24,91.2,74.9,78.0,3.0,7.2,71.6,-49.4,0.02,299.0,5.0,7.0,4.12,1.0,0.0,13.5251,79.3642,hard_rock,False
CHITTOOR|VADAMALAPETA,Vadamalapeta,Chittoor,8.24,91.2,74.9,78.0,3.4,8.2,71.6,-64.3,0.02,141.0,5.0,7.0,4.12,1.0,0.0,13.5333,79.5106,hard_rock,False
CHITTOOR|NARAYANAVANAM,Narayanavanam,Chittoor,8.24,91.2,74.9,78.0,5.4,13.0,71.6,1.0,0.02,262.0,5.0,7.0,4.12,1.0,0.0,13.4758,79.6164,hard_rock,False
CHITTOOR|PICHATUR,Pichatur,Chittoor,8.24,91.2,74.9,78.0,2.9,7.0,71.6,25.2,0.02,68.0,5.0,7.0,4.12,1.0,0.0,13.3821,79.7634,hard_rock,False
CHITTOOR|SATYAVEDU,Satyavedu,Chittoor,8.24,91.2,74.9,78.0,3.0,7.2,71.6,116.2,0.02,101.0,5.0,7.0,4.12,1.0,0.0,13.4584,79.9395,hard_rock,False
CHITTOOR|NAGALAPURAM,Nagalapuram,Chittoor,8.24,91.2,74.9,78.0,3.4,8.2,71.6,82.2,0.02,94.0,5.0,7.0,4.12,1.0,0.0,13.4502,79.8251,hard_rock,False
CHITTOOR|NINDRA,Nindra,Chittoor,8.24,91.2,74.9,78.0,1.6,3.8,71.6,4.4,0.02,89.0,5.0,7.0,4.12,1.0,0.0,13.3612,79.698,hard_rock,False
CHITTOOR|VIJAYAPURAM,Vijayapuram,Chittoor,8.24,91.2,74.9,78.0,3.5,8.4,71.6,-0.1,0.02,95.0,5.0,7.0,4.12,1.0,0.0,13.2951,79.7153,hard_rock,False
CHITTOOR|NAGARI,Nagari,Chittoor,8.24,91.2,74.9,78.0,4.1,9.8,71.6,-34.6,0.02,115.0,5.0,7.0,4.12,1.0,0.0,13.3179,79.5814,hard_rock,False
CHITTOOR|PUTTUR,Puttur,Chittoor,8.24,91.2,74.9,78.0,3.2,7.7,71.6,-50.2,0.02,182.0,5.0,7.0,4.12,1.0,0.0,13.4213,79.5359,hard_rock,False
CHITTOOR|KARVETINAGAR,Karvetinagar,Chittoor,8.24,91.2,74.9,78.0,6.2,14.9,71.6,-53.0,0.02,217.0,5.0,7.0,4.12,1.0,0.0,13.3961,79.4415,hard_rock,False
CHITTOOR|PENUMURU,Penumuru,Chittoor,8.24,91.2,74.9,78.0,5.5,13.2,71.6,-16.2,0.02,362.0,5.0,7.0,4.12,1.0,0.0,13.3556,79.1911,hard_rock,False
CHITTOOR|PUTHALAPATTU,Puthalapattu,Chittoor,8.24,91.2,74.9,78.0,2.7,6.5,71.6,6.4,0.02,324.0,5.0,7.0,4.12,1.0,0.0,13.3647,79.0923,hard_rock,False
CHITTOOR|IRALA,Irala,Chittoor,8.24,91.2,74.9,78.0,7.1,17.0,71.6,29.5,0.02,393.0,5.0,7.0,4.12,1.0,0.0,13.388,78.9952,hard_rock,False
CHITTOOR|SOMALA,Somala,Chittoor,8.24,91.2,74.9,78.0,7.0,16.8,71.6,8.0,0.02,640.0,5.0,7.0,4.12,1.0,0.0,13.4423,78.8123,hard_rock,False
CHITTOOR|CHOWDEPALLE,Chowdepalle,Chittoor,8.24,91.2,74.9,78.0,5.1,12.2,71.6,0.7,0.02,729.0,5.0,7.0,4.12,1.0,0.0,13.4404,78.6981,hard_rock,False
CHITTOOR|RAMASAMUDRAM,Ramasamudram,Chittoor,8.24,91.2,74.9,78.0,10.2,24.5,71.6,-18.6,0.02,792.0,5.0,7.0,4.12,1.0,0.0,13.3803,78.432,hard_rock,False
CHITTOOR|PUNGANUR,Punganur,Chittoor,8.24,91.2,74.9,78.0,6.7,16.1,71.6,-11.5,0.02,764.0,5.0,7.0,4.12,1.0,0.0,13.4181,78.5708,hard_rock,False
CHITTOOR|PEDDAPANJANI,Peddapanjani,Chittoor,8.24,91.2,74.9,78.0,5.2,12.5,71.6,-0.6,0.02,690.0,5.0,7.0,4.12,1.0,0.0,13.3181,78.6865,hard_rock,False
CHITTOOR|GANGAVARAM,Gangavaram,Chittoor,8.24,91.2,74.9,78.0,4.4,10.6,71.6,-1.6,0.02,674.0,5.0,7.0,4.12,1.0,0.0,13.2451,78.7259,hard_rock,False
CHITTOOR|THAVANAMPALLE,Thavanampalle,Chittoor,8.24,91.2,74.9,78.0,3.3,7.9,71.6,3.6,0.02,385.0,5.0,7.0,4.12,1.0,0.0,13.2831,78.9513,hard_rock,False
CHITTOOR|SRIRANGARAJAPURAM,Srirangarajapuram,Chittoor,8.24,91.2,74.9,78.0,3.2,7.7,71.6,-38.8,0.02,239.0,5.0,7.0,4.12,1.0,0.0,13.3103,79.3169,hard_rock,False
CHITTOOR|GANGADHARA NELLORE,Gangadhara Nellore,Chittoor,8.24,91.2,74.9,78.0,3.9,9.4,71.6,-30.8,0.02,281.0,5.0,7.0,4.12,1.0,0.0,13.2397,79.2421,hard_rock,False
CHITTOOR|CHITTOOR,Chittoor,Chittoor,8.24,91.2,74.9,78.0,3.2,7.7,71.6,-28.6,0.02,356.0,5.0,7.0,4.12,1.0,0.0,13.1799,79.1143,hard_rock,False
CHITTOOR|PALAMANER,Palamaner,Chittoor,8.24,91.2,74.9,78.0,5.9,14.2,71.6,-4.9,0.02,638.0,5.0,7.0,4.12,1.0,0.0,13.1588,78.7491,hard_rock,False
CHITTOOR|BAIREDDIPALLE,Baireddipalle,Chittoor,8.24,91.2,74.9,78.0,5.2,12.5,71.6,-7.5,0.02,696.0,5.0,7.0,4.12,1.0,0.0,13.0905,78.6199,hard_rock,False
CHITTOOR|VENKATAGIRIKOTA,Venkatagirikota,Chittoor,8.24,91.2,74.9,78.0,7.5,18.0,71.6,-16.7,0.02,725.0,5.0,7.0,4.12,1.0,0.0,13.0228,78.5301,hard_rock,False
CHITTOOR|SANTHIPURAM,Santhipuram,Chittoor,8.24,91.2,74.9,78.0,7.4,17.8,71.6,-33.0,0.02,750.0,5.0,7.0,4.12,1.0,0.0,12.873,78.3924,hard_rock,False
CHITTOOR|GUDUPALLE,Gudupalle,Chittoor,8.24,91.2,74.9,78.0,3.6,8.6,71.6,-23.7,0.02,733.0,5.0,7.0,4.12,1.0,0.0,12.7777,78.2798,hard_rock,False
CHITTOOR|KUPPAM,Kuppam,Chittoor,8.24,91.2,74.9,78.0,9.0,21.6,71.6,-18.6,0.02,590.0,5.0,7.0,4.12,1.0,0.0,12.7307,78.4368,hard_rock,False
CHITTOOR|RAMAKUPPAM,Ramakuppam,Chittoor,8.24,91.2,74.9,78.0,9.3,22.3,71.6,-37.9,0.02,770.0,5.0,7.0,4.12,1.0,0.0,12.8959,78.4819,hard_rock,False
CHITTOOR|BANGARUPALEM,Bangarupalem,Chittoor,8.24,91.2,74.9,78.0,6.9,16.6,71.6,-6.2,0.02,426.0,5.0,7.0,4.12,1.0,0.0,13.2121,78.9176,hard_rock,False
CHITTOOR|YADAMARRI,Yadamarri,Chittoor,8.24,91.2,74.9,78.0,3.7,8.9,71.6,-20.7,0.02,430.0,5.0,7.0,4.12,1.0,0.0,13.1248,78.9786,hard_rock,False
CHITTOOR|GUDIPALA,Gudipala,Chittoor,8.24,91.2,74.9,78.0,3.7,8.9,71.6,-51.8,0.02,338.0,5.0,7.0,4.12,1.0,0.0,13.1013,79.1509,hard_rock,False
CHITTOOR|PALASAMUDRAM,Palasamudram,Chittoor,8.24,91.2,74.9,78.0,2.5,6.0,71.6,-56.7,0.02,220.0,5.0,7.0,4.12,1.0,0.0,13.2201,79.3893,hard_rock,False
