boundary_index,claimed_district,mandal,km_from_district_centre,times_district_spread,neighbours_say,neighbour_votes,confidence
654,POLAVARAM,GANGAVARAM,570.2,15.4,CHITTOOR,5/8,review
653,POLAVARAM,PEDDAPANJANI,566.3,15.3,ANNAMAYYA,5/8,review
147,NANDYAL,KOTHAPALLE,461.7,12.7,KAKINADA,8/8,high
635,KONASEEMA,RAMACHANDRAPURAM,438.3,25.9,TIRUPATI,6/8,high
494,KRISHNA,GUDUR,341.0,14.5,KURNOOL,8/8,high
437,NTR,MYLAVARAM,313.3,12.2,Y.S.R KADAPA,4/8,review
610,PALNADU,ROMPICHERLA,308.6,8.9,ANNAMAYYA,4/8,review
611,PALNADU,YERRAVARIPALEM,295.1,8.5,TIRUPATI,4/8,review
421,KRISHNA,GUDUR,273.9,11.7,SRI POTTI SRIRAMULU NELLORE,4/8,review
45,EAST GODAVARI,SEETHANAGARAM,253.4,11.6,VIZIANAGARAM,4/8,review
318,KAKINADA,PRATHIPADU,230.1,10.3,GUNTUR,6/8,high
401,ANANTHAPURAMU,ATMAKUR,228.1,5.6,SRI POTTI SRIRAMULU NELLORE,8/8,high
515,PALNADU,VELDURTHI,220.3,6.4,KURNOOL,5/8,review
439,PALNADU,RAJUPALEM,215.9,6.2,Y.S.R KADAPA,7/8,high
502,ANANTHAPURAMU,ATMAKUR,186.8,4.5,NANDYAL,6/8,high
226,ANAKAPALLI,YELAMANCHILI,168.2,7.6,WEST GODAVARI,4/8,review
194,ANAKAPALLI,DEVARAPALLE,154.3,7.0,EAST GODAVARI,6/8,high
164,KRISHNA,PAMARRU,128.4,5.4,KONASEEMA,5/8,review
393,Y.S.R KADAPA,KONDAPURAM,104.1,2.6,SRI POTTI SRIRAMULU NELLORE,4/8,review
