source_root,file_path,file_type,geometry_type,crs,feature_count,likely_admin_level,key_name_fields,notes
data/raw/boundaries/satishvmadala_ap_open_data,data/raw/boundaries/satishvmadala_ap_open_data/AP_Districts_Final.json,json,unknown,unknown,unknown,unknown,,"Could not inspect file: '/Users/pruthviyannam/Documents/Groundwater Project/data/raw/boundaries/satishvmadala_ap_open_data/AP_Districts_Final.json' not recognized as being in a supported file format.; It might help to specify the correct driver explicitly by prefixing the file path with '<DRIVER>:', e.g. 'CSV:path'."
data/raw/boundaries/satishvmadala_ap_open_data,data/raw/boundaries/satishvmadala_ap_open_data/AndhraPradesh_Districts.geojson,geojson,Polygon,unknown,39,possible_district,NEW_DIST;district_id;district_name,JSON/GeoJSON inspected without officiality assumption
data/raw/boundaries/satishvmadala_ap_open_data,data/raw/boundaries/satishvmadala_ap_open_data/Constituencies_AndhraPradesh_2024.geojson,geojson,Polygon,unknown,193,possible_district,AC_NAME;ac_name;district_id;district_name;loksabha_constituency_name,JSON/GeoJSON inspected without officiality assumption
data/raw/boundaries/satishvmadala_ap_open_data,data/raw/boundaries/satishvmadala_ap_open_data/Final_Andhra_Constituencies_2024.json,json,unknown,unknown,unknown,unknown,,"Could not inspect file: '/Users/pruthviyannam/Documents/Groundwater Project/data/raw/boundaries/satishvmadala_ap_open_data/Final_Andhra_Constituencies_2024.json' not recognized as being in a supported file format.; It might help to specify the correct driver explicitly by prefixing the file path with '<DRIVER>:', e.g. 'CSV:path'."
data/raw/boundaries/satishvmadala_ap_open_data,data/raw/boundaries/satishvmadala_ap_open_data/TODO-GeoJSONS/MANDAL.geojson,geojson,Polygon,unknown,696,possible_mandal_or_subdistrict,DMNAME;DNAME,JSON/GeoJSON inspected without officiality assumption
data/raw/boundaries/datta07_indian_shapefiles,data/raw/boundaries/datta07_indian_shapefiles/INDIA/INDIAN_PINCODE_BOUNDARY.geojson,geojson,MultiPolygon;Polygon,urn:ogc:def:crs:OGC:1.3:CRS84,19312,unknown,Office_Name,JSON/GeoJSON inspected without officiality assumption
data/raw/boundaries/datta07_indian_shapefiles,data/raw/boundaries/datta07_indian_shapefiles/INDIA/INDIAN_RAILWAYS.geojson,geojson,LineString,unknown,29947,possible_state_or_ap,,JSON/GeoJSON inspected without officiality assumption
data/raw/boundaries/datta07_indian_shapefiles,data/raw/boundaries/datta07_indian_shapefiles/INDIA/INDIAN_SUB_DISTRICTS.geojson,geojson,MultiPolygon;Polygon,unknown,5966,possible_mandal_or_subdistrict,Dist_LGD;Subdt_LGD;dtcode11;dtname;sdtcode11;sdtname;stname,JSON/GeoJSON inspected without officiality assumption
data/raw/boundaries/datta07_indian_shapefiles,data/raw/boundaries/datta07_indian_shapefiles/INDIA/INDIA_DISTRICTS.geojson,geojson,MultiPolygon,urn:ogc:def:crs:OGC:1.3:CRS84,820,possible_district,dist_code;district,JSON/GeoJSON inspected without officiality assumption
data/raw/boundaries/datta07_indian_shapefiles,data/raw/boundaries/datta07_indian_shapefiles/INDIA/INDIA_ENERGY_PLANTS.geojson,geojson,Point,unknown,534,possible_district,district;plant_name;proj_name,JSON/GeoJSON inspected without officiality assumption
data/raw/boundaries/datta07_indian_shapefiles,data/raw/boundaries/datta07_indian_shapefiles/INDIA/INDIA_NATIONAL_HIGHWAY.geojson,geojson,LineString;MultiLineString,unknown,62031,possible_state_or_ap,Name,JSON/GeoJSON inspected without officiality assumption
data/raw/boundaries/datta07_indian_shapefiles,data/raw/boundaries/datta07_indian_shapefiles/INDIA/INDIA_PARLIMENTARY_BOUNDARIES.json,json,MultiPolygon;Polygon,unknown,544,unknown,PC_NAME;ST_NAME,JSON/GeoJSON inspected without officiality assumption
data/raw/boundaries/datta07_indian_shapefiles,data/raw/boundaries/datta07_indian_shapefiles/INDIA/INDIA_POLICE_STATIONS.geojson,geojson,Point,urn:ogc:def:crs:EPSG::4326,16459,possible_district,district;district_c,JSON/GeoJSON inspected without officiality assumption
data/raw/boundaries/datta07_indian_shapefiles,data/raw/boundaries/datta07_indian_shapefiles/INDIA/INDIA_STATES.geojson,geojson,MultiPolygon;Polygon,EPSG:4326,37,possible_state_or_ap,STNAME;STNAME_SH,JSON/GeoJSON inspected without officiality assumption
data/raw/boundaries/datta07_indian_shapefiles,data/raw/boundaries/datta07_indian_shapefiles/METROPOLITAN CITIES/AHMADABAD.geojson,geojson,Polygon,unknown,46,possible_district,districtcode;districtname;statename;ulbname;wardname,JSON/GeoJSON inspected without officiality assumption
data/raw/boundaries/datta07_indian_shapefiles,data/raw/boundaries/datta07_indian_shapefiles/METROPOLITAN CITIES/BENGALURU.geojson,geojson,MultiPolygon;Polygon,unknown,197,possible_district,districtcode;districtname;statename;ulbname;wardname,JSON/GeoJSON inspected without officiality assumption
data/raw/boundaries/datta07_indian_shapefiles,data/raw/boundaries/datta07_indian_shapefiles/METROPOLITAN CITIES/BHOPAL.geojson,geojson,MultiPolygon;Polygon,unknown,85,possible_district,districtcode;districtname;statename;ulbname;wardname,JSON/GeoJSON inspected without officiality assumption
data/raw/boundaries/datta07_indian_shapefiles,data/raw/boundaries/datta07_indian_shapefiles/METROPOLITAN CITIES/CHENNAI.geojson,geojson,Polygon,unknown,200,unknown,Zone name,JSON/GeoJSON inspected without officiality assumption
data/raw/boundaries/datta07_indian_shapefiles,data/raw/boundaries/datta07_indian_shapefiles/METROPOLITAN CITIES/DELHI.geojson,geojson,MultiPolygon;Polygon,unknown,273,possible_district,districtcode;districtname;statename;ulbname;wardname,JSON/GeoJSON inspected without officiality assumption
data/raw/boundaries/datta07_indian_shapefiles,data/raw/boundaries/datta07_indian_shapefiles/METROPOLITAN CITIES/HYDERABAD.geojson,geojson,Polygon,unknown,150,possible_mandal_or_subdistrict,Mandal;Name,JSON/GeoJSON inspected without officiality assumption
data/raw/boundaries/datta07_indian_shapefiles,data/raw/boundaries/datta07_indian_shapefiles/METROPOLITAN CITIES/INDORE.geojson,geojson,MultiPolygon;Polygon,unknown,85,possible_district,districtcode;districtname;statename;ulbname;wardname,JSON/GeoJSON inspected without officiality assumption
data/raw/boundaries/datta07_indian_shapefiles,data/raw/boundaries/datta07_indian_shapefiles/METROPOLITAN CITIES/JAIPUR.geojson,geojson,Polygon,unknown,149,possible_district,districtcode;districtname;statename;ulbname;wardname,JSON/GeoJSON inspected without officiality assumption
data/raw/boundaries/datta07_indian_shapefiles,data/raw/boundaries/datta07_indian_shapefiles/METROPOLITAN CITIES/KANPUR.geojson,geojson,Polygon,unknown,110,possible_district,districtcode;districtname;statename;ulbname;wardname,JSON/GeoJSON inspected without officiality assumption
data/raw/boundaries/datta07_indian_shapefiles,data/raw/boundaries/datta07_indian_shapefiles/METROPOLITAN CITIES/LUCKNOW.geojson,geojson,Polygon,unknown,110,possible_district,districtcode;districtname;statename;ulbname;wardname,JSON/GeoJSON inspected without officiality assumption
data/raw/boundaries/datta07_indian_shapefiles,data/raw/boundaries/datta07_indian_shapefiles/METROPOLITAN CITIES/MUMBAI.geojson,geojson,Polygon,unknown,28,unknown,Name,JSON/GeoJSON inspected without officiality assumption
data/raw/boundaries/datta07_indian_shapefiles,data/raw/boundaries/datta07_indian_shapefiles/METROPOLITAN CITIES/NAGPUR.geojson,geojson,Polygon,unknown,42,possible_district,districtcode;districtname;statename;ulbname;wardname,JSON/GeoJSON inspected without officiality assumption
data/raw/boundaries/datta07_indian_shapefiles,data/raw/boundaries/datta07_indian_shapefiles/METROPOLITAN CITIES/NAVI MUMBAI.geojson,geojson,Polygon,unknown,111,possible_district,districtcode;districtname;statename;ulbname;wardname,JSON/GeoJSON inspected without officiality assumption
data/raw/boundaries/datta07_indian_shapefiles,data/raw/boundaries/datta07_indian_shapefiles/METROPOLITAN CITIES/PATNA.geojson,geojson,Polygon,unknown,628,possible_district,districtcode;districtname;statename;ulbname;wardname,JSON/GeoJSON inspected without officiality assumption
data/raw/boundaries/datta07_indian_shapefiles,data/raw/boundaries/datta07_indian_shapefiles/METROPOLITAN CITIES/PIMPRI CHINCHWAD.geojson,geojson,MultiPolygon;Polygon,unknown,32,possible_district,districtcode;districtname;statename;ulbname;wardname,JSON/GeoJSON inspected without officiality assumption
data/raw/boundaries/datta07_indian_shapefiles,data/raw/boundaries/datta07_indian_shapefiles/METROPOLITAN CITIES/PUNE.geojson,geojson,Polygon,unknown,42,possible_district,districtcode;districtname;statename;ulbname;wardname,JSON/GeoJSON inspected without officiality assumption
data/raw/boundaries/datta07_indian_shapefiles,data/raw/boundaries/datta07_indian_shapefiles/METROPOLITAN CITIES/SURAT.geojson,geojson,Polygon,unknown,30,possible_district,districtcode;districtname;statename;ulbname;wardname,JSON/GeoJSON inspected without officiality assumption
data/raw/boundaries/datta07_indian_shapefiles,data/raw/boundaries/datta07_indian_shapefiles/METROPOLITAN CITIES/THANE.geojson,geojson,Polygon,unknown,33,possible_district,districtcode;districtname;statename;ulbname;wardname,JSON/GeoJSON inspected without officiality assumption
data/raw/boundaries/datta07_indian_shapefiles,data/raw/boundaries/datta07_indian_shapefiles/METROPOLITAN CITIES/VADODARA.geojson,geojson,Polygon,unknown,18,possible_district,districtcode;districtname;statename;ulbname;wardname,JSON/GeoJSON inspected without officiality assumption
data/raw/boundaries/datta07_indian_shapefiles,data/raw/boundaries/datta07_indian_shapefiles/METROPOLITAN CITIES/VISAKHAPATNAM.geojson,geojson,MultiPolygon;Polygon,unknown,91,possible_district,districtcode;districtname;statename;ulbname;wardname,JSON/GeoJSON inspected without officiality assumption
data/raw/boundaries/datta07_indian_shapefiles,data/raw/boundaries/datta07_indian_shapefiles/STATES/ANDAMAN & NICOBAR/ANDAMAN & NICOBAR District Hq.geojson,geojson,Point,EPSG:4326,3,possible_district,DIST_HQ;DIST_HQNM;DTCODE11;DTNAME;Dist_LGD;LOC_NAME;STNAME,JSON/GeoJSON inspected without officiality assumption
data/raw/boundaries/datta07_indian_shapefiles,data/raw/boundaries/datta07_indian_shapefiles/STATES/ANDAMAN & NICOBAR/ANDAMAN & NICOBAR Sub District Hq.geojson,geojson,Point,EPSG:4326,9,possible_district,DTCODE11;LOC_NAME;NAME11;SDTCODE11;dtname;stname,JSON/GeoJSON inspected without officiality assumption
data/raw/boundaries/datta07_indian_shapefiles,data/raw/boundaries/datta07_indian_shapefiles/STATES/ANDAMAN & NICOBAR/ANDAMAN & NICOBAR_DISTRICTS.geojson,geojson,MultiPolygon,EPSG:4326,3,possible_district,Dist_LGD;dtcode11;dtname;stname,JSON/GeoJSON inspected without officiality assumption
data/raw/boundaries/datta07_indian_shapefiles,data/raw/boundaries/datta07_indian_shapefiles/STATES/ANDAMAN & NICOBAR/ANDAMAN & NICOBAR_STATE.geojson,geojson,MultiPolygon,EPSG:4326,1,possible_state_or_ap,STNAME;STNAME_SH,JSON/GeoJSON inspected without officiality assumption
data/raw/boundaries/datta07_indian_shapefiles,data/raw/boundaries/datta07_indian_shapefiles/STATES/ANDAMAN & NICOBAR/ANDAMAN & NICOBAR_SUBDISTRICTS.geojson,geojson,MultiPolygon;Polygon,EPSG:4326,9,possible_mandal_or_subdistrict,Dist_LGD;Subdt_LGD;dtcode11;dtname;sdtcode11;sdtname;stname,JSON/GeoJSON inspected without officiality assumption
data/raw/boundaries/datta07_indian_shapefiles,data/raw/boundaries/datta07_indian_shapefiles/STATES/ANDAMAN & NICOBAR/ANDAMAN & NICOBAR_VILLAGES.geojson,geojson,Polygon,unknown,845,possible_state_or_ap,b_pan_name;block_name;d_pan_name;dist_lgd;dtcode11;dtname;gp_name;sdtcode11;sdtname;search_village;stname;subdt_lgd;vilname11,JSON/GeoJSON inspected without officiality assumption
data/raw/boundaries/datta07_indian_shapefiles,data/raw/boundaries/datta07_indian_shapefiles/STATES/ANDAMAN & NICOBAR/ANDAMAN & NICOBAR_parliament.geojson,geojson,MultiPolygon,EPSG:4326,1,possible_state_or_ap,PC_NAME;ST_NAME,JSON/GeoJSON inspected without officiality assumption
data/raw/boundaries/datta07_indian_shapefiles,data/raw/boundaries/datta07_indian_shapefiles/STATES/ANDHRA PRADESH/ANDHRA PRADESH District Hq.geojson,geojson,Point,EPSG:4326,13,possible_district,DIST_HQ;DIST_HQNM;DTCODE11;DTNAME;Dist_LGD;LOC_NAME;STNAME,JSON/GeoJSON inspected without officiality assumption
data/raw/boundaries/datta07_indian_shapefiles,data/raw/boundaries/datta07_indian_shapefiles/STATES/ANDHRA PRADESH/ANDHRA PRADESH Sub District Hq.geojson,geojson,Point,EPSG:4326,669,possible_district,DTCODE11;LOC_NAME;NAME11;SDTCODE11;dtname;stname,JSON/GeoJSON inspected without officiality assumption
data/raw/boundaries/datta07_indian_shapefiles,data/raw/boundaries/datta07_indian_shapefiles/STATES/ANDHRA PRADESH/ANDHRA PRADESH_ASSEMBLY.geojson,geojson,MultiPolygon;Polygon,EPSG:4326,175,possible_district,assem_name;district,JSON/GeoJSON inspected without officiality assumption
data/raw/boundaries/datta07_indian_shapefiles,data/raw/boundaries/datta07_indian_shapefiles/STATES/ANDHRA PRADESH/ANDHRA PRADESH_DISTRICTS.geojson,geojson,MultiPolygon;Polygon,EPSG:4326,13,possible_district,Dist_LGD;dtcode11;dtname;stname,JSON/GeoJSON inspected without officiality assumption
data/raw/boundaries/datta07_indian_shapefiles,data/raw/boundaries/datta07_indian_shapefiles/STATES/ANDHRA PRADESH/ANDHRA PRADESH_NEW_DISTRICTS.geojson,geojson,MultiPolygon;Polygon,unknown,26,possible_district,NAME,JSON/GeoJSON inspected without officiality assumption
data/raw/boundaries/datta07_indian_shapefiles,data/raw/boundaries/datta07_indian_shapefiles/STATES/ANDHRA PRADESH/ANDHRA PRADESH_STATE.geojson,geojson,MultiPolygon,EPSG:4326,1,possible_state_or_ap,STNAME;STNAME_SH,JSON/GeoJSON inspected without officiality assumption
data/raw/boundaries/datta07_indian_shapefiles,data/raw/boundaries/datta07_indian_shapefiles/STATES/ANDHRA PRADESH/ANDHRA PRADESH_SUBDISTRICTS.geojson,geojson,MultiPolygon;Polygon,EPSG:4326,670,possible_mandal_or_subdistrict,Dist_LGD;Subdt_LGD;dtcode11;dtname;sdtcode11;sdtname;stname,JSON/GeoJSON inspected without officiality assumption
data/raw/boundaries/datta07_indian_shapefiles,data/raw/boundaries/datta07_indian_shapefiles/STATES/ANDHRA PRADESH/ANDHRA PRADESH_VILLAGES.geojson,geojson,Polygon,unknown,15443,possible_state_or_ap,b_pan_name;block_name;d_pan_name;dist_lgd;dtcode11;dtname;gp_name;sdtcode11;sdtname;search_village;stname;subdt_lgd;vilname11,JSON/GeoJSON inspected without officiality assumption
data/raw/boundaries/datta07_indian_shapefiles,data/raw/boundaries/datta07_indian_shapefiles/STATES/ANDHRA PRADESH/ANDHRA PRADESH_parliament.geojson,geojson,MultiPolygon;Polygon,EPSG:4326,25,possible_state_or_ap,,JSON/GeoJSON inspected without officiality assumption
data/raw/boundaries/datta07_indian_shapefiles,data/raw/boundaries/datta07_indian_shapefiles/STATES/ARUNACHAL PRADESH/ARUNACHAL PRADESH District Hq.geojson,geojson,Point,EPSG:4326,25,possible_district,DIST_HQ;DIST_HQNM;DTCODE11;DTNAME;Dist_LGD;LOC_NAME;STNAME,JSON/GeoJSON inspected without officiality assumption
data/raw/boundaries/datta07_indian_shapefiles,data/raw/boundaries/datta07_indian_shapefiles/STATES/ARUNACHAL PRADESH/ARUNACHAL PRADESH Sub District Hq.geojson,geojson,Point,EPSG:4326,185,possible_district,DTCODE11;LOC_NAME;NAME11;SDTCODE11;dtname;stname,JSON/GeoJSON inspected without officiality assumption
data/raw/boundaries/datta07_indian_shapefiles,data/raw/boundaries/datta07_indian_shapefiles/STATES/ARUNACHAL PRADESH/ARUNACHAL PRADESH_ASSEMBLY.geojson,geojson,Polygon,EPSG:4326,61,possible_state_or_ap,AC_NAME;DIST_NAME;DT_CODE;PC_NAME;ST_NAME;dtcode11;dtname11,JSON/GeoJSON inspected without officiality assumption
data/raw/boundaries/datta07_indian_shapefiles,data/raw/boundaries/datta07_indian_shapefiles/STATES/ARUNACHAL PRADESH/ARUNACHAL PRADESH_DISTRICTS.geojson,geojson,Polygon,EPSG:4326,25,possible_district,Dist_LGD;dtcode11;dtname;stname,JSON/GeoJSON inspected without officiality assumption
data/raw/boundaries/datta07_indian_shapefiles,data/raw/boundaries/datta07_indian_shapefiles/STATES/ARUNACHAL PRADESH/ARUNACHAL PRADESH_STATE.geojson,geojson,Polygon,EPSG:4326,1,possible_state_or_ap,STNAME;STNAME_SH,JSON/GeoJSON inspected without officiality assumption
data/raw/boundaries/datta07_indian_shapefiles,data/raw/boundaries/datta07_indian_shapefiles/STATES/ARUNACHAL PRADESH/ARUNACHAL PRADESH_SUBDISTRICTS.geojson,geojson,MultiPolygon;Polygon,EPSG:4326,185,possible_mandal_or_subdistrict,Dist_LGD;Subdt_LGD;dtcode11;dtname;sdtcode11;sdtname;stname,JSON/GeoJSON inspected without officiality assumption
data/raw/boundaries/datta07_indian_shapefiles,data/raw/boundaries/datta07_indian_shapefiles/STATES/ARUNACHAL PRADESH/ARUNACHAL PRADESH_parliament.geojson,geojson,Polygon,EPSG:4326,2,possible_state_or_ap,PC_NAME;ST_NAME,JSON/GeoJSON inspected without officiality assumption
data/raw/boundaries/datta07_indian_shapefiles,data/raw/boundaries/datta07_indian_shapefiles/STATES/ASSAM/ASSAM District Hq.geojson,geojson,Point,EPSG:4326,33,possible_district,DIST_HQ;DIST_HQNM;DTCODE11;DTNAME;Dist_LGD;LOC_NAME;STNAME,JSON/GeoJSON inspected without officiality assumption
data/raw/boundaries/datta07_indian_shapefiles,data/raw/boundaries/datta07_indian_shapefiles/STATES/ASSAM/ASSAM Sub District Hq.geojson,geojson,Point,EPSG:4326,152,possible_district,DTCODE11;LOC_NAME;NAME11;SDTCODE11;dtname;stname,JSON/GeoJSON inspected without officiality assumption
data/raw/boundaries/datta07_indian_shapefiles,data/raw/boundaries/datta07_indian_shapefiles/STATES/ASSAM/ASSAM_ASSEMBLY.geojson,geojson,Polygon,EPSG:4326,133,possible_state_or_ap,AC_NAME;DIST_NAME;DT_CODE;PC_NAME;ST_NAME;dtcode11;dtname11,JSON/GeoJSON inspected without officiality assumption
data/raw/boundaries/datta07_indian_shapefiles,data/raw/boundaries/datta07_indian_shapefiles/STATES/ASSAM/ASSAM_DISTRICTS.geojson,geojson,MultiPolygon;Polygon,EPSG:4326,33,possible_district,Dist_LGD;dtcode11;dtname;stname,JSON/GeoJSON inspected without officiality assumption
data/raw/boundaries/datta07_indian_shapefiles,data/raw/boundaries/datta07_indian_shapefiles/STATES/ASSAM/ASSAM_STATE.geojson,geojson,Polygon,EPSG:4326,1,possible_state_or_ap,STNAME;STNAME_SH,JSON/GeoJSON inspected without officiality assumption
data/raw/boundaries/datta07_indian_shapefiles,data/raw/boundaries/datta07_indian_shapefiles/STATES/ASSAM/ASSAM_SUBDISTRICTS.geojson,geojson,MultiPolygon;Polygon,EPSG:4326,181,possible_mandal_or_subdistrict,Dist_LGD;Subdt_LGD;dtcode11;dtname;sdtcode11;sdtname;stname,JSON/GeoJSON inspected without officiality assumption
data/raw/boundaries/datta07_indian_shapefiles,data/raw/boundaries/datta07_indian_shapefiles/STATES/ASSAM/ASSAM_VILLAGES.geojson,geojson,Polygon,unknown,21032,possible_state_or_ap,DTCODE11;DTNAME;SDTCODE11;SDTNAME;STNAME;VILNAME11,JSON/GeoJSON inspected without officiality assumption
data/raw/boundaries/datta07_indian_shapefiles,data/raw/boundaries/datta07_indian_shapefiles/STATES/ASSAM/ASSAM_parliament.geojson,geojson,Polygon,EPSG:4326,14,possible_state_or_ap,PC_NAME;ST_NAME,JSON/GeoJSON inspected without officiality assumption
data/raw/boundaries/datta07_indian_shapefiles,data/raw/boundaries/datta07_indian_shapefiles/STATES/BIHAR/BIHAR District Hq.geojson,geojson,Point,EPSG:4326,38,possible_district,DIST_HQ;DIST_HQNM;DTCODE11;DTNAME;Dist_LGD;LOC_NAME;STNAME,JSON/GeoJSON inspected without officiality assumption
data/raw/boundaries/datta07_indian_shapefiles,data/raw/boundaries/datta07_indian_shapefiles/STATES/BIHAR/BIHAR Sub District Hq.geojson,geojson,Point,EPSG:4326,534,possible_district,DTCODE11;LOC_NAME;NAME11;SDTCODE11;dtname;stname,JSON/GeoJSON inspected without officiality assumption
data/raw/boundaries/datta07_indian_shapefiles,data/raw/boundaries/datta07_indian_shapefiles/STATES/BIHAR/BIHAR_ASSEMBLY.geojson,geojson,MultiPolygon;Polygon,EPSG:4326,243,possible_state_or_ap,AC_NAME;DIST_NAME;DT_CODE;PC_NAME;ST_NAME;dtcode11;dtname11,JSON/GeoJSON inspected without officiality assumption
data/raw/boundaries/datta07_indian_shapefiles,data/raw/boundaries/datta07_indian_shapefiles/STATES/BIHAR/BIHAR_DISTRICTS.geojson,geojson,MultiPolygon;Polygon,EPSG:4326,38,possible_district,Dist_LGD;dtcode11;dtname;stname,JSON/GeoJSON inspected without officiality assumption
data/raw/boundaries/datta07_indian_shapefiles,data/raw/boundaries/datta07_indian_shapefiles/STATES/BIHAR/BIHAR_STATE.geojson,geojson,Polygon,EPSG:4326,1,possible_state_or_ap,STNAME;STNAME_SH,JSON/GeoJSON inspected without officiality assumption
data/raw/boundaries/datta07_indian_shapefiles,data/raw/boundaries/datta07_indian_shapefiles/STATES/BIHAR/BIHAR_SUBDISTRICTS.geojson,geojson,MultiPolygon;Polygon,EPSG:4326,534,possible_mandal_or_subdistrict,Dist_LGD;Subdt_LGD;dtcode11;dtname;sdtcode11;sdtname;stname,JSON/GeoJSON inspected without officiality assumption
data/raw/boundaries/datta07_indian_shapefiles,data/raw/boundaries/datta07_indian_shapefiles/STATES/BIHAR/BIHAR_VILLAGES.geojson,geojson,Polygon,unknown,44054,possible_state_or_ap,b_pan_name;block_name;d_pan_name;dist_lgd;dtcode11;dtname;gp_name;sdtcode11;sdtname;search_village;stname;subdt_lgd;vilname11,JSON/GeoJSON inspected without officiality assumption
data/raw/boundaries/datta07_indian_shapefiles,data/raw/boundaries/datta07_indian_shapefiles/STATES/BIHAR/BIHAR_parliament.geojson,geojson,MultiPolygon;Polygon,EPSG:4326,40,possible_state_or_ap,PC_NAME;ST_NAME,JSON/GeoJSON inspected without officiality assumption
data/raw/boundaries/datta07_indian_shapefiles,data/raw/boundaries/datta07_indian_shapefiles/STATES/CHANDIGARH/CHANDIGARH District Hq.geojson,geojson,Point,EPSG:4326,1,possible_district,DIST_HQ;DIST_HQNM;DTCODE11;DTNAME;Dist_LGD;LOC_NAME;STNAME,JSON/GeoJSON inspected without officiality assumption
data/raw/boundaries/datta07_indian_shapefiles,data/raw/boundaries/datta07_indian_shapefiles/STATES/CHANDIGARH/CHANDIGARH Sub District Hq.geojson,geojson,Point,EPSG:4326,1,possible_district,DTCODE11;LOC_NAME;NAME11;SDTCODE11;dtname;stname,JSON/GeoJSON inspected without officiality assumption
data/raw/boundaries/datta07_indian_shapefiles,data/raw/boundaries/datta07_indian_shapefiles/STATES/CHANDIGARH/CHANDIGARH_DISTRICTS.geojson,geojson,Polygon,EPSG:4326,1,possible_district,Dist_LGD;dtcode11;dtname;stname,JSON/GeoJSON inspected without officiality assumption
data/raw/boundaries/datta07_indian_shapefiles,data/raw/boundaries/datta07_indian_shapefiles/STATES/CHANDIGARH/CHANDIGARH_STATE.geojson,geojson,Polygon,EPSG:4326,1,possible_state_or_ap,STNAME;STNAME_SH,JSON/GeoJSON inspected without officiality assumption
data/raw/boundaries/datta07_indian_shapefiles,data/raw/boundaries/datta07_indian_shapefiles/STATES/CHANDIGARH/CHANDIGARH_SUBDISTRICTS.geojson,geojson,Polygon,EPSG:4326,1,possible_mandal_or_subdistrict,Dist_LGD;Subdt_LGD;dtcode11;dtname;sdtcode11;sdtname;stname,JSON/GeoJSON inspected without officiality assumption
data/raw/boundaries/datta07_indian_shapefiles,data/raw/boundaries/datta07_indian_shapefiles/STATES/CHANDIGARH/CHANDIGARH_VILLAGES.geojson,geojson,Polygon,unknown,29,possible_state_or_ap,b_pan_name;block_name;d_pan_name;dist_lgd;dtcode11;dtname;gp_name;sdtcode11;sdtname;search_village;stname;subdt_lgd;vilname11,JSON/GeoJSON inspected without officiality assumption
data/raw/boundaries/datta07_indian_shapefiles,data/raw/boundaries/datta07_indian_shapefiles/STATES/CHANDIGARH/CHANDIGARH_parliament.geojson,geojson,Polygon,EPSG:4326,1,possible_state_or_ap,PC_NAME;ST_NAME,JSON/GeoJSON inspected without officiality assumption
data/raw/boundaries/datta07_indian_shapefiles,data/raw/boundaries/datta07_indian_shapefiles/STATES/CHHATTISGARH/CHATTISGARH_SUBDISTRICTS.geojson,geojson,MultiPolygon;Polygon,EPSG:4326,149,possible_mandal_or_subdistrict,Dist_LGD;Subdt_LGD;dtcode11;dtname;sdtcode11;sdtname;stname,JSON/GeoJSON inspected without officiality assumption
data/raw/boundaries/datta07_indian_shapefiles,data/raw/boundaries/datta07_indian_shapefiles/STATES/CHHATTISGARH/CHHATTISGARH District Hq.geojson,geojson,Point,EPSG:4326,27,possible_district,DIST_HQ;DIST_HQNM;DTCODE11;DTNAME;Dist_LGD;LOC_NAME;STNAME,JSON/GeoJSON inspected without officiality assumption
data/raw/boundaries/datta07_indian_shapefiles,data/raw/boundaries/datta07_indian_shapefiles/STATES/CHHATTISGARH/CHHATTISGARH Sub District Hq.geojson,geojson,Point,EPSG:4326,149,possible_district,DTCODE11;LOC_NAME;NAME11;SDTCODE11;dtname;stname,JSON/GeoJSON inspected without officiality assumption
data/raw/boundaries/datta07_indian_shapefiles,data/raw/boundaries/datta07_indian_shapefiles/STATES/CHHATTISGARH/CHHATTISGARH_ASSEMBLY.geojson,geojson,MultiPolygon;Polygon,EPSG:4326,90,possible_state_or_ap,AC_NAME;DIST_NAME;DT_CODE;PC_NAME;ST_NAME;dtcode11;dtname11,JSON/GeoJSON inspected without officiality assumption
data/raw/boundaries/datta07_indian_shapefiles,data/raw/boundaries/datta07_indian_shapefiles/STATES/CHHATTISGARH/CHHATTISGARH_DISTRICTS.geojson,geojson,MultiPolygon;Polygon,EPSG:4326,28,possible_district,Dist_LGD;dtcode11;dtname;stname,JSON/GeoJSON inspected without officiality assumption
data/raw/boundaries/datta07_indian_shapefiles,data/raw/boundaries/datta07_indian_shapefiles/STATES/CHHATTISGARH/CHHATTISGARH_STATE.geojson,geojson,Polygon,EPSG:4326,1,possible_state_or_ap,STNAME;STNAME_SH,JSON/GeoJSON inspected without officiality assumption
data/raw/boundaries/datta07_indian_shapefiles,data/raw/boundaries/datta07_indian_shapefiles/STATES/CHHATTISGARH/CHHATTISGARH_VILLAGES.geojson,geojson,Polygon,unknown,20771,possible_state_or_ap,b_pan_name;block_name;d_pan_name;dist_lgd;dtcode11;dtname;gp_name;sdtcode11;sdtname;search_village;stname;subdt_lgd;vilname11,JSON/GeoJSON inspected without officiality assumption
data/raw/boundaries/datta07_indian_shapefiles,data/raw/boundaries/datta07_indian_shapefiles/STATES/CHHATTISGARH/CHHATTISGARH_parliament.geojson,geojson,MultiPolygon;Polygon,EPSG:4326,11,possible_state_or_ap,PC_NAME;ST_NAME,JSON/GeoJSON inspected without officiality assumption
data/raw/boundaries/datta07_indian_shapefiles,data/raw/boundaries/datta07_indian_shapefiles/STATES/DADRA & NAGAR HAVELI/DADAR & NAGAR HAVELI_SUBDISTRICTS.geojson,geojson,MultiPolygon,EPSG:4326,1,possible_mandal_or_subdistrict,Dist_LGD;Subdt_LGD;dtcode11;dtname;sdtcode11;sdtname;stname,JSON/GeoJSON inspected without officiality assumption
data/raw/boundaries/datta07_indian_shapefiles,data/raw/boundaries/datta07_indian_shapefiles/STATES/DADRA & NAGAR HAVELI/DADRA & NAGAR HAVE District Hq.geojson,geojson,Point,EPSG:4326,1,possible_district,DIST_HQ;DIST_HQNM;DTCODE11;DTNAME;Dist_LGD;LOC_NAME;STNAME,JSON/GeoJSON inspected without officiality assumption
data/raw/boundaries/datta07_indian_shapefiles,data/raw/boundaries/datta07_indian_shapefiles/STATES/DADRA & NAGAR HAVELI/DADRA & NAGAR HAVE Sub District Hq.geojson,geojson,Point,EPSG:4326,1,possible_district,DTCODE11;LOC_NAME;NAME11;SDTCODE11;dtname;stname,JSON/GeoJSON inspected without officiality assumption
data/raw/boundaries/datta07_indian_shapefiles,data/raw/boundaries/datta07_indian_shapefiles/STATES/DADRA & NAGAR HAVELI/DADRA & NAGAR HAVELI_STATE.geojson,geojson,Polygon,EPSG:4326,1,possible_state_or_ap,STNAME;STNAME_SH,JSON/GeoJSON inspected without officiality assumption
data/raw/boundaries/datta07_indian_shapefiles,data/raw/boundaries/datta07_indian_shapefiles/STATES/DADRA & NAGAR HAVELI/DADRA & NAGAR HAVELI_parliament.geojson,geojson,MultiPolygon,EPSG:4326,1,possible_state_or_ap,PC_NAME;ST_NAME,JSON/GeoJSON inspected without officiality assumption
data/raw/boundaries/datta07_indian_shapefiles,data/raw/boundaries/datta07_indian_shapefiles/STATES/DADRA & NAGAR HAVELI/DADRA & NAGAR HAVE_DISTRICTS.geojson,geojson,MultiPolygon,EPSG:4326,1,possible_district,Dist_LGD;dtcode11;dtname;stname,JSON/GeoJSON inspected without officiality assumption
data/raw/boundaries/datta07_indian_shapefiles,data/raw/boundaries/datta07_indian_shapefiles/STATES/DAMAN & DIU/DAMAN & DIU District Hq.geojson,geojson,Point,EPSG:4326,2,possible_district,DIST_HQ;DIST_HQNM;DTCODE11;DTNAME;Dist_LGD;LOC_NAME;STNAME,JSON/GeoJSON inspected without officiality assumption
data/raw/boundaries/datta07_indian_shapefiles,data/raw/boundaries/datta07_indian_shapefiles/STATES/DAMAN & DIU/DAMAN & DIU Sub District Hq.geojson,geojson,Point,EPSG:4326,2,possible_district,DTCODE11;LOC_NAME;NAME11;SDTCODE11;dtname;stname,JSON/GeoJSON inspected without officiality assumption
data/raw/boundaries/datta07_indian_shapefiles,data/raw/boundaries/datta07_indian_shapefiles/STATES/DAMAN & DIU/DAMAN & DIU_DISTRICTS.geojson,geojson,MultiPolygon;Polygon,EPSG:4326,2,possible_district,Dist_LGD;dtcode11;dtname;stname,JSON/GeoJSON inspected without officiality assumption
data/raw/boundaries/datta07_indian_shapefiles,data/raw/boundaries/datta07_indian_shapefiles/STATES/DAMAN & DIU/DAMAN & DIU_STATE.geojson,geojson,MultiPolygon,EPSG:4326,1,possible_state_or_ap,STNAME;STNAME_SH,JSON/GeoJSON inspected without officiality assumption
data/raw/boundaries/datta07_indian_shapefiles,data/raw/boundaries/datta07_indian_shapefiles/STATES/DAMAN & DIU/DAMAN & DIU_SUBDISTRICTS.geojson,geojson,Polygon,EPSG:4326,2,possible_mandal_or_subdistrict,Dist_LGD;Subdt_LGD;dtcode11;dtname;sdtcode11;sdtname;stname,JSON/GeoJSON inspected without officiality assumption
data/raw/boundaries/datta07_indian_shapefiles,data/raw/boundaries/datta07_indian_shapefiles/STATES/DAMAN & DIU/DAMAN & DIU_parliament.geojson,geojson,MultiPolygon,EPSG:4326,1,possible_state_or_ap,PC_NAME;ST_NAME,JSON/GeoJSON inspected without officiality assumption
data/raw/boundaries/datta07_indian_shapefiles,data/raw/boundaries/datta07_indian_shapefiles/STATES/DELHI/DELHI District Hq.geojson,geojson,Point,EPSG:4326,11,possible_district,DIST_HQ;DIST_HQNM;DTCODE11;DTNAME;Dist_LGD;LOC_NAME;STNAME,JSON/GeoJSON inspected without officiality assumption
data/raw/boundaries/datta07_indian_shapefiles,data/raw/boundaries/datta07_indian_shapefiles/STATES/DELHI/DELHI Sub District Hq.geojson,geojson,Point,EPSG:4326,27,possible_district,DTCODE11;LOC_NAME;NAME11;SDTCODE11;dtname;stname,JSON/GeoJSON inspected without officiality assumption
data/raw/boundaries/datta07_indian_shapefiles,data/raw/boundaries/datta07_indian_shapefiles/STATES/DELHI/DELHI_ASSEMBLY.geojson,geojson,MultiPolygon;Polygon,EPSG:4326,70,possible_state_or_ap,AC_NAME;DIST_NAME;DT_CODE;PC_NAME;ST_NAME;dtcode11;dtname11,JSON/GeoJSON inspected without officiality assumption
data/raw/boundaries/datta07_indian_shapefiles,data/raw/boundaries/datta07_indian_shapefiles/STATES/DELHI/DELHI_DISTRICTS.geojson,geojson,Polygon,EPSG:4326,11,possible_district,Dist_LGD;dtcode11;dtname;stname,JSON/GeoJSON inspected without officiality assumption
data/raw/boundaries/datta07_indian_shapefiles,data/raw/boundaries/datta07_indian_shapefiles/STATES/DELHI/DELHI_STATE.geojson,geojson,Polygon,EPSG:4326,1,possible_state_or_ap,STNAME;STNAME_SH,JSON/GeoJSON inspected without officiality assumption
data/raw/boundaries/datta07_indian_shapefiles,data/raw/boundaries/datta07_indian_shapefiles/STATES/DELHI/DELHI_SUBDISTRICTS.geojson,geojson,MultiPolygon;Polygon,EPSG:4326,27,possible_mandal_or_subdistrict,Dist_LGD;Subdt_LGD;dtcode11;dtname;sdtcode11;sdtname;stname,JSON/GeoJSON inspected without officiality assumption
data/raw/boundaries/datta07_indian_shapefiles,data/raw/boundaries/datta07_indian_shapefiles/STATES/DELHI/DELHI_VILLAGES.geojson,geojson,Polygon,unknown,328,possible_state_or_ap,DTCODE11;DTNAME;SDTCODE11;SDTNAME;STNAME;VILNAME11,JSON/GeoJSON inspected without officiality assumption
data/raw/boundaries/datta07_indian_shapefiles,data/raw/boundaries/datta07_indian_shapefiles/STATES/DELHI/DELHI_parliament.geojson,geojson,Polygon,EPSG:4326,7,possible_state_or_ap,PC_NAME;ST_NAME,JSON/GeoJSON inspected without officiality assumption
data/raw/boundaries/datta07_indian_shapefiles,data/raw/boundaries/datta07_indian_shapefiles/STATES/GOA/GOA District Hq.geojson,geojson,Point,EPSG:4326,2,possible_district,DIST_HQ;DIST_HQNM;DTCODE11;DTNAME;Dist_LGD;LOC_NAME;STNAME,JSON/GeoJSON inspected without officiality assumption
data/raw/boundaries/datta07_indian_shapefiles,data/raw/boundaries/datta07_indian_shapefiles/STATES/GOA/GOA Sub District Hq.geojson,geojson,Point,EPSG:4326,12,possible_district,DTCODE11;LOC_NAME;NAME11;SDTCODE11;dtname;stname,JSON/GeoJSON inspected without officiality assumption
data/raw/boundaries/datta07_indian_shapefiles,data/raw/boundaries/datta07_indian_shapefiles/STATES/GOA/GOA_ASSEMBLY.geojson,geojson,MultiPolygon;Polygon,EPSG:4326,40,possible_state_or_ap,AC_NAME;DIST_NAME;DT_CODE;PC_NAME;ST_NAME;dtcode11;dtname11,JSON/GeoJSON inspected without officiality assumption
data/raw/boundaries/datta07_indian_shapefiles,data/raw/boundaries/datta07_indian_shapefiles/STATES/GOA/GOA_DISTRICTS.geojson,geojson,Polygon,EPSG:4326,2,possible_district,Dist_LGD;dtcode11;dtname;stname,JSON/GeoJSON inspected without officiality assumption
data/raw/boundaries/datta07_indian_shapefiles,data/raw/boundaries/datta07_indian_shapefiles/STATES/GOA/GOA_STATE.geojson,geojson,Polygon,EPSG:4326,1,possible_state_or_ap,STNAME;STNAME_SH,JSON/GeoJSON inspected without officiality assumption
data/raw/boundaries/datta07_indian_shapefiles,data/raw/boundaries/datta07_indian_shapefiles/STATES/GOA/GOA_SUBDISTRICTS.geojson,geojson,Polygon,EPSG:4326,12,possible_mandal_or_subdistrict,Dist_LGD;Subdt_LGD;dtcode11;dtname;sdtcode11;sdtname;stname,JSON/GeoJSON inspected without officiality assumption
data/raw/boundaries/datta07_indian_shapefiles,data/raw/boundaries/datta07_indian_shapefiles/STATES/GOA/GOA_VILLAGES.geojson,geojson,Polygon,EPSG:4326,383,possible_state_or_ap,DTCODE11;DTNAME;SDTCODE11;SDTNAME;STNAME;VILNAME11,JSON/GeoJSON inspected without officiality assumption
data/raw/boundaries/datta07_indian_shapefiles,data/raw/boundaries/datta07_indian_shapefiles/STATES/GOA/GOA_parliament.geojson,geojson,Polygon,EPSG:4326,2,possible_state_or_ap,PC_NAME;ST_NAME,JSON/GeoJSON inspected without officiality assumption
data/raw/boundaries/datta07_indian_shapefiles,data/raw/boundaries/datta07_indian_shapefiles/STATES/GUJARAT/GUJARAT District Hq.geojson,geojson,Point,EPSG:4326,33,possible_district,DIST_HQ;DIST_HQNM;DTCODE11;DTNAME;Dist_LGD;LOC_NAME;STNAME,JSON/GeoJSON inspected without officiality assumption
data/raw/boundaries/datta07_indian_shapefiles,data/raw/boundaries/datta07_indian_shapefiles/STATES/GUJARAT/GUJARAT Sub District Hq.geojson,geojson,Point,EPSG:4326,225,possible_district,DTCODE11;LOC_NAME;NAME11;SDTCODE11;dtname;stname,JSON/GeoJSON inspected without officiality assumption
data/raw/boundaries/datta07_indian_shapefiles,data/raw/boundaries/datta07_indian_shapefiles/STATES/GUJARAT/GUJARAT_ASSEMBLY.geojson,geojson,MultiPolygon;Polygon,EPSG:4326,165,possible_state_or_ap,AC_NAME;DIST_NAME;DT_CODE;PC_NAME;ST_NAME;dtcode11;dtname11,JSON/GeoJSON inspected without officiality assumption
data/raw/boundaries/datta07_indian_shapefiles,data/raw/boundaries/datta07_indian_shapefiles/STATES/GUJARAT/GUJARAT_DISTRICTS.geojson,geojson,MultiPolygon;Polygon,EPSG:4326,33,possible_district,Dist_LGD;dtcode11;dtname;stname,JSON/GeoJSON inspected without officiality assumption
data/raw/boundaries/datta07_indian_shapefiles,data/raw/boundaries/datta07_indian_shapefiles/STATES/GUJARAT/GUJARAT_STATE.geojson,geojson,MultiPolygon,EPSG:4326,1,possible_state_or_ap,STNAME;STNAME_SH,JSON/GeoJSON inspected without officiality assumption
data/raw/boundaries/datta07_indian_shapefiles,data/raw/boundaries/datta07_indian_shapefiles/STATES/GUJARAT/GUJARAT_SUBDISTRICTS.geojson,geojson,MultiPolygon;Polygon,EPSG:4326,225,possible_mandal_or_subdistrict,Dist_LGD;Subdt_LGD;dtcode11;dtname;sdtcode11;sdtname;stname,JSON/GeoJSON inspected without officiality assumption
data/raw/boundaries/datta07_indian_shapefiles,data/raw/boundaries/datta07_indian_shapefiles/STATES/GUJARAT/GUJARAT_VILLAGES.geojson,geojson,Polygon,unknown,19296,possible_state_or_ap,b_pan_name;block_name;d_pan_name;dist_lgd;dtcode11;dtname;gp_name;sdtcode11;sdtname;search_village;stname;subdt_lgd;vilname11,JSON/GeoJSON inspected without officiality assumption
data/raw/boundaries/datta07_indian_shapefiles,data/raw/boundaries/datta07_indian_shapefiles/STATES/GUJARAT/GUJARAT_parliament.geojson,geojson,MultiPolygon;Polygon,EPSG:4326,26,possible_state_or_ap,PC_NAME;ST_NAME,JSON/GeoJSON inspected without officiality assumption
data/raw/boundaries/datta07_indian_shapefiles,data/raw/boundaries/datta07_indian_shapefiles/STATES/HARYANA/HARYANA District Hq.geojson,geojson,Point,EPSG:4326,22,possible_district,DIST_HQ;DIST_HQNM;DTCODE11;DTNAME;Dist_LGD;LOC_NAME;STNAME,JSON/GeoJSON inspected without officiality assumption
data/raw/boundaries/datta07_indian_shapefiles,data/raw/boundaries/datta07_indian_shapefiles/STATES/HARYANA/HARYANA Sub District Hq.geojson,geojson,Point,EPSG:4326,74,possible_district,DTCODE11;LOC_NAME;NAME11;SDTCODE11;dtname;stname,JSON/GeoJSON inspected without officiality assumption
data/raw/boundaries/datta07_indian_shapefiles,data/raw/boundaries/datta07_indian_shapefiles/STATES/HARYANA/HARYANA_ASSEMBLY.geojson,geojson,MultiPolygon;Polygon,EPSG:4326,90,possible_state_or_ap,AC_NAME;DIST_NAME;DT_CODE;PC_NAME;ST_NAME;dtcode11;dtname11,JSON/GeoJSON inspected without officiality assumption
data/raw/boundaries/datta07_indian_shapefiles,data/raw/boundaries/datta07_indian_shapefiles/STATES/HARYANA/HARYANA_DISTRICTS.geojson,geojson,MultiPolygon;Polygon,EPSG:4326,22,possible_district,Dist_LGD;dtcode11;dtname;stname,JSON/GeoJSON inspected without officiality assumption
data/raw/boundaries/datta07_indian_shapefiles,data/raw/boundaries/datta07_indian_shapefiles/STATES/HARYANA/HARYANA_STATE.geojson,geojson,Polygon,EPSG:4326,1,possible_state_or_ap,STNAME;STNAME_SH,JSON/GeoJSON inspected without officiality assumption
data/raw/boundaries/datta07_indian_shapefiles,data/raw/boundaries/datta07_indian_shapefiles/STATES/HARYANA/HARYANA_SUBDISTRICTS.geojson,geojson,MultiPolygon;Polygon,EPSG:4326,74,possible_mandal_or_subdistrict,Dist_LGD;Subdt_LGD;dtcode11;dtname;sdtcode11;sdtname;stname,JSON/GeoJSON inspected without officiality assumption
data/raw/boundaries/datta07_indian_shapefiles,data/raw/boundaries/datta07_indian_shapefiles/STATES/HARYANA/HARYANA_VILLAGES.geojson,geojson,Polygon,unknown,6839,possible_state_or_ap,b_pan_name;block_name;d_pan_name;dist_lgd;dtcode11;dtname;gp_name;sdtcode11;sdtname;search_village;stname;subdt_lgd;vilname11,JSON/GeoJSON inspected without officiality assumption
data/raw/boundaries/datta07_indian_shapefiles,data/raw/boundaries/datta07_indian_shapefiles/STATES/HARYANA/HARYANA_parliament.geojson,geojson,MultiPolygon;Polygon,EPSG:4326,10,possible_state_or_ap,PC_NAME;ST_NAME,JSON/GeoJSON inspected without officiality assumption
data/raw/boundaries/datta07_indian_shapefiles,data/raw/boundaries/datta07_indian_shapefiles/STATES/HIMACHAL PRADESH/HIMACHAL PRADESH District Hq.geojson,geojson,Point,EPSG:4326,12,possible_district,DIST_HQ;DIST_HQNM;DTCODE11;DTNAME;Dist_LGD;LOC_NAME;STNAME,JSON/GeoJSON inspected without officiality assumption
data/raw/boundaries/datta07_indian_shapefiles,data/raw/boundaries/datta07_indian_shapefiles/STATES/HIMACHAL PRADESH/HIMACHAL PRADESH Sub District Hq.geojson,geojson,Point,EPSG:4326,117,possible_district,DTCODE11;LOC_NAME;NAME11;SDTCODE11;dtname;stname,JSON/GeoJSON inspected without officiality assumption
data/raw/boundaries/datta07_indian_shapefiles,data/raw/boundaries/datta07_indian_shapefiles/STATES/HIMACHAL PRADESH/HIMACHAL PRADESH_ASSEMBLY.geojson,geojson,Polygon,EPSG:4326,68,possible_state_or_ap,AC_NAME;DIST_NAME;DT_CODE;PC_NAME;ST_NAME;dtcode11;dtname11,JSON/GeoJSON inspected without officiality assumption
data/raw/boundaries/datta07_indian_shapefiles,data/raw/boundaries/datta07_indian_shapefiles/STATES/HIMACHAL PRADESH/HIMACHAL PRADESH_DISTRICTS.geojson,geojson,Polygon,EPSG:4326,12,possible_district,Dist_LGD;dtcode11;dtname;stname,JSON/GeoJSON inspected without officiality assumption
data/raw/boundaries/datta07_indian_shapefiles,data/raw/boundaries/datta07_indian_shapefiles/STATES/HIMACHAL PRADESH/HIMACHAL PRADESH_STATE.geojson,geojson,Polygon,EPSG:4326,1,possible_state_or_ap,STNAME;STNAME_SH,JSON/GeoJSON inspected without officiality assumption
data/raw/boundaries/datta07_indian_shapefiles,data/raw/boundaries/datta07_indian_shapefiles/STATES/HIMACHAL PRADESH/HIMACHAL PRADESH_SUBDISTRICTS.geojson,geojson,Polygon,EPSG:4326,116,possible_mandal_or_subdistrict,Dist_LGD;Subdt_LGD;dtcode11;dtname;sdtcode11;sdtname;stname,JSON/GeoJSON inspected without officiality assumption
data/raw/boundaries/datta07_indian_shapefiles,data/raw/boundaries/datta07_indian_shapefiles/STATES/HIMACHAL PRADESH/HIMACHAL PRADESH_parliament.geojson,geojson,Polygon,EPSG:4326,4,possible_state_or_ap,PC_NAME;ST_NAME,JSON/GeoJSON inspected without officiality assumption
data/raw/boundaries/datta07_indian_shapefiles,data/raw/boundaries/datta07_indian_shapefiles/STATES/JAMMU & KASHMIR/JAMMU & KASHMIR District Hq.geojson,geojson,Point,EPSG:4326,2,possible_district,DIST_HQ;DIST_HQNM;DTCODE11;DTNAME;Dist_LGD;LOC_NAME;STNAME,JSON/GeoJSON inspected without officiality assumption
data/raw/boundaries/datta07_indian_shapefiles,data/raw/boundaries/datta07_indian_shapefiles/STATES/JAMMU & KASHMIR/JAMMU & KASHMIR Sub District Hq.geojson,geojson,Point,EPSG:4326,76,possible_district,DTCODE11;LOC_NAME;NAME11;SDTCODE11;dtname;stname,JSON/GeoJSON inspected without officiality assumption
data/raw/boundaries/datta07_indian_shapefiles,data/raw/boundaries/datta07_indian_shapefiles/STATES/JAMMU & KASHMIR/JAMMU & KASHMIR_ASSEMBLY.geojson,geojson,Polygon,EPSG:4326,107,possible_state_or_ap,AC_NAME;DIST_NAME;DT_CODE;PC_NAME;ST_NAME;dtcode11;dtname11,JSON/GeoJSON inspected without officiality assumption
data/raw/boundaries/datta07_indian_shapefiles,data/raw/boundaries/datta07_indian_shapefiles/STATES/JAMMU & KASHMIR/JAMMU & KASHMIR_DISTRICTS.geojson,geojson,MultiPolygon;Polygon,EPSG:4326,22,possible_district,Dist_LGD;dtcode11;dtname;stname,JSON/GeoJSON inspected without officiality assumption
data/raw/boundaries/datta07_indian_shapefiles,data/raw/boundaries/datta07_indian_shapefiles/STATES/JAMMU & KASHMIR/JAMMU & KASHMIR_STATE.geojson,geojson,Polygon,EPSG:4326,1,possible_state_or_ap,STNAME;STNAME_SH,JSON/GeoJSON inspected without officiality assumption
data/raw/boundaries/datta07_indian_shapefiles,data/raw/boundaries/datta07_indian_shapefiles/STATES/JAMMU & KASHMIR/JAMMU & KASHMIR_SUBDISTRICTS.geojson,geojson,MultiPolygon;Polygon,EPSG:4326,81,possible_mandal_or_subdistrict,Dist_LGD;Subdt_LGD;dtcode11;dtname;sdtcode11;sdtname;stname,JSON/GeoJSON inspected without officiality assumption
data/raw/boundaries/datta07_indian_shapefiles,data/raw/boundaries/datta07_indian_shapefiles/STATES/JAMMU & KASHMIR/JAMMU & KASHMIR_parliament.geojson,geojson,Polygon,EPSG:4326,6,possible_state_or_ap,PC_NAME;ST_NAME,JSON/GeoJSON inspected without officiality assumption
data/raw/boundaries/datta07_indian_shapefiles,data/raw/boundaries/datta07_indian_shapefiles/STATES/JHARKHAND/JHARKHAND District Hq.geojson,geojson,Point,EPSG:4326,24,possible_district,DIST_HQ;DIST_HQNM;DTCODE11;DTNAME;Dist_LGD;LOC_NAME;STNAME,JSON/GeoJSON inspected without officiality assumption
data/raw/boundaries/datta07_indian_shapefiles,data/raw/boundaries/datta07_indian_shapefiles/STATES/JHARKHAND/JHARKHAND Sub District Hq.geojson,geojson,Point,EPSG:4326,260,possible_district,DTCODE11;LOC_NAME;NAME11;SDTCODE11;dtname;stname,JSON/GeoJSON inspected without officiality assumption
data/raw/boundaries/datta07_indian_shapefiles,data/raw/boundaries/datta07_indian_shapefiles/STATES/JHARKHAND/JHARKHAND_ASSEMBLY.geojson,geojson,Polygon,EPSG:4326,95,possible_state_or_ap,AC_NAME;DIST_NAME;DT_CODE;PC_NAME;ST_NAME;dtcode11;dtname11,JSON/GeoJSON inspected without officiality assumption
data/raw/boundaries/datta07_indian_shapefiles,data/raw/boundaries/datta07_indian_shapefiles/STATES/JHARKHAND/JHARKHAND_DISTRICTS.geojson,geojson,Polygon,EPSG:4326,24,possible_district,Dist_LGD;dtcode11;dtname;stname,JSON/GeoJSON inspected without officiality assumption
data/raw/boundaries/datta07_indian_shapefiles,data/raw/boundaries/datta07_indian_shapefiles/STATES/JHARKHAND/JHARKHAND_STATE.geojson,geojson,Polygon,EPSG:4326,1,possible_state_or_ap,STNAME;STNAME_SH,JSON/GeoJSON inspected without officiality assumption
data/raw/boundaries/datta07_indian_shapefiles,data/raw/boundaries/datta07_indian_shapefiles/STATES/JHARKHAND/JHARKHAND_SUBDISTRICTS.geojson,geojson,MultiPolygon;Polygon,EPSG:4326,260,possible_mandal_or_subdistrict,Dist_LGD;Subdt_LGD;dtcode11;dtname;sdtcode11;sdtname;stname,JSON/GeoJSON inspected without officiality assumption
data/raw/boundaries/datta07_indian_shapefiles,data/raw/boundaries/datta07_indian_shapefiles/STATES/JHARKHAND/JHARKHAND_VILLAGES.geojson,geojson,Polygon,unknown,32944,possible_state_or_ap,b_pan_name;block_name;d_pan_name;dist_lgd;dtcode11;dtname;gp_name;sdtcode11;sdtname;search_village;stname;subdt_lgd;vilname11,JSON/GeoJSON inspected without officiality assumption
data/raw/boundaries/datta07_indian_shapefiles,data/raw/boundaries/datta07_indian_shapefiles/STATES/JHARKHAND/JHARKHAND_parliament.geojson,geojson,Polygon,EPSG:4326,14,possible_state_or_ap,PC_NAME;ST_NAME,JSON/GeoJSON inspected without officiality assumption
data/raw/boundaries/datta07_indian_shapefiles,data/raw/boundaries/datta07_indian_shapefiles/STATES/KARNATAKA/KARNATAKA District Hq.geojson,geojson,Point,EPSG:4326,30,possible_district,DIST_HQ;DIST_HQNM;DTCODE11;DTNAME;Dist_LGD;LOC_NAME;STNAME,JSON/GeoJSON inspected without officiality assumption
data/raw/boundaries/datta07_indian_shapefiles,data/raw/boundaries/datta07_indian_shapefiles/STATES/KARNATAKA/KARNATAKA Sub District Hq.geojson,geojson,Point,EPSG:4326,176,possible_district,DTCODE11;LOC_NAME;NAME11;SDTCODE11;dtname;stname,JSON/GeoJSON inspected without officiality assumption
data/raw/boundaries/datta07_indian_shapefiles,data/raw/boundaries/datta07_indian_shapefiles/STATES/KARNATAKA/KARNATAKA_ASSEMBLY.geojson,geojson,MultiPolygon;Polygon,EPSG:4326,225,possible_state_or_ap,AC_NAME;DIST_NAME;DT_CODE;PC_NAME;ST_NAME;dtcode11;dtname11,JSON/GeoJSON inspected without officiality assumption
data/raw/boundaries/datta07_indian_shapefiles,data/raw/boundaries/datta07_indian_shapefiles/STATES/KARNATAKA/KARNATAKA_DISTRICTS.geojson,geojson,MultiPolygon;Polygon,EPSG:4326,30,possible_district,Dist_LGD;dtcode11;dtname;stname,JSON/GeoJSON inspected without officiality assumption
data/raw/boundaries/datta07_indian_shapefiles,data/raw/boundaries/datta07_indian_shapefiles/STATES/KARNATAKA/KARNATAKA_STATE.geojson,geojson,Polygon,EPSG:4326,1,possible_state_or_ap,STNAME;STNAME_SH,JSON/GeoJSON inspected without officiality assumption
data/raw/boundaries/datta07_indian_shapefiles,data/raw/boundaries/datta07_indian_shapefiles/STATES/KARNATAKA/KARNATAKA_SUBDISTRICTS.geojson,geojson,MultiPolygon;Polygon,EPSG:4326,174,possible_mandal_or_subdistrict,Dist_LGD;Subdt_LGD;dtcode11;dtname;sdtcode11;sdtname;stname,JSON/GeoJSON inspected without officiality assumption
data/raw/boundaries/datta07_indian_shapefiles,data/raw/boundaries/datta07_indian_shapefiles/STATES/KARNATAKA/KARNATAKA_VILLAGES.geojson,geojson,Polygon,unknown,28286,possible_state_or_ap,DTCODE11;DTNAME;SDTCODE11;SDTNAME;STNAME;VILNAME11,JSON/GeoJSON inspected without officiality assumption
data/raw/boundaries/datta07_indian_shapefiles,data/raw/boundaries/datta07_indian_shapefiles/STATES/KARNATAKA/KARNATAKA_parliament.geojson,geojson,MultiPolygon;Polygon,EPSG:4326,28,possible_state_or_ap,PC_NAME;ST_NAME,JSON/GeoJSON inspected without officiality assumption
data/raw/boundaries/datta07_indian_shapefiles,data/raw/boundaries/datta07_indian_shapefiles/STATES/KERALA/KERALA District Hq.geojson,geojson,Point,EPSG:4326,14,possible_district,DIST_HQ;DIST_HQNM;DTCODE11;DTNAME;Dist_LGD;LOC_NAME;STNAME,JSON/GeoJSON inspected without officiality assumption
data/raw/boundaries/datta07_indian_shapefiles,data/raw/boundaries/datta07_indian_shapefiles/STATES/KERALA/KERALA Sub District Hq.geojson,geojson,Point,EPSG:4326,63,possible_district,DTCODE11;LOC_NAME;NAME11;SDTCODE11;dtname;stname,JSON/GeoJSON inspected without officiality assumption
data/raw/boundaries/datta07_indian_shapefiles,data/raw/boundaries/datta07_indian_shapefiles/STATES/KERALA/KERALA_ASSEMBLY.geojson,geojson,Polygon,EPSG:4326,141,possible_state_or_ap,AC_NAME;DIST_NAME;DT_CODE;PC_NAME;ST_NAME;dtcode11;dtname11,JSON/GeoJSON inspected without officiality assumption
data/raw/boundaries/datta07_indian_shapefiles,data/raw/boundaries/datta07_indian_shapefiles/STATES/KERALA/KERALA_DISTRICTS.geojson,geojson,Polygon,EPSG:4326,14,possible_district,Dist_LGD;dtcode11;dtname;stname,JSON/GeoJSON inspected without officiality assumption
data/raw/boundaries/datta07_indian_shapefiles,data/raw/boundaries/datta07_indian_shapefiles/STATES/KERALA/KERALA_STATE.geojson,geojson,Polygon,EPSG:4326,1,possible_state_or_ap,STNAME;STNAME_SH,JSON/GeoJSON inspected without officiality assumption
data/raw/boundaries/datta07_indian_shapefiles,data/raw/boundaries/datta07_indian_shapefiles/STATES/KERALA/KERALA_SUBDISTRICTS.geojson,geojson,Polygon,EPSG:4326,63,possible_mandal_or_subdistrict,Dist_LGD;Subdt_LGD;dtcode11;dtname;sdtcode11;sdtname;stname,JSON/GeoJSON inspected without officiality assumption
data/raw/boundaries/datta07_indian_shapefiles,data/raw/boundaries/datta07_indian_shapefiles/STATES/KERALA/KERALA_VILLAGES.geojson,geojson,Polygon,unknown,1589,possible_state_or_ap,DTCODE11;DTNAME;SDTCODE11;SDTNAME;STNAME;VILNAME11,JSON/GeoJSON inspected without officiality assumption
data/raw/boundaries/datta07_indian_shapefiles,data/raw/boundaries/datta07_indian_shapefiles/STATES/KERALA/KERALA_parliament.geojson,geojson,Polygon,EPSG:4326,20,possible_state_or_ap,PC_NAME;ST_NAME,JSON/GeoJSON inspected without officiality assumption
data/raw/boundaries/datta07_indian_shapefiles,data/raw/boundaries/datta07_indian_shapefiles/STATES/LADAKH/LADAKH Sub District Hq.geojson,geojson,Point,EPSG:4326,6,possible_district,DTCODE11;LOC_NAME;NAME11;SDTCODE11;dtname;stname,JSON/GeoJSON inspected without officiality assumption
data/raw/boundaries/datta07_indian_shapefiles,data/raw/boundaries/datta07_indian_shapefiles/STATES/LADAKH/LADAKH_DISTRICTS.geojson,geojson,Polygon,EPSG:4326,2,possible_district,Dist_LGD;dtcode11;dtname;stname,JSON/GeoJSON inspected without officiality assumption
data/raw/boundaries/datta07_indian_shapefiles,data/raw/boundaries/datta07_indian_shapefiles/STATES/LADAKH/LADAKH_STATE.geojson,geojson,Polygon,EPSG:4326,1,possible_state_or_ap,STNAME;STNAME_SH,JSON/GeoJSON inspected without officiality assumption
data/raw/boundaries/datta07_indian_shapefiles,data/raw/boundaries/datta07_indian_shapefiles/STATES/LADAKH/LADAKH_SUBDISTRICTS.geojson,geojson,Polygon,EPSG:4326,8,possible_mandal_or_subdistrict,Dist_LGD;Subdt_LGD;dtcode11;dtname;sdtcode11;sdtname;stname,JSON/GeoJSON inspected without officiality assumption
data/raw/boundaries/datta07_indian_shapefiles,data/raw/boundaries/datta07_indian_shapefiles/STATES/LAKSHADWEEP/LAKSHADWEEP District Hq.geojson,geojson,Point,EPSG:4326,1,possible_district,DIST_HQ;DIST_HQNM;DTCODE11;DTNAME;Dist_LGD;LOC_NAME;STNAME,JSON/GeoJSON inspected without officiality assumption
data/raw/boundaries/datta07_indian_shapefiles,data/raw/boundaries/datta07_indian_shapefiles/STATES/LAKSHADWEEP/LAKSHADWEEP Sub District Hq.geojson,geojson,Point,EPSG:4326,10,possible_district,DTCODE11;LOC_NAME;NAME11;SDTCODE11;dtname;stname,JSON/GeoJSON inspected without officiality assumption
data/raw/boundaries/datta07_indian_shapefiles,data/raw/boundaries/datta07_indian_shapefiles/STATES/LAKSHADWEEP/LAKSHADWEEP_DISTRICTS.geojson,geojson,MultiPolygon,EPSG:4326,1,possible_district,Dist_LGD;dtcode11;dtname;stname,JSON/GeoJSON inspected without officiality assumption
data/raw/boundaries/datta07_indian_shapefiles,data/raw/boundaries/datta07_indian_shapefiles/STATES/LAKSHADWEEP/LAKSHADWEEP_STATE.geojson,geojson,MultiPolygon,EPSG:4326,1,possible_state_or_ap,STNAME;STNAME_SH,JSON/GeoJSON inspected without officiality assumption
data/raw/boundaries/datta07_indian_shapefiles,data/raw/boundaries/datta07_indian_shapefiles/STATES/LAKSHADWEEP/LAKSHADWEEP_SUBDISTRICTS.geojson,geojson,MultiPolygon;Polygon,EPSG:4326,10,possible_mandal_or_subdistrict,Dist_LGD;Subdt_LGD;dtcode11;dtname;sdtcode11;sdtname;stname,JSON/GeoJSON inspected without officiality assumption
data/raw/boundaries/datta07_indian_shapefiles,data/raw/boundaries/datta07_indian_shapefiles/STATES/LAKSHADWEEP/LAKSHADWEEP_VILLAGES.geojson,geojson,Polygon,unknown,27,possible_state_or_ap,b_pan_name;block_name;d_pan_name;dist_lgd;dtcode11;dtname;gp_name;sdtcode11;sdtname;search_village;stname;subdt_lgd;vilname11,JSON/GeoJSON inspected without officiality assumption
data/raw/boundaries/datta07_indian_shapefiles,data/raw/boundaries/datta07_indian_shapefiles/STATES/LAKSHADWEEP/LAKSHADWEEP_parliament.geojson,geojson,MultiPolygon,EPSG:4326,1,possible_state_or_ap,PC_NAME;ST_NAME,JSON/GeoJSON inspected without officiality assumption
data/raw/boundaries/datta07_indian_shapefiles,data/raw/boundaries/datta07_indian_shapefiles/STATES/MADHYA PRADESH/MADHYA PRADESH District Hq.geojson,geojson,Point,EPSG:4326,52,possible_district,DIST_HQ;DIST_HQNM;DTCODE11;DTNAME;Dist_LGD;LOC_NAME;STNAME,JSON/GeoJSON inspected without officiality assumption
data/raw/boundaries/datta07_indian_shapefiles,data/raw/boundaries/datta07_indian_shapefiles/STATES/MADHYA PRADESH/MADHYA PRADESH Sub District Hq.geojson,geojson,Point,EPSG:4326,342,possible_district,DTCODE11;LOC_NAME;NAME11;SDTCODE11;dtname;stname,JSON/GeoJSON inspected without officiality assumption
data/raw/boundaries/datta07_indian_shapefiles,data/raw/boundaries/datta07_indian_shapefiles/STATES/MADHYA PRADESH/MADHYA PRADESH_ASSEMBLY.geojson,geojson,Polygon,EPSG:4326,226,possible_state_or_ap,AC_NAME;DIST_NAME;DT_CODE;PC_NAME;ST_NAME;dtcode11;dtname11,JSON/GeoJSON inspected without officiality assumption
data/raw/boundaries/datta07_indian_shapefiles,data/raw/boundaries/datta07_indian_shapefiles/STATES/MADHYA PRADESH/MADHYA PRADESH_DISTRICTS.geojson,geojson,MultiPolygon;Polygon,EPSG:4326,52,possible_district,Dist_LGD;dtcode11;dtname;stname,JSON/GeoJSON inspected without officiality assumption
data/raw/boundaries/datta07_indian_shapefiles,data/raw/boundaries/datta07_indian_shapefiles/STATES/MADHYA PRADESH/MADHYA PRADESH_STATE.geojson,geojson,Polygon,EPSG:4326,1,possible_state_or_ap,STNAME;STNAME_SH,JSON/GeoJSON inspected without officiality assumption
data/raw/boundaries/datta07_indian_shapefiles,data/raw/boundaries/datta07_indian_shapefiles/STATES/MADHYA PRADESH/MADHYA PRADESH_SUBDISTRICTS.geojson,geojson,MultiPolygon;Polygon,EPSG:4326,341,possible_mandal_or_subdistrict,Dist_LGD;Subdt_LGD;dtcode11;dtname;sdtcode11;sdtname;stname,JSON/GeoJSON inspected without officiality assumption
data/raw/boundaries/datta07_indian_shapefiles,data/raw/boundaries/datta07_indian_shapefiles/STATES/MADHYA PRADESH/MADHYA PRADESH_VILLAGES.geojson,geojson,Polygon,unknown,49549,possible_state_or_ap,b_pan_name;block_name;d_pan_name;dist_lgd;dtcode11;dtname;gp_name;sdtcode11;sdtname;search_village;stname;subdt_lgd;vilname11,JSON/GeoJSON inspected without officiality assumption
data/raw/boundaries/datta07_indian_shapefiles,data/raw/boundaries/datta07_indian_shapefiles/STATES/MADHYA PRADESH/MADHYA PRADESH_parliament.geojson,geojson,Polygon,EPSG:4326,29,possible_state_or_ap,PC_NAME;ST_NAME,JSON/GeoJSON inspected without officiality assumption
data/raw/boundaries/datta07_indian_shapefiles,data/raw/boundaries/datta07_indian_shapefiles/STATES/MAHARASHTRA/MAHARASHTRA District Hq.geojson,geojson,Point,EPSG:4326,36,possible_district,DIST_HQ;DIST_HQNM;DTCODE11;DTNAME;Dist_LGD;LOC_NAME;STNAME,JSON/GeoJSON inspected without officiality assumption
data/raw/boundaries/datta07_indian_shapefiles,data/raw/boundaries/datta07_indian_shapefiles/STATES/MAHARASHTRA/MAHARASHTRA Sub District Hq.geojson,geojson,Point,EPSG:4326,355,possible_district,DTCODE11;LOC_NAME;NAME11;SDTCODE11;dtname;stname,JSON/GeoJSON inspected without officiality assumption
data/raw/boundaries/datta07_indian_shapefiles,data/raw/boundaries/datta07_indian_shapefiles/STATES/MAHARASHTRA/MAHARASHTRA_ASSEMBLY.geojson,geojson,MultiPolygon;Polygon,EPSG:4326,288,possible_state_or_ap,AC_NAME;DIST_NAME;DT_CODE;PC_NAME;ST_NAME;dtcode11;dtname11,JSON/GeoJSON inspected without officiality assumption
data/raw/boundaries/datta07_indian_shapefiles,data/raw/boundaries/datta07_indian_shapefiles/STATES/MAHARASHTRA/MAHARASHTRA_DISTRICTS.geojson,geojson,MultiPolygon;Polygon,EPSG:4326,36,possible_district,Dist_LGD;dtcode11;dtname;stname,JSON/GeoJSON inspected without officiality assumption
data/raw/boundaries/datta07_indian_shapefiles,data/raw/boundaries/datta07_indian_shapefiles/STATES/MAHARASHTRA/MAHARASHTRA_STATE.geojson,geojson,MultiPolygon,EPSG:4326,1,possible_state_or_ap,STNAME;STNAME_SH,JSON/GeoJSON inspected without officiality assumption
data/raw/boundaries/datta07_indian_shapefiles,data/raw/boundaries/datta07_indian_shapefiles/STATES/MAHARASHTRA/MAHARASHTRA_SUBDISTRICTS.geojson,geojson,MultiPolygon;Polygon,EPSG:4326,360,possible_mandal_or_subdistrict,Dist_LGD;Subdt_LGD;dtcode11;dtname;sdtcode11;sdtname;stname,JSON/GeoJSON inspected without officiality assumption
data/raw/boundaries/datta07_indian_shapefiles,data/raw/boundaries/datta07_indian_shapefiles/STATES/MAHARASHTRA/MAHARASHTRA_parliament.geojson,geojson,MultiPolygon;Polygon,EPSG:4326,48,possible_state_or_ap,PC_NAME;ST_NAME,JSON/GeoJSON inspected without officiality assumption
data/raw/boundaries/datta07_indian_shapefiles,data/raw/boundaries/datta07_indian_shapefiles/STATES/MANIPUR/MANIPUR District Hq.geojson,geojson,Point,EPSG:4326,16,possible_district,DIST_HQ;DIST_HQNM;DTCODE11;DTNAME;Dist_LGD;LOC_NAME;STNAME,JSON/GeoJSON inspected without officiality assumption
data/raw/boundaries/datta07_indian_shapefiles,data/raw/boundaries/datta07_indian_shapefiles/STATES/MANIPUR/MANIPUR Sub District Hq.geojson,geojson,Point,EPSG:4326,38,possible_district,DTCODE11;LOC_NAME;NAME11;SDTCODE11;dtname;stname,JSON/GeoJSON inspected without officiality assumption
data/raw/boundaries/datta07_indian_shapefiles,data/raw/boundaries/datta07_indian_shapefiles/STATES/MANIPUR/MANIPUR_ASSEMBLY.geojson,geojson,MultiPolygon;Polygon,EPSG:4326,68,possible_state_or_ap,AC_NAME;DIST_NAME;DT_CODE;PC_NAME;ST_NAME;dtcode11;dtname11,JSON/GeoJSON inspected without officiality assumption
data/raw/boundaries/datta07_indian_shapefiles,data/raw/boundaries/datta07_indian_shapefiles/STATES/MANIPUR/MANIPUR_DISTRICTS.geojson,geojson,Polygon,EPSG:4326,16,possible_district,Dist_LGD;dtcode11;dtname;stname,JSON/GeoJSON inspected without officiality assumption
data/raw/boundaries/datta07_indian_shapefiles,data/raw/boundaries/datta07_indian_shapefiles/STATES/MANIPUR/MANIPUR_STATE.geojson,geojson,Polygon,EPSG:4326,1,possible_state_or_ap,STNAME;STNAME_SH,JSON/GeoJSON inspected without officiality assumption
data/raw/boundaries/datta07_indian_shapefiles,data/raw/boundaries/datta07_indian_shapefiles/STATES/MANIPUR/MANIPUR_SUBDISTRICTS.geojson,geojson,MultiPolygon;Polygon,EPSG:4326,37,possible_mandal_or_subdistrict,Dist_LGD;Subdt_LGD;dtcode11;dtname;sdtcode11;sdtname;stname,JSON/GeoJSON inspected without officiality assumption
data/raw/boundaries/datta07_indian_shapefiles,data/raw/boundaries/datta07_indian_shapefiles/STATES/MANIPUR/MANIPUR_parliament.geojson,geojson,Polygon,EPSG:4326,2,possible_state_or_ap,PC_NAME;ST_NAME,JSON/GeoJSON inspected without officiality assumption
data/raw/boundaries/datta07_indian_shapefiles,data/raw/boundaries/datta07_indian_shapefiles/STATES/MEGHALAYA/MEGHALAYA District Hq.geojson,geojson,Point,EPSG:4326,11,possible_district,DIST_HQ;DIST_HQNM;DTCODE11;DTNAME;Dist_LGD;LOC_NAME;STNAME,JSON/GeoJSON inspected without officiality assumption
data/raw/boundaries/datta07_indian_shapefiles,data/raw/boundaries/datta07_indian_shapefiles/STATES/MEGHALAYA/MEGHALAYA Sub District Hq.geojson,geojson,Point,EPSG:4326,39,possible_district,DTCODE11;LOC_NAME;NAME11;SDTCODE11;dtname;stname,JSON/GeoJSON inspected without officiality assumption
data/raw/boundaries/datta07_indian_shapefiles,data/raw/boundaries/datta07_indian_shapefiles/STATES/MEGHALAYA/MEGHALAYA_ASSEMBLY.geojson,geojson,Polygon,EPSG:4326,60,possible_state_or_ap,AC_NAME;DIST_NAME;DT_CODE;PC_NAME;ST_NAME;dtcode11;dtname11,JSON/GeoJSON inspected without officiality assumption
data/raw/boundaries/datta07_indian_shapefiles,data/raw/boundaries/datta07_indian_shapefiles/STATES/MEGHALAYA/MEGHALAYA_DISTRICTS.geojson,geojson,Polygon,EPSG:4326,11,possible_district,Dist_LGD;dtcode11;dtname;stname,JSON/GeoJSON inspected without officiality assumption
data/raw/boundaries/datta07_indian_shapefiles,data/raw/boundaries/datta07_indian_shapefiles/STATES/MEGHALAYA/MEGHALAYA_STATE.geojson,geojson,Polygon,EPSG:4326,1,possible_state_or_ap,STNAME;STNAME_SH,JSON/GeoJSON inspected without officiality assumption
data/raw/boundaries/datta07_indian_shapefiles,data/raw/boundaries/datta07_indian_shapefiles/STATES/MEGHALAYA/MEGHALAYA_SUBDISTRICTS.geojson,geojson,Polygon,EPSG:4326,40,possible_mandal_or_subdistrict,Dist_LGD;Subdt_LGD;dtcode11;dtname;sdtcode11;sdtname;stname,JSON/GeoJSON inspected without officiality assumption
data/raw/boundaries/datta07_indian_shapefiles,data/raw/boundaries/datta07_indian_shapefiles/STATES/MEGHALAYA/MEGHALAYA_parliament.geojson,geojson,Polygon,EPSG:4326,2,possible_state_or_ap,PC_NAME;ST_NAME,JSON/GeoJSON inspected without officiality assumption
data/raw/boundaries/datta07_indian_shapefiles,data/raw/boundaries/datta07_indian_shapefiles/STATES/MIZORAM/MIZORAM District Hq.geojson,geojson,Point,EPSG:4326,8,possible_district,DIST_HQ;DIST_HQNM;DTCODE11;DTNAME;Dist_LGD;LOC_NAME;STNAME,JSON/GeoJSON inspected without officiality assumption
data/raw/boundaries/datta07_indian_shapefiles,data/raw/boundaries/datta07_indian_shapefiles/STATES/MIZORAM/MIZORAM Sub District Hq.geojson,geojson,Point,EPSG:4326,26,possible_district,DTCODE11;LOC_NAME;NAME11;SDTCODE11;dtname;stname,JSON/GeoJSON inspected without officiality assumption
data/raw/boundaries/datta07_indian_shapefiles,data/raw/boundaries/datta07_indian_shapefiles/STATES/MIZORAM/MIZORAM_ASSEMBLY.geojson,geojson,Polygon,EPSG:4326,40,possible_state_or_ap,AC_NAME;DIST_NAME;DT_CODE;PC_NAME;ST_NAME;dtcode11;dtname11,JSON/GeoJSON inspected without officiality assumption
data/raw/boundaries/datta07_indian_shapefiles,data/raw/boundaries/datta07_indian_shapefiles/STATES/MIZORAM/MIZORAM_DISTRICTS.geojson,geojson,MultiPolygon;Polygon,EPSG:4326,11,possible_district,Dist_LGD;dtcode11;dtname;stname,JSON/GeoJSON inspected without officiality assumption
data/raw/boundaries/datta07_indian_shapefiles,data/raw/boundaries/datta07_indian_shapefiles/STATES/MIZORAM/MIZORAM_STATE.geojson,geojson,Polygon,EPSG:4326,1,possible_state_or_ap,STNAME;STNAME_SH,JSON/GeoJSON inspected without officiality assumption
data/raw/boundaries/datta07_indian_shapefiles,data/raw/boundaries/datta07_indian_shapefiles/STATES/MIZORAM/MIZORAM_SUBDISTRICTS.geojson,geojson,Polygon,EPSG:4326,27,possible_mandal_or_subdistrict,Dist_LGD;Subdt_LGD;dtcode11;dtname;sdtcode11;sdtname;stname,JSON/GeoJSON inspected without officiality assumption
data/raw/boundaries/datta07_indian_shapefiles,data/raw/boundaries/datta07_indian_shapefiles/STATES/MIZORAM/MIZORAM_parliament.geojson,geojson,Polygon,EPSG:4326,1,possible_state_or_ap,PC_NAME;ST_NAME,JSON/GeoJSON inspected without officiality assumption
data/raw/boundaries/datta07_indian_shapefiles,data/raw/boundaries/datta07_indian_shapefiles/STATES/NAGALAND/NAGALAND District Hq.geojson,geojson,Point,EPSG:4326,11,possible_district,DIST_HQ;DIST_HQNM;DTCODE11;DTNAME;Dist_LGD;LOC_NAME;STNAME,JSON/GeoJSON inspected without officiality assumption
data/raw/boundaries/datta07_indian_shapefiles,data/raw/boundaries/datta07_indian_shapefiles/STATES/NAGALAND/NAGALAND Sub District Hq.geojson,geojson,Point,EPSG:4326,112,possible_district,DTCODE11;LOC_NAME;NAME11;SDTCODE11;dtname;stname,JSON/GeoJSON inspected without officiality assumption
data/raw/boundaries/datta07_indian_shapefiles,data/raw/boundaries/datta07_indian_shapefiles/STATES/NAGALAND/NAGALAND_ASSEMBLY.geojson,geojson,Polygon,EPSG:4326,60,possible_state_or_ap,AC_NAME;DIST_NAME;DT_CODE;PC_NAME;ST_NAME;dtcode11;dtname11,JSON/GeoJSON inspected without officiality assumption
data/raw/boundaries/datta07_indian_shapefiles,data/raw/boundaries/datta07_indian_shapefiles/STATES/NAGALAND/NAGALAND_DISTRICTS.geojson,geojson,Polygon,EPSG:4326,11,possible_district,Dist_LGD;dtcode11;dtname;stname,JSON/GeoJSON inspected without officiality assumption
data/raw/boundaries/datta07_indian_shapefiles,data/raw/boundaries/datta07_indian_shapefiles/STATES/NAGALAND/NAGALAND_STATE.geojson,geojson,Polygon,EPSG:4326,1,possible_state_or_ap,STNAME;STNAME_SH,JSON/GeoJSON inspected without officiality assumption
data/raw/boundaries/datta07_indian_shapefiles,data/raw/boundaries/datta07_indian_shapefiles/STATES/NAGALAND/NAGALAND_SUBDISTRICTS.geojson,geojson,Polygon,EPSG:4326,112,possible_mandal_or_subdistrict,Dist_LGD;Subdt_LGD;dtcode11;dtname;sdtcode11;sdtname;stname,JSON/GeoJSON inspected without officiality assumption
data/raw/boundaries/datta07_indian_shapefiles,data/raw/boundaries/datta07_indian_shapefiles/STATES/NAGALAND/NAGALAND_parliament.geojson,geojson,Polygon,EPSG:4326,1,possible_state_or_ap,PC_NAME;ST_NAME,JSON/GeoJSON inspected without officiality assumption
data/raw/boundaries/datta07_indian_shapefiles,data/raw/boundaries/datta07_indian_shapefiles/STATES/ORISSA/ODISHA Sub District Hq.geojson,geojson,Point,EPSG:4326,476,possible_district,DTCODE11;LOC_NAME;NAME11;SDTCODE11;dtname;stname,JSON/GeoJSON inspected without officiality assumption
data/raw/boundaries/datta07_indian_shapefiles,data/raw/boundaries/datta07_indian_shapefiles/STATES/ORISSA/ODISHA_DISTRICTS.geojson,geojson,MultiPolygon;Polygon,EPSG:4326,30,possible_district,Dist_LGD;dtcode11;dtname;stname,JSON/GeoJSON inspected without officiality assumption
data/raw/boundaries/datta07_indian_shapefiles,data/raw/boundaries/datta07_indian_shapefiles/STATES/ORISSA/ODISHA_STATE.geojson,geojson,Polygon,EPSG:4326,1,possible_state_or_ap,STNAME;STNAME_SH,JSON/GeoJSON inspected without officiality assumption
data/raw/boundaries/datta07_indian_shapefiles,data/raw/boundaries/datta07_indian_shapefiles/STATES/ORISSA/ODISHA_SUBDISTRICTS.geojson,geojson,MultiPolygon;Polygon,EPSG:4326,478,possible_mandal_or_subdistrict,Dist_LGD;Subdt_LGD;dtcode11;dtname;sdtcode11;sdtname;stname,JSON/GeoJSON inspected without officiality assumption
data/raw/boundaries/datta07_indian_shapefiles,data/raw/boundaries/datta07_indian_shapefiles/STATES/ORISSA/ORISSA District Hq.geojson,geojson,Point,EPSG:4326,30,possible_district,DIST_HQ;DIST_HQNM;DTCODE11;DTNAME;Dist_LGD;LOC_NAME;STNAME,JSON/GeoJSON inspected without officiality assumption
data/raw/boundaries/datta07_indian_shapefiles,data/raw/boundaries/datta07_indian_shapefiles/STATES/ORISSA/ORISSA_ASSEMBLY.geojson,geojson,MultiPolygon;Polygon,EPSG:4326,147,possible_state_or_ap,AC_NAME;DIST_NAME;DT_CODE;PC_NAME;ST_NAME;dtcode11;dtname11,JSON/GeoJSON inspected without officiality assumption
data/raw/boundaries/datta07_indian_shapefiles,data/raw/boundaries/datta07_indian_shapefiles/STATES/ORISSA/ORISSA_VILLAGES.geojson,geojson,Polygon,unknown,52665,possible_state_or_ap,b_pan_name;block_name;d_pan_name;dist_lgd;dtcode11;dtname;gp_name;sdtcode11;sdtname;search_village;stname;subdt_lgd;vilname11,JSON/GeoJSON inspected without officiality assumption
data/raw/boundaries/datta07_indian_shapefiles,data/raw/boundaries/datta07_indian_shapefiles/STATES/ORISSA/ORISSA_parliament.geojson,geojson,Polygon,EPSG:4326,21,possible_state_or_ap,PC_NAME;ST_NAME,JSON/GeoJSON inspected without officiality assumption
data/raw/boundaries/datta07_indian_shapefiles,data/raw/boundaries/datta07_indian_shapefiles/STATES/PUDUCHERRY/PONDICHERRY District Hq.geojson,geojson,Point,EPSG:4326,4,possible_district,DIST_HQ;DIST_HQNM;DTCODE11;DTNAME;Dist_LGD;LOC_NAME;STNAME,JSON/GeoJSON inspected without officiality assumption
data/raw/boundaries/datta07_indian_shapefiles,data/raw/boundaries/datta07_indian_shapefiles/STATES/PUDUCHERRY/PUDUCHERRY Sub District Hq.geojson,geojson,Point,EPSG:4326,8,possible_district,DTCODE11;LOC_NAME;NAME11;SDTCODE11;dtname;stname,JSON/GeoJSON inspected without officiality assumption
data/raw/boundaries/datta07_indian_shapefiles,data/raw/boundaries/datta07_indian_shapefiles/STATES/PUDUCHERRY/PUDUCHERRY_ASSEMBLY.geojson,geojson,MultiPolygon;Polygon,EPSG:4326,30,possible_state_or_ap,AC_NAME;DIST_NAME;DT_CODE;PC_NAME;ST_NAME;dtcode11;dtname11,JSON/GeoJSON inspected without officiality assumption
data/raw/boundaries/datta07_indian_shapefiles,data/raw/boundaries/datta07_indian_shapefiles/STATES/PUDUCHERRY/PUDUCHERRY_DISTRICTS.geojson,geojson,MultiPolygon;Polygon,EPSG:4326,4,possible_district,Dist_LGD;dtcode11;dtname;stname,JSON/GeoJSON inspected without officiality assumption
data/raw/boundaries/datta07_indian_shapefiles,data/raw/boundaries/datta07_indian_shapefiles/STATES/PUDUCHERRY/PUDUCHERRY_STATE.geojson,geojson,MultiPolygon,EPSG:4326,1,possible_state_or_ap,STNAME;STNAME_SH,JSON/GeoJSON inspected without officiality assumption
data/raw/boundaries/datta07_indian_shapefiles,data/raw/boundaries/datta07_indian_shapefiles/STATES/PUDUCHERRY/PUDUCHERRY_SUBDISTRICTS.geojson,geojson,MultiPolygon;Polygon,EPSG:4326,8,possible_mandal_or_subdistrict,Dist_LGD;Subdt_LGD;dtcode11;dtname;sdtcode11;sdtname;stname,JSON/GeoJSON inspected without officiality assumption
data/raw/boundaries/datta07_indian_shapefiles,data/raw/boundaries/datta07_indian_shapefiles/STATES/PUDUCHERRY/PUDUCHERRY_VILLAGES.geojson,geojson,Polygon,unknown,130,possible_state_or_ap,b_pan_name;block_name;d_pan_name;dist_lgd;dtcode11;dtname;gp_name;sdtcode11;sdtname;search_village;stname;subdt_lgd;vilname11,JSON/GeoJSON inspected without officiality assumption
data/raw/boundaries/datta07_indian_shapefiles,data/raw/boundaries/datta07_indian_shapefiles/STATES/PUDUCHERRY/PUDUCHERRY_parliament.geojson,geojson,MultiPolygon,EPSG:4326,1,possible_state_or_ap,PC_NAME;ST_NAME,JSON/GeoJSON inspected without officiality assumption
data/raw/boundaries/datta07_indian_shapefiles,data/raw/boundaries/datta07_indian_shapefiles/STATES/PUNJAB/PUNJAB District Hq.geojson,geojson,Point,EPSG:4326,22,possible_district,DIST_HQ;DIST_HQNM;DTCODE11;DTNAME;Dist_LGD;LOC_NAME;STNAME,JSON/GeoJSON inspected without officiality assumption
data/raw/boundaries/datta07_indian_shapefiles,data/raw/boundaries/datta07_indian_shapefiles/STATES/PUNJAB/PUNJAB Sub District Hq.geojson,geojson,Point,EPSG:4326,77,possible_district,DTCODE11;LOC_NAME;NAME11;SDTCODE11;dtname;stname,JSON/GeoJSON inspected without officiality assumption
data/raw/boundaries/datta07_indian_shapefiles,data/raw/boundaries/datta07_indian_shapefiles/STATES/PUNJAB/PUNJAB_ASSEMBLY.geojson,geojson,MultiPolygon;Polygon,EPSG:4326,117,possible_state_or_ap,AC_NAME;DIST_NAME;DT_CODE;PC_NAME;ST_NAME;dtcode11;dtname11,JSON/GeoJSON inspected without officiality assumption
data/raw/boundaries/datta07_indian_shapefiles,data/raw/boundaries/datta07_indian_shapefiles/STATES/PUNJAB/PUNJAB_DISTRICTS.geojson,geojson,MultiPolygon;Polygon,EPSG:4326,22,possible_district,Dist_LGD;dtcode11;dtname;stname,JSON/GeoJSON inspected without officiality assumption
data/raw/boundaries/datta07_indian_shapefiles,data/raw/boundaries/datta07_indian_shapefiles/STATES/PUNJAB/PUNJAB_STATE.geojson,geojson,Polygon,EPSG:4326,1,possible_state_or_ap,STNAME;STNAME_SH,JSON/GeoJSON inspected without officiality assumption
data/raw/boundaries/datta07_indian_shapefiles,data/raw/boundaries/datta07_indian_shapefiles/STATES/PUNJAB/PUNJAB_SUBDISTRICTS.geojson,geojson,MultiPolygon;Polygon,EPSG:4326,78,possible_mandal_or_subdistrict,Dist_LGD;Subdt_LGD;dtcode11;dtname;sdtcode11;sdtname;stname,JSON/GeoJSON inspected without officiality assumption
data/raw/boundaries/datta07_indian_shapefiles,data/raw/boundaries/datta07_indian_shapefiles/STATES/PUNJAB/PUNJAB_VILLAGES.geojson,geojson,Polygon,unknown,12956,possible_state_or_ap,b_pan_name;block_name;d_pan_name;dist_lgd;dtcode11;dtname;gp_name;sdtcode11;sdtname;search_village;stname;subdt_lgd;vilname11,JSON/GeoJSON inspected without officiality assumption
data/raw/boundaries/datta07_indian_shapefiles,data/raw/boundaries/datta07_indian_shapefiles/STATES/PUNJAB/PUNJAB_parliament.geojson,geojson,MultiPolygon;Polygon,EPSG:4326,13,possible_state_or_ap,PC_NAME;ST_NAME,JSON/GeoJSON inspected without officiality assumption
data/raw/boundaries/datta07_indian_shapefiles,data/raw/boundaries/datta07_indian_shapefiles/STATES/RAJASTHAN/RAJASTHAN District Hq.geojson,geojson,Point,EPSG:4326,33,possible_district,DIST_HQ;DIST_HQNM;DTCODE11;DTNAME;Dist_LGD;LOC_NAME;STNAME,JSON/GeoJSON inspected without officiality assumption
data/raw/boundaries/datta07_indian_shapefiles,data/raw/boundaries/datta07_indian_shapefiles/STATES/RAJASTHAN/RAJASTHAN Sub District Hq.geojson,geojson,Point,EPSG:4326,244,possible_district,DTCODE11;LOC_NAME;NAME11;SDTCODE11;dtname;stname,JSON/GeoJSON inspected without officiality assumption
data/raw/boundaries/datta07_indian_shapefiles,data/raw/boundaries/datta07_indian_shapefiles/STATES/RAJASTHAN/RAJASTHAN_ASSEMBLY.geojson,geojson,MultiPolygon;Polygon,EPSG:4326,201,possible_state_or_ap,AC_NAME;DIST_NAME;DT_CODE;PC_NAME;ST_NAME;dtcode11;dtname11,JSON/GeoJSON inspected without officiality assumption
data/raw/boundaries/datta07_indian_shapefiles,data/raw/boundaries/datta07_indian_shapefiles/STATES/RAJASTHAN/RAJASTHAN_DISTRICTS.geojson,geojson,MultiPolygon;Polygon,EPSG:4326,33,possible_district,Dist_LGD;dtcode11;dtname;stname,JSON/GeoJSON inspected without officiality assumption
data/raw/boundaries/datta07_indian_shapefiles,data/raw/boundaries/datta07_indian_shapefiles/STATES/RAJASTHAN/RAJASTHAN_STATE.geojson,geojson,Polygon,EPSG:4326,1,possible_state_or_ap,STNAME;STNAME_SH,JSON/GeoJSON inspected without officiality assumption
data/raw/boundaries/datta07_indian_shapefiles,data/raw/boundaries/datta07_indian_shapefiles/STATES/RAJASTHAN/RAJASTHAN_SUBDISTRICTS.geojson,geojson,MultiPolygon;Polygon,EPSG:4326,314,possible_mandal_or_subdistrict,Dist_LGD;Subdt_LGD;dtcode11;dtname;sdtcode11;sdtname;stname,JSON/GeoJSON inspected without officiality assumption
data/raw/boundaries/datta07_indian_shapefiles,data/raw/boundaries/datta07_indian_shapefiles/STATES/RAJASTHAN/RAJASTHAN_VILLAGES.geojson,geojson,Polygon,unknown,40103,possible_state_or_ap,b_pan_name;block_name;d_pan_name;dist_lgd;dtcode11;dtname;gp_name;sdtcode11;sdtname;search_village;stname;subdt_lgd;vilname11,JSON/GeoJSON inspected without officiality assumption
data/raw/boundaries/datta07_indian_shapefiles,data/raw/boundaries/datta07_indian_shapefiles/STATES/RAJASTHAN/RAJASTHAN_parliament.geojson,geojson,MultiPolygon;Polygon,EPSG:4326,25,possible_state_or_ap,PC_NAME;ST_NAME,JSON/GeoJSON inspected without officiality assumption
data/raw/boundaries/datta07_indian_shapefiles,data/raw/boundaries/datta07_indian_shapefiles/STATES/SIKKIM/SIKKIM District Hq.geojson,geojson,Point,unknown,6,possible_district,dist_hq;dist_hq_local;dist_hqnm;dist_lgd;dtcode11;dtname;stname,JSON/GeoJSON inspected without officiality assumption
data/raw/boundaries/datta07_indian_shapefiles,data/raw/boundaries/datta07_indian_shapefiles/STATES/SIKKIM/SIKKIM Sub District Hq.geojson,geojson,Point,unknown,9,possible_district,dt_lgd;dtcode11;dtname;name11;sdtcode11;sdtlgd;sdtname_l;stname,JSON/GeoJSON inspected without officiality assumption
data/raw/boundaries/datta07_indian_shapefiles,data/raw/boundaries/datta07_indian_shapefiles/STATES/SIKKIM/SIKKIM_ASSEMBLY.geojson,geojson,MultiPolygon;Polygon,EPSG:4326,38,possible_state_or_ap,AC_NAME;DIST_NAME;DT_CODE;PC_NAME;ST_NAME;dtcode11;dtname11,JSON/GeoJSON inspected without officiality assumption
data/raw/boundaries/datta07_indian_shapefiles,data/raw/boundaries/datta07_indian_shapefiles/STATES/SIKKIM/SIKKIM_DISTRICTS.geojson,geojson,Polygon,unknown,6,possible_district,dist_code;district,JSON/GeoJSON inspected without officiality assumption
data/raw/boundaries/datta07_indian_shapefiles,data/raw/boundaries/datta07_indian_shapefiles/STATES/SIKKIM/SIKKIM_STATE.geojson,geojson,Polygon,EPSG:4326,1,possible_state_or_ap,STNAME;STNAME_SH,JSON/GeoJSON inspected without officiality assumption
data/raw/boundaries/datta07_indian_shapefiles,data/raw/boundaries/datta07_indian_shapefiles/STATES/SIKKIM/SIKKIM_SUBDISTRICTS.geojson,geojson,Polygon,unknown,9,possible_mandal_or_subdistrict,dist_lgd;dtcode11;dtname;sdtcode11;sdtname;stname;subdt_lgd,JSON/GeoJSON inspected without officiality assumption
data/raw/boundaries/datta07_indian_shapefiles,data/raw/boundaries/datta07_indian_shapefiles/STATES/SIKKIM/SIKKIM_parliament.geojson,geojson,Polygon,EPSG:4326,1,possible_state_or_ap,PC_NAME;ST_NAME,JSON/GeoJSON inspected without officiality assumption
data/raw/boundaries/datta07_indian_shapefiles,data/raw/boundaries/datta07_indian_shapefiles/STATES/TAMIL NADU/TAMIL NADU District Hq.geojson,geojson,Point,EPSG:4326,32,possible_district,DIST_HQ;DIST_HQNM;DTCODE11;DTNAME;Dist_LGD;LOC_NAME;STNAME,JSON/GeoJSON inspected without officiality assumption
data/raw/boundaries/datta07_indian_shapefiles,data/raw/boundaries/datta07_indian_shapefiles/STATES/TAMIL NADU/TAMIL NADU Sub District Hq.geojson,geojson,Point,EPSG:4326,215,possible_district,DTCODE11;LOC_NAME;NAME11;SDTCODE11;dtname;stname,JSON/GeoJSON inspected without officiality assumption
data/raw/boundaries/datta07_indian_shapefiles,data/raw/boundaries/datta07_indian_shapefiles/STATES/TAMIL NADU/TAMIL NADU VILLAGES.geojson,geojson,MultiPolygon;Polygon,unknown,17576,possible_state_or_ap,DTCODE11;DTNAME;SDTCODE11;SDTNAME;STNAME;VILNAME11,JSON/GeoJSON inspected without officiality assumption
data/raw/boundaries/datta07_indian_shapefiles,data/raw/boundaries/datta07_indian_shapefiles/STATES/TAMIL NADU/TAMIL NADU_ASSEMBLY.geojson,geojson,MultiPolygon;Polygon,EPSG:4326,235,possible_state_or_ap,AC_NAME;DIST_NAME;DT_CODE;PC_NAME;ST_NAME;dtcode11;dtname11,JSON/GeoJSON inspected without officiality assumption
data/raw/boundaries/datta07_indian_shapefiles,data/raw/boundaries/datta07_indian_shapefiles/STATES/TAMIL NADU/TAMIL NADU_DISTRICTS.geojson,geojson,MultiPolygon;Polygon,unknown,38,possible_district,dist;dist_lgd;dtcode11;dtname;stname,JSON/GeoJSON inspected without officiality assumption
data/raw/boundaries/datta07_indian_shapefiles,data/raw/boundaries/datta07_indian_shapefiles/STATES/TAMIL NADU/TAMIL NADU_STATE.geojson,geojson,MultiPolygon,EPSG:4326,1,possible_state_or_ap,STNAME;STNAME_SH,JSON/GeoJSON inspected without officiality assumption
data/raw/boundaries/datta07_indian_shapefiles,data/raw/boundaries/datta07_indian_shapefiles/STATES/TAMIL NADU/TAMIL NADU_VILLAGES.geojson,geojson,Polygon,unknown,18165,possible_state_or_ap,b_pan_name;block_name;d_pan_name;dist_lgd;dtcode11;dtname;gp_name;sdtcode11;sdtname;search_village;stname;subdt_lgd;vilname11,JSON/GeoJSON inspected without officiality assumption
data/raw/boundaries/datta07_indian_shapefiles,data/raw/boundaries/datta07_indian_shapefiles/STATES/TAMIL NADU/TAMIL NADU_parliament.geojson,geojson,MultiPolygon;Polygon,EPSG:4326,39,possible_state_or_ap,PC_NAME;ST_NAME,JSON/GeoJSON inspected without officiality assumption
data/raw/boundaries/datta07_indian_shapefiles,data/raw/boundaries/datta07_indian_shapefiles/STATES/TAMIL NADU/TAMILNADU_SUBDISTRICTS.geojson,geojson,MultiPolygon;Polygon,EPSG:4326,216,possible_mandal_or_subdistrict,Dist_LGD;Subdt_LGD;dtcode11;dtname;sdtcode11;sdtname;stname,JSON/GeoJSON inspected without officiality assumption
data/raw/boundaries/datta07_indian_shapefiles,data/raw/boundaries/datta07_indian_shapefiles/STATES/TELANGANA/TELANGANA District Hq.geojson,geojson,Point,EPSG:4326,33,possible_district,DIST_HQ;DIST_HQNM;DTCODE11;DTNAME;Dist_LGD;LOC_NAME;STNAME,JSON/GeoJSON inspected without officiality assumption
data/raw/boundaries/datta07_indian_shapefiles,data/raw/boundaries/datta07_indian_shapefiles/STATES/TELANGANA/TELANGANA Sub District Hq.geojson,geojson,Point,EPSG:4326,459,possible_district,DTCODE11;LOC_NAME;NAME11;SDTCODE11;dtname;stname,JSON/GeoJSON inspected without officiality assumption
data/raw/boundaries/datta07_indian_shapefiles,data/raw/boundaries/datta07_indian_shapefiles/STATES/TELANGANA/TELANGANA_ASSEMBLY.geojson,geojson,Polygon,EPSG:4326,120,possible_state_or_ap,AC_NAME;DIST_NAME;DT_CODE;PC_NAME;ST_NAME;dtcode11;dtname11,JSON/GeoJSON inspected without officiality assumption
data/raw/boundaries/datta07_indian_shapefiles,data/raw/boundaries/datta07_indian_shapefiles/STATES/TELANGANA/TELANGANA_DISTRICTS.geojson,geojson,MultiPolygon;Polygon,EPSG:4326,33,possible_district,Dist_LGD;dtcode11;dtname;stname,JSON/GeoJSON inspected without officiality assumption
data/raw/boundaries/datta07_indian_shapefiles,data/raw/boundaries/datta07_indian_shapefiles/STATES/TELANGANA/TELANGANA_STATE.geojson,geojson,Polygon,EPSG:4326,1,possible_state_or_ap,STNAME;STNAME_SH,JSON/GeoJSON inspected without officiality assumption
data/raw/boundaries/datta07_indian_shapefiles,data/raw/boundaries/datta07_indian_shapefiles/STATES/TELANGANA/TELANGANA_SUBDISTRICTS.geojson,geojson,MultiPolygon;Polygon,EPSG:4326,460,possible_mandal_or_subdistrict,Dist_LGD;Subdt_LGD;dtcode11;dtname;sdtcode11;sdtname;stname,JSON/GeoJSON inspected without officiality assumption
data/raw/boundaries/datta07_indian_shapefiles,data/raw/boundaries/datta07_indian_shapefiles/STATES/TELANGANA/TELANGANA_VILLAGES.geojson,geojson,Polygon,unknown,10739,possible_state_or_ap,b_pan_name;block_name;d_pan_name;dist_lgd;dtcode11;dtname;gp_name;sdtcode11;sdtname;search_village;stname;subdt_lgd;vilname11,JSON/GeoJSON inspected without officiality assumption
data/raw/boundaries/datta07_indian_shapefiles,data/raw/boundaries/datta07_indian_shapefiles/STATES/TELANGANA/TELANGANA_parliament.geojson,geojson,Polygon,EPSG:4326,17,possible_state_or_ap,PC_NAME;ST_NAME,JSON/GeoJSON inspected without officiality assumption
data/raw/boundaries/datta07_indian_shapefiles,data/raw/boundaries/datta07_indian_shapefiles/STATES/TRIPURA/TRIPURA District Hq.geojson,geojson,Point,EPSG:4326,8,possible_district,DIST_HQ;DIST_HQNM;DTCODE11;DTNAME;Dist_LGD;LOC_NAME;STNAME,JSON/GeoJSON inspected without officiality assumption
data/raw/boundaries/datta07_indian_shapefiles,data/raw/boundaries/datta07_indian_shapefiles/STATES/TRIPURA/TRIPURA Sub District Hq.geojson,geojson,Point,EPSG:4326,40,possible_district,DTCODE11;LOC_NAME;NAME11;SDTCODE11;dtname;stname,JSON/GeoJSON inspected without officiality assumption
data/raw/boundaries/datta07_indian_shapefiles,data/raw/boundaries/datta07_indian_shapefiles/STATES/TRIPURA/TRIPURA_ASSEMBLY.geojson,geojson,MultiPolygon;Polygon,EPSG:4326,60,possible_state_or_ap,AC_NAME;DIST_NAME;DT_CODE;PC_NAME;ST_NAME;dtcode11;dtname11,JSON/GeoJSON inspected without officiality assumption
data/raw/boundaries/datta07_indian_shapefiles,data/raw/boundaries/datta07_indian_shapefiles/STATES/TRIPURA/TRIPURA_DISTRICTS.geojson,geojson,Polygon,EPSG:4326,8,possible_district,Dist_LGD;dtcode11;dtname;stname,JSON/GeoJSON inspected without officiality assumption
data/raw/boundaries/datta07_indian_shapefiles,data/raw/boundaries/datta07_indian_shapefiles/STATES/TRIPURA/TRIPURA_STATE.geojson,geojson,Polygon,EPSG:4326,1,possible_state_or_ap,STNAME;STNAME_SH,JSON/GeoJSON inspected without officiality assumption
data/raw/boundaries/datta07_indian_shapefiles,data/raw/boundaries/datta07_indian_shapefiles/STATES/TRIPURA/TRIPURA_SUBDISTRICTS.geojson,geojson,MultiPolygon;Polygon,EPSG:4326,40,possible_mandal_or_subdistrict,Dist_LGD;Subdt_LGD;dtcode11;dtname;sdtcode11;sdtname;stname,JSON/GeoJSON inspected without officiality assumption
data/raw/boundaries/datta07_indian_shapefiles,data/raw/boundaries/datta07_indian_shapefiles/STATES/TRIPURA/TRIPURA_VILLAGES.geojson,geojson,Polygon,unknown,880,possible_state_or_ap,b_pan_name;block_name;d_pan_name;dist_lgd;dtcode11;dtname;gp_name;sdtcode11;sdtname;search_village;stname;subdt_lgd;vilname11,JSON/GeoJSON inspected without officiality assumption
data/raw/boundaries/datta07_indian_shapefiles,data/raw/boundaries/datta07_indian_shapefiles/STATES/TRIPURA/TRIPURA_parliament.geojson,geojson,MultiPolygon;Polygon,EPSG:4326,2,possible_state_or_ap,PC_NAME;ST_NAME,JSON/GeoJSON inspected without officiality assumption
data/raw/boundaries/datta07_indian_shapefiles,data/raw/boundaries/datta07_indian_shapefiles/STATES/UTTAR PRADESH/UTTAR PRADESH District Hq.geojson,geojson,Point,EPSG:4326,75,possible_district,DIST_HQ;DIST_HQNM;DTCODE11;DTNAME;Dist_LGD;LOC_NAME;STNAME,JSON/GeoJSON inspected without officiality assumption
data/raw/boundaries/datta07_indian_shapefiles,data/raw/boundaries/datta07_indian_shapefiles/STATES/UTTAR PRADESH/UTTAR PRADESH Sub District Hq.geojson,geojson,Point,EPSG:4326,312,possible_district,DTCODE11;LOC_NAME;NAME11;SDTCODE11;dtname;stname,JSON/GeoJSON inspected without officiality assumption
data/raw/boundaries/datta07_indian_shapefiles,data/raw/boundaries/datta07_indian_shapefiles/STATES/UTTAR PRADESH/UTTAR PRADESH_ASSEMBLY.geojson,geojson,MultiPolygon;Polygon,EPSG:4326,403,possible_state_or_ap,AC_NAME;DIST_NAME;DT_CODE;PC_NAME;ST_NAME;dtcode11;dtname11,JSON/GeoJSON inspected without officiality assumption
data/raw/boundaries/datta07_indian_shapefiles,data/raw/boundaries/datta07_indian_shapefiles/STATES/UTTAR PRADESH/UTTAR PRADESH_DISTRICTS.geojson,geojson,MultiPolygon;Polygon,EPSG:4326,75,possible_district,Dist_LGD;dtcode11;dtname;stname,JSON/GeoJSON inspected without officiality assumption
data/raw/boundaries/datta07_indian_shapefiles,data/raw/boundaries/datta07_indian_shapefiles/STATES/UTTAR PRADESH/UTTAR PRADESH_STATE.geojson,geojson,MultiPolygon,EPSG:4326,1,possible_state_or_ap,STNAME;STNAME_SH,JSON/GeoJSON inspected without officiality assumption
data/raw/boundaries/datta07_indian_shapefiles,data/raw/boundaries/datta07_indian_shapefiles/STATES/UTTAR PRADESH/UTTAR PRADESH_SUBDISTRICTS.geojson,geojson,MultiPolygon;Polygon,EPSG:4326,310,possible_mandal_or_subdistrict,Dist_LGD;Subdt_LGD;dtcode11;dtname;sdtcode11;sdtname;stname,JSON/GeoJSON inspected without officiality assumption
data/raw/boundaries/datta07_indian_shapefiles,data/raw/boundaries/datta07_indian_shapefiles/STATES/UTTAR PRADESH/UTTAR PRADESH_VILLAGES.geojson,geojson,Polygon,unknown,101753,possible_state_or_ap,b_pan_name;block_name;d_pan_name;dist_lgd;dtcode11;dtname;gp_name;sdtcode11;sdtname;search_village;stname;subdt_lgd;vilname11,JSON/GeoJSON inspected without officiality assumption
data/raw/boundaries/datta07_indian_shapefiles,data/raw/boundaries/datta07_indian_shapefiles/STATES/UTTAR PRADESH/UTTAR PRADESH_parliament.geojson,geojson,MultiPolygon;Polygon,EPSG:4326,80,possible_state_or_ap,PC_NAME;ST_NAME,JSON/GeoJSON inspected without officiality assumption
data/raw/boundaries/datta07_indian_shapefiles,data/raw/boundaries/datta07_indian_shapefiles/STATES/UTTARAKHAND/UTTARAKHAND Sub District Hq.geojson,geojson,Point,EPSG:4326,78,possible_district,DTCODE11;LOC_NAME;NAME11;SDTCODE11;dtname;stname,JSON/GeoJSON inspected without officiality assumption
data/raw/boundaries/datta07_indian_shapefiles,data/raw/boundaries/datta07_indian_shapefiles/STATES/UTTARAKHAND/UTTARAKHAND_DISTRICTS.geojson,geojson,Polygon,EPSG:4326,13,possible_district,Dist_LGD;dtcode11;dtname;stname,JSON/GeoJSON inspected without officiality assumption
data/raw/boundaries/datta07_indian_shapefiles,data/raw/boundaries/datta07_indian_shapefiles/STATES/UTTARAKHAND/UTTARAKHAND_STATE.geojson,geojson,Polygon,EPSG:4326,1,possible_state_or_ap,STNAME;STNAME_SH,JSON/GeoJSON inspected without officiality assumption
data/raw/boundaries/datta07_indian_shapefiles,data/raw/boundaries/datta07_indian_shapefiles/STATES/UTTARAKHAND/UTTARAKHAND_SUBDISTRICTS.geojson,geojson,MultiPolygon;Polygon,EPSG:4326,77,possible_mandal_or_subdistrict,Dist_LGD;Subdt_LGD;dtcode11;dtname;sdtcode11;sdtname;stname,JSON/GeoJSON inspected without officiality assumption
data/raw/boundaries/datta07_indian_shapefiles,data/raw/boundaries/datta07_indian_shapefiles/STATES/UTTARAKHAND/UTTARAKHAND_VILLAGES.geojson,geojson,Polygon,unknown,17802,possible_state_or_ap,b_pan_name;block_name;d_pan_name;dist_lgd;dtcode11;dtname;gp_name;sdtcode11;sdtname;search_village;stname;subdt_lgd;vilname11,JSON/GeoJSON inspected without officiality assumption
data/raw/boundaries/datta07_indian_shapefiles,data/raw/boundaries/datta07_indian_shapefiles/STATES/UTTARAKHAND/UTTARAKHAND_parliament.geojson,geojson,Polygon,EPSG:4326,5,possible_state_or_ap,PC_NAME;ST_NAME,JSON/GeoJSON inspected without officiality assumption
data/raw/boundaries/datta07_indian_shapefiles,data/raw/boundaries/datta07_indian_shapefiles/STATES/UTTARAKHAND/UTTARANCHAL District Hq.geojson,geojson,Point,EPSG:4326,13,possible_district,DIST_HQ;DIST_HQNM;DTCODE11;DTNAME;Dist_LGD;LOC_NAME;STNAME,JSON/GeoJSON inspected without officiality assumption
data/raw/boundaries/datta07_indian_shapefiles,data/raw/boundaries/datta07_indian_shapefiles/STATES/UTTARAKHAND/UTTARKHAND_ASSEMBLY.geojson,geojson,Polygon,EPSG:4326,70,possible_state_or_ap,AC_NAME;DIST_NAME;DT_CODE;PC_NAME;ST_NAME;dtcode11;dtname11,JSON/GeoJSON inspected without officiality assumption
data/raw/boundaries/datta07_indian_shapefiles,data/raw/boundaries/datta07_indian_shapefiles/STATES/WEST BENGAL/WEST BENGAL District Hq.geojson,geojson,Point,EPSG:4326,23,possible_district,DIST_HQ;DIST_HQNM;DTCODE11;DTNAME;Dist_LGD;LOC_NAME;STNAME,JSON/GeoJSON inspected without officiality assumption
data/raw/boundaries/datta07_indian_shapefiles,data/raw/boundaries/datta07_indian_shapefiles/STATES/WEST BENGAL/WEST BENGAL Sub District Hq.geojson,geojson,Point,EPSG:4326,344,possible_district,DTCODE11;LOC_NAME;NAME11;SDTCODE11;dtname;stname,JSON/GeoJSON inspected without officiality assumption
data/raw/boundaries/datta07_indian_shapefiles,data/raw/boundaries/datta07_indian_shapefiles/STATES/WEST BENGAL/WEST BENGAL_ASSEMBLY.geojson,geojson,MultiPolygon;Polygon,EPSG:4326,294,possible_state_or_ap,AC_NAME;DIST_NAME;DT_CODE;PC_NAME;ST_NAME;dtcode11;dtname11,JSON/GeoJSON inspected without officiality assumption
data/raw/boundaries/datta07_indian_shapefiles,data/raw/boundaries/datta07_indian_shapefiles/STATES/WEST BENGAL/WEST BENGAL_DISTRICTS.geojson,geojson,MultiPolygon;Polygon,EPSG:4326,23,possible_district,Dist_LGD;dtcode11;dtname;stname,JSON/GeoJSON inspected without officiality assumption
data/raw/boundaries/datta07_indian_shapefiles,data/raw/boundaries/datta07_indian_shapefiles/STATES/WEST BENGAL/WEST BENGAL_STATE.geojson,geojson,MultiPolygon,EPSG:4326,1,possible_state_or_ap,STNAME;STNAME_SH,JSON/GeoJSON inspected without officiality assumption
data/raw/boundaries/datta07_indian_shapefiles,data/raw/boundaries/datta07_indian_shapefiles/STATES/WEST BENGAL/WEST BENGAL_SUBDISTRICTS.geojson,geojson,MultiPolygon;Polygon,EPSG:4326,347,possible_mandal_or_subdistrict,Dist_LGD;Subdt_LGD;dtcode11;dtname;sdtcode11;sdtname;stname,JSON/GeoJSON inspected without officiality assumption
data/raw/boundaries/datta07_indian_shapefiles,data/raw/boundaries/datta07_indian_shapefiles/STATES/WEST BENGAL/WEST BENGAL_VILLAGES.geojson,geojson,Polygon,unknown,40911,possible_state_or_ap,b_pan_name;block_name;d_pan_name;dist_lgd;dtcode11;dtname;gp_name;sdtcode11;sdtname;search_village;stname;subdt_lgd;vilname11,JSON/GeoJSON inspected without officiality assumption
data/raw/boundaries/datta07_indian_shapefiles,data/raw/boundaries/datta07_indian_shapefiles/STATES/WEST BENGAL/WEST BENGAL_parliament.geojson,geojson,MultiPolygon;Polygon,EPSG:4326,42,possible_state_or_ap,PC_NAME;ST_NAME,JSON/GeoJSON inspected without officiality assumption
